instrument,sector,Year,q,ESGscore,Firm_Size,Leverage
A,Manufacturing,2003,2.0664,28.49,8.748,0.4072
A,Manufacturing,2004,1.8926,52.43,8.862,0.3222
A,Manufacturing,2005,2.385,62.45,8.817,0.0
A,Manufacturing,2006,2.1746,69.63,8.905,0.4112
A,Manufacturing,2007,2.0812,69.63,8.93,0.6453
A,Manufacturing,2008,1.33,78.14,8.914,0.8304
A,Manufacturing,2009,1.5065,72.79,8.937,1.1588
A,Manufacturing,2010,1.623,75.0,9.179,1.1434
A,Manufacturing,2011,1.659,78.09,9.111,0.5072
A,Manufacturing,2012,1.4077,77.18,9.263,0.4558
A,Manufacturing,2013,1.831,76.94,9.277,0.5106
A,Manufacturing,2014,1.9646,82.98,9.29,0.5213
A,Manufacturing,2015,1.8975,78.09,8.92,0.3972
A,Manufacturing,2016,2.0514,88.48,8.962,0.4506
A,Manufacturing,2017,2.8382,87.65,9.039,0.4163
A,Manufacturing,2018,2.6207,89.3,9.053,0.3939
A,Manufacturing,2019,2.7316,87.89,9.154,0.507
A,Manufacturing,2020,3.5106,86.64,9.172,0.5206
A,Manufacturing,2021,4.718,87.75,9.278,0.5402
A,Manufacturing,2022,4.1559,87.75,9.262,0.5506
A,Manufacturing,2023,3.075,81.87,9.284,0.496
AAPL,Manufacturing,2005,3.8755,51.75,9.355,0.0
AAPL,Manufacturing,2006,3.8267,44.98,9.753,0.0
AAPL,Manufacturing,2007,5.2817,37.28,10.14,0.0
AAPL,Manufacturing,2008,2.5515,52.82,10.586,0.0
AAPL,Manufacturing,2009,3.5111,61.93,10.769,0.0
AAPL,Manufacturing,2010,3.457,59.89,11.228,0.0
AAPL,Manufacturing,2011,3.045,52.64,11.665,0.0
AAPL,Manufacturing,2012,3.5587,56.55,12.079,0.0
AAPL,Manufacturing,2013,2.1529,60.3,12.24,0.1373
AAPL,Manufacturing,2014,2.7015,56.17,12.354,0.3164
AAPL,Manufacturing,2015,2.3403,54.21,12.579,0.5401
AAPL,Manufacturing,2016,2.1458,61.56,12.681,0.6786
AAPL,Manufacturing,2017,2.4132,68.11,12.836,0.863
AAPL,Manufacturing,2018,3.248,70.74,12.81,1.0685
AAPL,Manufacturing,2019,3.2589,68.99,12.732,1.194
AAPL,Manufacturing,2020,6.4478,75.61,12.688,1.8714
AAPL,Manufacturing,2021,7.0111,82.25,12.769,2.1639
AAPL,Manufacturing,2022,6.6218,77.76,12.774,2.6145
AAPL,Manufacturing,2023,7.9024,77.76,12.773,1.9942
ABBV,Manufacturing,2013,3.3753,45.17,10.282,3.2776
ABBV,Manufacturing,2014,4.3254,61.33,10.224,8.6171
ABBV,Manufacturing,2015,2.3947,67.86,10.879,8.0281
ABBV,Manufacturing,2016,2.0661,75.12,11.099,7.9469
ABBV,Manufacturing,2017,2.7031,79.91,11.167,7.3314
ABBV,Manufacturing,2020,1.8344,80.64,11.922,6.6582
ABBV,Manufacturing,2021,2.1634,80.25,11.895,5.0347
ABBV,Manufacturing,2022,2.5223,80.25,11.841,3.7204
ABBV,Manufacturing,2023,2.479,72.93,11.811,5.8191
ABNB,Information,2020,8.6062,25.77,9.258,0.8029
ABNB,Information,2021,7.8706,30.72,9.526,0.5064
ABNB,Information,2022,3.5098,30.72,9.683,0.421
ABNB,Information,2023,4.3188,37.33,9.935,0.2822
ABT,Manufacturing,2002,2.842,39.86,10.097,0.6022
ABT,Manufacturing,2003,2.9532,40.67,10.193,0.4582
ABT,Manufacturing,2004,2.7655,27.36,10.267,0.4733
ABT,Manufacturing,2005,2.3103,66.87,10.28,0.4602
ABT,Manufacturing,2006,2.4128,52.78,10.496,0.8831
ABT,Manufacturing,2007,2.4989,64.65,10.589,0.687
ABT,Manufacturing,2008,2.2446,73.45,10.655,0.7072
ABT,Manufacturing,2009,1.9124,77.17,10.867,0.7216
ABT,Manufacturing,2010,1.5646,81.81,10.993,0.845
ABT,Manufacturing,2011,1.7207,83.65,11.007,0.6307
ABT,Manufacturing,2012,1.8405,80.57,11.116,0.7663
ABT,Manufacturing,2013,1.5342,77.12,10.668,0.2607
ABT,Manufacturing,2014,1.8349,73.54,10.628,0.3644
ABT,Manufacturing,2015,1.8217,80.14,10.627,0.4244
ABT,Manufacturing,2016,1.492,79.35,10.872,1.0715
ABT,Manufacturing,2017,1.6712,81.88,11.242,0.9038
ABT,Manufacturing,2018,2.1817,77.59,11.115,0.641
ABT,Manufacturing,2019,2.5364,80.4,11.126,0.6144
ABT,Manufacturing,2020,2.9473,81.8,11.192,0.6067
ABT,Manufacturing,2021,3.5577,80.82,11.228,0.5377
ABT,Manufacturing,2022,2.8042,80.82,11.218,0.4892
ABT,Manufacturing,2023,2.8238,83.28,11.201,0.4112
ACGL,Finance and Insurance,2008,0.3176,32.38,9.59,0.1165
ACGL,Finance and Insurance,2009,0.295,33.11,9.641,0.1428
ACGL,Finance and Insurance,2010,0.3059,29.38,9.666,0.1733
ACGL,Finance and Insurance,2011,0.3348,29.57,9.749,0.1714
ACGL,Finance and Insurance,2012,0.3535,21.76,9.788,0.084
ACGL,Finance and Insurance,2013,0.4538,28.61,9.882,0.1691
ACGL,Finance and Insurance,2014,0.3829,22.55,9.999,0.155
ACGL,Finance and Insurance,2015,0.4261,28.75,10.051,0.2248
ACGL,Finance and Insurance,2016,0.4475,24.54,10.288,0.3993
ACGL,Finance and Insurance,2017,0.452,33.19,10.375,0.3317
ACGL,Finance and Insurance,2018,0.4024,35.05,10.38,0.2552
ACGL,Finance and Insurance,2019,0.5271,40.28,10.542,0.24
ACGL,Finance and Insurance,2020,0.4123,40.28,10.675,0.2575
ACGL,Finance and Insurance,2021,0.4367,58.74,10.717,0.2242
ACGL,Finance and Insurance,2022,0.5444,58.74,10.779,0.2382
ACGL,Finance and Insurance,2023,0.5197,59.21,10.984,0.1645
ACN,"Professional, Scientific, and Technical Services",2004,1.8742,43.25,8.986,0.023
ACN,"Professional, Scientific, and Technical Services",2005,1.5623,32.44,9.1,0.0443
ACN,"Professional, Scientific, and Technical Services",2006,1.8339,37.34,9.15,0.0274
ACN,"Professional, Scientific, and Technical Services",2007,2.2875,37.34,9.282,0.0128
ACN,"Professional, Scientific, and Technical Services",2008,2.0452,69.07,9.425,0.0033
ACN,"Professional, Scientific, and Technical Services",2009,1.6775,72.66,9.414,0.0003
ACN,"Professional, Scientific, and Technical Services",2010,1.7824,78.31,9.46,0.0006
ACN,"Professional, Scientific, and Technical Services",2011,2.1854,74.21,9.663,0.0011
ACN,"Professional, Scientific, and Technical Services",2012,2.3411,71.7,9.721,0.0
ACN,"Professional, Scientific, and Technical Services",2013,2.726,72.91,9.733,0.0052
ACN,"Professional, Scientific, and Technical Services",2014,2.8428,72.55,9.794,0.0047
ACN,"Professional, Scientific, and Technical Services",2015,3.2359,86.85,9.813,0.0045
ACN,"Professional, Scientific, and Technical Services",2016,3.4647,78.81,9.933,0.0036
ACN,"Professional, Scientific, and Technical Services",2017,3.5485,82.26,10.03,0.0028
ACN,"Professional, Scientific, and Technical Services",2018,4.4201,78.32,10.104,0.0024
ACN,"Professional, Scientific, and Technical Services",2019,4.2301,79.14,10.302,0.0016
ACN,"Professional, Scientific, and Technical Services",2020,4.1976,80.38,10.521,0.205
ACN,"Professional, Scientific, and Technical Services",2021,5.0084,83.06,10.673,0.1796
ACN,"Professional, Scientific, and Technical Services",2022,3.9225,83.06,10.763,0.1504
ACN,"Professional, Scientific, and Technical Services",2023,4.0309,82.41,10.844,0.1226
ADBE,Information,2002,6.5135,46.95,6.958,0.0
ADBE,Information,2003,6.3305,56.08,7.349,0.0
ADBE,Information,2004,7.4883,56.08,7.58,0.0
ADBE,Information,2005,6.5309,49.65,7.8,0.0
ADBE,Information,2006,3.9552,46.41,8.693,0.0
ADBE,Information,2007,4.2143,55.93,8.651,0.0
ADBE,Information,2008,2.1531,57.13,8.669,0.0794
ADBE,Information,2009,2.6551,51.01,8.893,0.2045
ADBE,Information,2010,1.9009,51.01,9.005,0.2932
ADBE,Information,2011,1.6674,52.61,9.104,0.2618
ADBE,Information,2012,1.8658,68.6,9.208,0.2263
ADBE,Information,2013,2.8604,74.06,9.248,0.2251
ADBE,Information,2014,3.5388,70.26,9.286,0.2235
ADBE,Information,2015,4.0453,75.07,9.37,0.2724
ADBE,Information,2016,4.1486,75.07,9.45,0.2562
ADBE,Information,2017,6.2626,78.61,9.584,0.2224
ADBE,Information,2018,6.7386,78.57,9.84,0.4406
ADBE,Information,2019,7.3901,65.71,9.941,0.393
ADBE,Information,2020,9.6317,74.55,10.098,0.3549
ADBE,Information,2021,11.8517,74.55,10.212,0.3158
ADBE,Information,2022,6.0368,74.61,10.21,0.3297
ADBE,Information,2023,9.4728,69.48,10.302,0.247
ADI,Manufacturing,2005,2.7837,28.32,8.43,0.0
ADI,Manufacturing,2006,2.7296,43.14,8.291,0.0
ADI,Manufacturing,2007,3.4153,43.14,7.997,0.0
ADI,Manufacturing,2008,2.0123,44.54,8.036,0.0
ADI,Manufacturing,2009,2.3089,78.77,8.133,0.1501
ADI,Manufacturing,2010,2.4155,74.48,8.373,0.1252
ADI,Manufacturing,2011,2.2326,75.83,8.571,0.2335
ADI,Manufacturing,2012,2.244,75.83,8.634,0.1972
ADI,Manufacturing,2013,2.5395,71.47,8.761,0.184
ADI,Manufacturing,2014,2.3784,79.87,8.833,0.1834
ADI,Manufacturing,2015,2.7802,74.57,8.863,0.1722
ADI,Manufacturing,2016,2.6958,69.88,8.983,0.3353
ADI,Manufacturing,2017,1.9633,71.85,9.959,0.7726
ADI,Manufacturing,2018,1.8249,71.85,9.926,0.5763
ADI,Manufacturing,2019,2.0925,76.91,9.971,0.469
ADI,Manufacturing,2020,2.2949,73.31,9.974,0.4562
ADI,Manufacturing,2021,1.8779,72.83,10.865,0.1874
ADI,Manufacturing,2022,1.5819,67.96,10.826,0.1903
ADI,Manufacturing,2023,1.7512,67.96,10.795,0.2073
ADM,Manufacturing,2005,0.9724,25.67,9.831,0.4955
ADM,Manufacturing,2006,1.4926,28.96,9.965,0.4772
ADM,Manufacturing,2007,1.0575,29.94,10.131,0.4697
ADM,Manufacturing,2008,0.8846,45.12,10.52,0.8188
ADM,Manufacturing,2009,0.8039,57.11,10.36,0.6077
ADM,Manufacturing,2010,0.7622,59.87,10.359,0.5167
ADM,Manufacturing,2011,0.7276,52.22,10.65,0.5486
ADM,Manufacturing,2012,0.7165,56.27,10.635,0.5743
ADM,Manufacturing,2013,0.8107,57.71,10.686,0.3408
ADM,Manufacturing,2014,0.8816,54.6,10.693,0.2907
ADM,Manufacturing,2015,0.6898,51.57,10.601,0.3283
ADM,Manufacturing,2016,0.832,55.17,10.591,0.4036
ADM,Manufacturing,2017,0.7461,78.7,10.596,0.4092
ADM,Manufacturing,2018,0.7663,76.68,10.617,0.4419
ADM,Manufacturing,2019,0.8113,80.96,10.692,0.5142
ADM,Manufacturing,2020,0.786,80.96,10.814,0.5526
ADM,Manufacturing,2021,0.8628,82.66,10.936,0.4707
ADM,Manufacturing,2022,1.0218,82.66,10.998,0.4237
ADM,Manufacturing,2023,0.8538,75.4,10.908,0.3976
ADP,"Professional, Scientific, and Technical Services",2003,1.0198,25.34,9.895,0.0159
ADP,"Professional, Scientific, and Technical Services",2004,1.1678,26.67,9.958,0.0142
ADP,"Professional, Scientific, and Technical Services",2005,0.8845,26.67,10.226,0.0131
ADP,"Professional, Scientific, and Technical Services",2006,0.9288,50.59,10.222,0.0124
ADP,"Professional, Scientific, and Technical Services",2007,0.9762,27.16,10.191,0.0085
ADP,"Professional, Scientific, and Technical Services",2008,0.9032,22.19,10.075,0.0108
ADP,"Professional, Scientific, and Technical Services",2009,0.7319,33.28,10.141,0.1457
ADP,"Professional, Scientific, and Technical Services",2010,0.739,38.27,10.198,0.0078
ADP,"Professional, Scientific, and Technical Services",2011,0.7562,37.17,10.441,0.0062
ADP,"Professional, Scientific, and Technical Services",2012,0.8757,37.17,10.336,0.0057
ADP,"Professional, Scientific, and Technical Services",2013,1.038,41.55,10.382,0.0426
ADP,"Professional, Scientific, and Technical Services",2014,1.256,47.44,10.375,0.3279
ADP,"Professional, Scientific, and Technical Services",2015,1.1305,55.55,10.408,0.0024
ADP,"Professional, Scientific, and Technical Services",2016,1.0047,63.48,10.684,0.4485
ADP,"Professional, Scientific, and Technical Services",2017,1.2804,63.04,10.524,0.5055
ADP,"Professional, Scientific, and Technical Services",2018,1.6411,68.68,10.521,0.5795
ADP,"Professional, Scientific, and Technical Services",2019,1.7679,78.11,10.643,0.4198
ADP,"Professional, Scientific, and Technical Services",2020,1.6971,80.5,10.576,0.4273
ADP,"Professional, Scientific, and Technical Services",2021,1.7962,80.5,10.795,0.608
ADP,"Professional, Scientific, and Technical Services",2022,1.4427,75.96,11.052,1.1133
ADSK,Information,2001,2.528,42.56,6.805,0.0
ADSK,Information,2002,1.8981,34.01,6.784,0.0
ADSK,Information,2003,2.8217,33.65,6.925,0.0
ADSK,Information,2004,5.8527,19.26,7.041,0.0
ADSK,Information,2005,6.8485,37.32,7.216,0.0
ADSK,Information,2006,5.621,49.58,7.494,0.0
ADSK,Information,2007,4.2847,49.58,7.7,0.0
ADSK,Information,2008,1.57,66.03,7.792,0.0397
ADSK,Information,2009,2.225,67.99,7.803,0.0
ADSK,Information,2010,3.3127,64.46,7.933,0.0
ADSK,Information,2011,2.5195,68.23,8.08,0.0
ADSK,Information,2012,2.1909,75.21,8.368,0.3649
ADSK,Information,2013,2.6909,79.21,8.433,0.33
ADSK,Information,2014,2.6469,80.68,8.5,0.3367
ADSK,Information,2015,2.1747,80.68,8.615,0.9186
ADSK,Information,2016,4.0453,81.61,8.476,2.032
ADSK,Information,2020,8.658,81.71,8.893,2.1798
ADSK,Information,2021,6.6882,80.68,9.06,3.6038
ADSK,Information,2022,5.1839,81.35,9.152,2.3284
ADSK,Information,2023,5.7447,81.35,9.202,1.4156
AEE,Utilities,2002,0.9087,31.22,9.35,1.0523
AEE,Utilities,2003,0.8602,21.82,9.563,1.091
AEE,Utilities,2004,0.8987,32.8,9.766,1.014
AEE,Utilities,2005,0.8893,26.35,9.807,0.8897
AEE,Utilities,2006,0.8924,19.94,9.882,0.9678
AEE,Utilities,2007,0.9018,34.17,9.939,1.096
AEE,Utilities,2008,0.6695,48.15,10.028,1.1644
AEE,Utilities,2009,0.6222,39.69,10.077,1.04
AEE,Utilities,2010,0.6172,42.52,10.065,1.0009
AEE,Utilities,2011,0.6361,38.85,10.071,0.8845
AEE,Utilities,2012,0.661,46.85,9.991,1.0552
AEE,Utilities,2013,0.7213,45.83,9.954,0.9789
AEE,Utilities,2014,0.8002,38.81,10.029,1.0359
AEE,Utilities,2015,0.7641,45.4,10.071,1.0907
AEE,Utilities,2016,0.8325,45.4,10.115,1.1029
AEE,Utilities,2017,0.8761,45.4,10.164,1.1719
AEE,Utilities,2018,0.9181,45.87,10.212,1.1841
AEE,Utilities,2019,0.9934,43.46,10.273,1.2201
AEE,Utilities,2020,0.9787,39.68,10.374,1.2951
AEE,Utilities,2021,1.0228,41.83,10.484,1.4033
AEE,Utilities,2022,1.0129,41.83,10.543,1.4365
AEE,Utilities,2023,0.8761,43.97,10.617,1.4544
AEP,Utilities,2003,0.7277,43.48,10.512,1.865
AEP,Utilities,2004,0.7562,46.53,10.453,1.482
AEP,Utilities,2005,0.7489,41.49,10.496,1.374
AEP,Utilities,2006,0.8134,51.23,10.545,1.4882
AEP,Utilities,2007,0.8589,56.61,10.606,1.5899
AEP,Utilities,2008,0.7042,75.76,10.718,1.7099
AEP,Utilities,2009,0.7151,73.83,10.786,1.3654
AEP,Utilities,2010,0.7121,70.91,10.829,1.3677
AEP,Utilities,2011,0.739,68.99,10.863,1.27
AEP,Utilities,2012,0.7342,63.2,10.904,1.2592
AEP,Utilities,2013,0.7528,58.73,10.94,1.223
AEP,Utilities,2014,0.8435,58.56,10.996,1.2237
AEP,Utilities,2015,0.7997,62.75,11.03,1.1579
AEP,Utilities,2016,0.8387,62.95,11.058,1.2804
AEP,Utilities,2017,0.9162,62.09,11.078,1.2637
AEP,Utilities,2018,0.9071,67.0,11.139,1.3425
AEP,Utilities,2019,1.0218,62.09,11.237,1.5709
AEP,Utilities,2020,0.942,72.76,11.299,1.6895
AEP,Utilities,2021,0.9356,71.23,11.381,1.6565
AEP,Utilities,2022,0.9566,71.23,11.445,1.7003
AEP,Utilities,2023,0.8952,76.22,11.479,1.7354
AES,Utilities,2005,0.9559,30.02,10.29,10.7641
AES,Utilities,2006,0.984,27.52,10.348,5.4108
AES,Utilities,2007,0.9403,39.31,10.447,5.7067
AES,Utilities,2008,0.6785,39.31,10.458,4.9477
AES,Utilities,2009,0.7285,41.46,10.585,4.2601
AES,Utilities,2010,0.7239,33.84,10.609,3.0485
AES,Utilities,2011,0.6978,32.55,10.722,3.7963
AES,Utilities,2012,0.7013,48.21,10.641,4.6778
AES,Utilities,2013,0.7803,46.26,10.607,4.8612
AES,Utilities,2014,0.784,53.85,10.57,4.8825
AES,Utilities,2015,0.7378,59.22,10.515,6.6075
AES,Utilities,2016,0.7786,64.65,10.495,7.3239
AES,Utilities,2017,0.8191,60.62,10.408,8.1014
AES,Utilities,2018,0.8879,65.42,10.39,6.0162
AES,Utilities,2019,1.0006,69.14,10.424,6.8274
AES,Utilities,2020,1.0354,72.25,10.452,7.6659
AES,Utilities,2021,1.0691,74.03,10.403,9.6493
AES,Utilities,2022,1.1415,74.03,10.555,15.3596
AES,Utilities,2023,0.9189,73.48,10.71,17.137
AFL,Finance and Insurance,2003,0.3896,48.13,10.839,0.212
AFL,Finance and Insurance,2004,0.3623,53.82,10.991,0.1887
AFL,Finance and Insurance,2005,0.4356,39.42,10.94,0.176
AFL,Finance and Insurance,2006,0.4027,57.15,10.999,0.171
AFL,Finance and Insurance,2007,0.4853,50.05,11.094,0.1666
AFL,Finance and Insurance,2008,0.2913,41.66,11.281,0.2592
AFL,Finance and Insurance,2009,0.2886,58.11,11.34,0.3088
AFL,Finance and Insurance,2010,0.2924,54.0,11.523,0.2748
AFL,Finance and Insurance,2011,0.2003,57.35,11.671,0.2432
AFL,Finance and Insurance,2012,0.2227,61.03,11.784,0.2724
AFL,Finance and Insurance,2013,0.2934,59.68,11.706,0.335
AFL,Finance and Insurance,2014,0.2698,55.85,11.693,0.2879
AFL,Finance and Insurance,2015,0.2572,52.97,11.681,0.283
AFL,Finance and Insurance,2016,0.2589,51.54,11.774,0.2617
AFL,Finance and Insurance,2017,0.2883,60.52,11.829,0.215
AFL,Finance and Insurance,2018,0.2862,54.92,11.852,0.2463
AFL,Finance and Insurance,2019,0.2953,59.13,11.937,0.2303
AFL,Finance and Insurance,2020,0.2345,52.96,12.014,0.2361
AFL,Finance and Insurance,2021,0.2923,53.95,11.967,0.2396
AFL,Finance and Insurance,2022,0.3948,53.95,11.783,0.334
AFL,Finance and Insurance,2023,0.4349,49.87,11.75,0.336
AIG,Finance and Insurance,2002,0.4544,17.8,13.238,1.7609
AIG,Finance and Insurance,2003,0.4212,14.64,13.427,1.5833
AIG,Finance and Insurance,2004,0.3899,33.29,13.594,1.7806
AIG,Finance and Insurance,2005,0.3696,51.25,13.657,1.6018
AIG,Finance and Insurance,2006,0.3811,66.39,13.795,1.8378
AIG,Finance and Insurance,2007,0.3368,60.63,13.874,2.1889
AIG,Finance and Insurance,2008,0.2417,46.48,13.665,3.8672
AIG,Finance and Insurance,2009,0.1958,46.61,13.65,6.3314
AIG,Finance and Insurance,2010,0.2172,46.61,13.435,2.9833
AIG,Finance and Insurance,2011,0.2159,31.86,13.228,0.7238
AIG,Finance and Insurance,2012,0.1834,33.48,13.215,0.4949
AIG,Finance and Insurance,2013,0.2151,46.21,13.202,0.415
AIG,Finance and Insurance,2014,0.21,45.88,13.153,0.292
AIG,Finance and Insurance,2015,0.2079,63.63,13.116,0.3274
AIG,Finance and Insurance,2016,0.1934,67.69,13.119,0.4108
AIG,Finance and Insurance,2017,0.1722,69.26,13.119,0.4948
AIG,Finance and Insurance,2018,0.1465,63.06,13.106,0.6732
AIG,Finance and Insurance,2019,0.1604,63.77,13.171,0.6072
AIG,Finance and Insurance,2020,0.1275,59.11,13.282,0.6403
AIG,Finance and Insurance,2021,0.1429,67.55,13.298,0.5904
AIG,Finance and Insurance,2022,0.1476,67.55,13.174,0.7928
AIG,Finance and Insurance,2023,0.1346,72.3,13.198,0.5774
AIZ,Finance and Insurance,2004,0.2149,20.33,10.107,0.2739
AIZ,Finance and Insurance,2005,0.2632,13.86,10.141,0.2692
AIZ,Finance and Insurance,2006,0.3087,24.99,10.133,0.2593
AIZ,Finance and Insurance,2007,0.3317,40.92,10.194,0.2429
AIZ,Finance and Insurance,2008,0.1837,38.78,10.107,0.265
AIZ,Finance and Insurance,2009,0.171,46.49,10.16,0.202
AIZ,Finance and Insurance,2010,0.1859,35.33,10.181,0.2044
AIZ,Finance and Insurance,2011,0.1699,42.22,10.208,0.1934
AIZ,Finance and Insurance,2012,0.1279,49.02,10.273,0.1875
AIZ,Finance and Insurance,2013,0.2156,49.92,10.299,0.3389
AIZ,Finance and Insurance,2014,0.1874,49.51,10.36,0.226
AIZ,Finance and Insurance,2015,0.2155,53.25,10.31,0.2589
AIZ,Finance and Insurance,2016,0.2108,54.16,10.299,0.2604
AIZ,Finance and Insurance,2017,0.2163,64.59,10.369,0.3751
AIZ,Finance and Insurance,2018,0.2156,61.25,10.624,0.6503
AIZ,Finance and Insurance,2019,0.2606,64.11,10.699,0.6525
AIZ,Finance and Insurance,2020,0.229,64.11,10.707,0.3918
AIZ,Finance and Insurance,2021,0.323,68.82,10.432,0.4122
AIZ,Finance and Insurance,2022,0.265,68.82,10.408,0.5131
AIZ,Finance and Insurance,2023,0.3232,65.89,10.423,0.4399
AJG,Finance and Insurance,2008,0.9264,45.74,8.093,0.7204
AJG,Finance and Insurance,2009,0.8791,42.28,8.087,0.616
AJG,Finance and Insurance,2010,1.0296,47.54,8.188,0.497
AJG,Finance and Insurance,2011,1.0083,45.95,8.408,0.5508
AJG,Finance and Insurance,2012,0.9727,50.72,8.585,0.5149
AJG,Finance and Insurance,2013,1.1261,50.03,8.834,0.6979
AJG,Finance and Insurance,2014,1.0132,51.5,9.211,0.741
AJG,Finance and Insurance,2015,0.8889,51.95,9.298,0.6753
AJG,Finance and Insurance,2016,1.0544,52.53,9.349,0.7919
AJG,Finance and Insurance,2017,1.1312,57.95,9.465,0.7632
AJG,Finance and Insurance,2018,1.0511,53.44,9.701,0.8025
AJG,Finance and Insurance,2019,1.1688,56.42,9.885,0.9764
AJG,Finance and Insurance,2020,1.2946,52.84,10.014,0.8009
AJG,Finance and Insurance,2021,1.2609,51.93,10.415,0.7846
AJG,Finance and Insurance,2022,1.1939,51.93,10.569,0.7106
AJG,Finance and Insurance,2023,1.1068,49.92,10.852,0.7797
AKAM,"Professional, Scientific, and Technical Services",2005,3.643,35.78,6.793,0.3204
AKAM,"Professional, Scientific, and Technical Services",2006,6.9836,38.83,7.129,0.2095
AKAM,"Professional, Scientific, and Technical Services",2007,3.5934,20.92,7.412,0.1471
AKAM,"Professional, Scientific, and Technical Services",2008,1.465,21.85,7.54,0.1274
AKAM,"Professional, Scientific, and Technical Services",2009,2.1744,26.19,7.644,0.1149
AKAM,"Professional, Scientific, and Technical Services",2010,3.7318,31.62,7.763,0.0
AKAM,"Professional, Scientific, and Technical Services",2011,2.4429,26.15,7.76,0.0
AKAM,"Professional, Scientific, and Technical Services",2012,2.7967,42.3,7.864,0.0
AKAM,"Professional, Scientific, and Technical Services",2013,2.8487,42.63,7.992,0.0
AKAM,"Professional, Scientific, and Technical Services",2014,2.9565,48.24,8.294,0.2054
AKAM,"Professional, Scientific, and Technical Services",2015,2.3761,58.06,8.34,0.2
AKAM,"Professional, Scientific, and Technical Services",2016,2.7881,65.36,8.383,0.1985
AKAM,"Professional, Scientific, and Technical Services",2017,2.5447,61.46,8.434,0.2002
AKAM,"Professional, Scientific, and Technical Services",2018,2.1075,51.96,8.606,0.4889
AKAM,"Professional, Scientific, and Technical Services",2019,2.3784,56.87,8.855,0.7303
AKAM,"Professional, Scientific, and Technical Services",2020,2.5579,63.05,8.957,0.6532
AKAM,"Professional, Scientific, and Technical Services",2021,2.6596,74.21,9.004,0.6311
AKAM,"Professional, Scientific, and Technical Services",2022,1.9711,74.21,9.024,0.7281
AKAM,"Professional, Scientific, and Technical Services",2023,2.2661,70.51,9.2,0.9867
ALB,Manufacturing,2002,1.1456,31.27,7.084,0.3168
ALB,Manufacturing,2003,1.0538,23.7,7.235,0.3593
ALB,Manufacturing,2004,1.0507,27.4,7.801,1.3279
ALB,Manufacturing,2005,1.031,32.63,7.843,0.8959
ALB,Manufacturing,2006,1.6354,30.64,7.836,0.7126
ALB,Manufacturing,2007,1.6364,30.53,7.948,0.5663
ALB,Manufacturing,2008,1.0308,30.53,7.963,0.8747
ALB,Manufacturing,2009,1.4941,48.55,7.927,0.6741
ALB,Manufacturing,2010,1.9458,62.13,8.029,0.608
ALB,Manufacturing,2011,1.6667,59.02,8.072,0.4799
ALB,Manufacturing,2012,1.8101,71.24,8.142,0.3814
ALB,Manufacturing,2013,1.7165,67.33,8.184,0.663
ALB,Manufacturing,2014,1.4601,71.81,8.561,2.1583
ALB,Manufacturing,2015,1.0543,68.0,9.171,1.1836
ALB,Manufacturing,2016,1.4772,58.38,9.007,0.6243
ALB,Manufacturing,2017,2.0611,69.24,8.956,0.5
ALB,Manufacturing,2018,1.2985,69.9,8.933,0.4756
ALB,Manufacturing,2019,1.1088,66.05,9.196,0.8108
ALB,Manufacturing,2020,1.8632,71.92,9.254,0.8695
ALB,Manufacturing,2021,2.7253,67.53,9.303,0.4538
ALB,Manufacturing,2022,1.8608,67.53,9.646,0.4199
ALB,Manufacturing,2023,1.164,71.83,9.813,0.458
ALGN,Manufacturing,2016,5.4775,20.23,7.241,0.0
ALGN,Manufacturing,2017,10.0031,21.85,7.483,0.0
ALGN,Manufacturing,2018,8.1404,30.2,7.627,0.0
ALGN,Manufacturing,2019,8.7756,48.55,7.824,0.044
ALGN,Manufacturing,2020,8.7433,49.55,8.483,0.0266
ALGN,Manufacturing,2021,8.7262,50.56,8.69,0.0346
ALGN,Manufacturing,2022,2.761,50.56,8.691,0.0352
ALGN,Manufacturing,2023,3.402,47.9,8.713,0.0349
ALL,Finance and Insurance,2002,0.2589,39.48,11.674,0.2546
ALL,Finance and Insurance,2003,0.2636,46.46,11.807,0.2468
ALL,Finance and Insurance,2004,0.2716,51.01,11.917,0.2444
ALL,Finance and Insurance,2005,0.2578,55.23,11.958,0.2626
ALL,Finance and Insurance,2006,0.287,47.77,11.968,0.2163
ALL,Finance and Insurance,2007,0.2244,54.13,11.96,0.2607
ALL,Finance and Insurance,2008,0.1726,54.13,11.812,0.4514
ALL,Finance and Insurance,2009,0.1664,79.26,11.795,0.3563
ALL,Finance and Insurance,2010,0.1752,76.08,11.782,0.3125
ALL,Finance and Insurance,2011,0.1566,76.58,11.741,0.3179
ALL,Finance and Insurance,2012,0.1997,75.13,11.752,0.297
ALL,Finance and Insurance,2013,0.2488,81.29,11.724,0.2905
ALL,Finance and Insurance,2014,0.3185,82.38,11.595,0.2334
ALL,Finance and Insurance,2015,0.275,77.04,11.558,0.2561
ALL,Finance and Insurance,2016,0.3082,77.73,11.596,0.3085
ALL,Finance and Insurance,2017,0.3868,82.33,11.63,0.3052
ALL,Finance and Insurance,2018,0.3018,69.78,11.628,0.3328
ALL,Finance and Insurance,2019,0.359,74.94,11.695,0.3039
ALL,Finance and Insurance,2020,0.3316,70.74,11.744,0.2951
ALL,Finance and Insurance,2021,0.4169,68.26,11.507,0.3637
ALL,Finance and Insurance,2022,0.4495,68.26,11.492,0.5358
ALL,Finance and Insurance,2023,0.4349,77.25,11.546,0.5205
ALLE,Administrative and Support and Waste… Services,2015,3.4451,32.07,7.734,60.3672
ALLE,Administrative and Support and Waste… Services,2016,3.3645,34.5,7.718,12.9197
ALLE,Administrative and Support and Waste… Services,2017,3.5564,47.91,7.841,3.6785
ALLE,Administrative and Support and Waste… Services,2018,3.1985,58.38,7.941,2.2194
ALLE,Administrative and Support and Waste… Services,2019,4.4004,57.73,7.995,1.9925
ALLE,Administrative and Support and Waste… Services,2020,3.9548,68.85,8.029,1.8369
ALLE,Administrative and Support and Waste… Services,2021,4.3323,62.25,8.023,2.0215
ALLE,Administrative and Support and Waste… Services,2022,2.8671,62.25,8.292,2.3315
ALLE,Administrative and Support and Waste… Services,2023,3.0736,54.97,8.369,1.643
AMAT,Manufacturing,2002,2.4835,47.52,9.233,0.0778
AMAT,Manufacturing,2003,3.8496,42.21,9.241,0.0696
AMAT,Manufacturing,2004,2.2747,43.35,9.4,0.0493
AMAT,Manufacturing,2005,2.3693,54.95,9.33,0.0465
AMAT,Manufacturing,2006,2.5957,47.34,9.157,0.0612
AMAT,Manufacturing,2007,2.5451,70.04,9.274,0.0262
AMAT,Manufacturing,2008,1.5793,66.44,9.306,0.0268
AMAT,Manufacturing,2009,1.7298,70.85,9.167,0.0285
AMAT,Manufacturing,2010,1.5175,74.77,9.3,0.0273
AMAT,Manufacturing,2011,1.3013,73.01,9.537,0.2212
AMAT,Manufacturing,2012,1.2092,66.5,9.401,0.269
AMAT,Manufacturing,2013,1.9466,61.16,9.396,0.2745
AMAT,Manufacturing,2014,2.1951,61.77,9.486,0.2475
AMAT,Manufacturing,2015,1.5675,64.67,9.636,0.5966
AMAT,Manufacturing,2016,2.3781,69.56,9.588,0.4632
AMAT,Manufacturing,2017,3.3534,76.27,9.874,0.5673
AMAT,Manufacturing,2018,2.0877,81.11,9.785,0.7763
AMAT,Manufacturing,2019,2.8919,79.24,9.853,0.6468
AMAT,Manufacturing,2020,2.6772,79.12,10.015,0.5395
AMAT,Manufacturing,2021,4.9427,82.92,10.159,0.4697
AMAT,Manufacturing,2022,3.0063,84.11,10.193,0.478
AMAT,Manufacturing,2023,3.783,84.11,10.333,0.3669
AMD,Manufacturing,2002,0.7416,46.06,8.634,0.7869
AMD,Manufacturing,2003,1.0306,36.84,8.867,0.8584
AMD,Manufacturing,2004,1.3367,43.51,8.968,0.6176
AMD,Manufacturing,2005,2.0167,46.22,8.894,0.4088
AMD,Manufacturing,2006,1.1355,37.89,9.484,0.6564
AMD,Manufacturing,2007,0.8497,67.84,9.354,1.7622
AMD,Manufacturing,2009,1.2366,64.86,9.114,7.3009
AMD,Manufacturing,2010,1.6132,67.37,8.51,2.3899
AMD,Manufacturing,2011,1.1678,64.91,8.508,1.2679
AMD,Manufacturing,2012,0.9383,65.78,8.294,3.7955
AMD,Manufacturing,2013,1.1215,65.93,8.375,3.7831
AMD,Manufacturing,2014,1.1372,63.71,8.234,11.8289
AMD,Manufacturing,2016,3.6248,71.73,8.108,3.4495
AMD,Manufacturing,2017,3.2022,70.77,8.172,2.2831
AMD,Manufacturing,2018,4.3464,68.51,8.424,0.9874
AMD,Manufacturing,2019,9.0219,66.29,8.704,0.2575
AMD,Manufacturing,2020,12.4562,65.97,9.101,0.098
AMD,Manufacturing,2021,14.0446,71.31,9.427,0.0976
AMD,Manufacturing,2022,1.5887,71.31,11.121,0.054
AME,Manufacturing,2008,1.419,16.64,8.025,0.8633
AME,Manufacturing,2009,1.5918,14.56,8.085,0.6648
AME,Manufacturing,2010,1.9577,19.06,8.248,0.6582
AME,Manufacturing,2011,1.8557,12.27,8.371,0.6157
AME,Manufacturing,2012,2.042,25.85,8.554,0.5734
AME,Manufacturing,2013,2.4362,29.74,8.679,0.4512
AME,Manufacturing,2014,2.2451,32.25,8.767,0.5291
AME,Manufacturing,2015,2.1852,33.38,8.805,0.5967
AME,Manufacturing,2016,1.8997,30.78,8.868,0.719
AME,Manufacturing,2017,2.428,25.91,8.961,0.5398
AME,Manufacturing,2018,2.0789,41.8,9.067,0.6206
AME,Manufacturing,2019,2.6211,45.95,9.195,0.5775
AME,Manufacturing,2020,2.9414,56.02,9.245,0.4348
AME,Manufacturing,2021,3.0916,60.39,9.384,0.3959
AME,Manufacturing,2022,2.7916,60.39,9.428,0.3425
AME,Manufacturing,2023,2.7713,58.63,9.617,0.4074
AMGN,"Professional, Scientific, and Technical Services",2002,2.6777,17.34,10.105,0.1734
AMGN,"Professional, Scientific, and Technical Services",2003,3.1478,23.48,10.173,0.1588
AMGN,"Professional, Scientific, and Technical Services",2004,2.941,24.46,10.283,0.2593
AMGN,"Professional, Scientific, and Technical Services",2005,3.4298,41.33,10.285,0.1935
AMGN,"Professional, Scientific, and Technical Services",2006,2.6241,32.55,10.428,0.4752
AMGN,"Professional, Scientific, and Technical Services",2007,1.78,25.77,10.453,0.6255
AMGN,"Professional, Scientific, and Technical Services",2008,1.9384,38.29,10.504,0.4992
AMGN,"Professional, Scientific, and Technical Services",2009,1.6879,53.95,10.587,0.4677
AMGN,"Professional, Scientific, and Technical Services",2010,1.4839,46.94,10.68,0.5581
AMGN,"Professional, Scientific, and Technical Services",2011,1.4838,47.78,10.797,1.1261
AMGN,"Professional, Scientific, and Technical Services",2012,1.6892,50.28,10.902,1.3919
AMGN,"Professional, Scientific, and Technical Services",2013,1.7877,66.72,11.099,1.454
AMGN,"Professional, Scientific, and Technical Services",2014,2.2003,64.9,11.142,1.1915
AMGN,"Professional, Scientific, and Technical Services",2015,2.1509,68.79,11.179,1.1237
AMGN,"Professional, Scientific, and Technical Services",2016,1.8361,66.86,11.26,1.158
AMGN,"Professional, Scientific, and Technical Services",2017,2.0128,75.45,11.289,1.4002
AMGN,"Professional, Scientific, and Technical Services",2018,2.3563,72.56,11.104,2.7143
AMGN,"Professional, Scientific, and Technical Services",2019,2.8975,73.52,10.997,3.146
AMGN,"Professional, Scientific, and Technical Services",2020,2.6436,76.03,11.05,3.5546
AMGN,"Professional, Scientific, and Technical Services",2021,2.609,79.86,11.021,5.0715
AMGN,"Professional, Scientific, and Technical Services",2022,2.7624,79.86,11.084,10.8276
AMGN,"Professional, Scientific, and Technical Services",2023,2.2606,77.24,11.484,10.4979
AMP,Finance and Insurance,2005,0.1297,33.96,11.442,0.2385
AMP,Finance and Insurance,2006,0.1476,38.06,11.554,0.2808
AMP,Finance and Insurance,2007,0.1334,37.22,11.601,0.2584
AMP,Finance and Insurance,2008,0.074,37.22,11.469,0.3281
AMP,Finance and Insurance,2009,0.1068,42.89,11.642,0.2425
AMP,Finance and Insurance,2010,0.1711,42.57,11.784,0.7691
AMP,Finance and Insurance,2011,0.1425,40.96,11.805,0.7874
AMP,Finance and Insurance,2012,0.1533,46.37,11.811,0.8672
AMP,Finance and Insurance,2013,0.2148,45.17,11.882,1.0933
AMP,Finance and Insurance,2014,0.2308,62.04,11.91,1.2468
AMP,Finance and Insurance,2015,0.1971,61.81,11.887,1.4474
AMP,Finance and Insurance,2016,0.1617,67.0,11.848,0.864
AMP,Finance and Insurance,2017,0.2044,65.34,11.901,0.8835
AMP,Finance and Insurance,2018,0.1388,69.76,11.829,0.861
AMP,Finance and Insurance,2019,0.17,65.85,11.931,0.9023
AMP,Finance and Insurance,2020,0.1681,78.51,12.019,0.886
AMP,Finance and Insurance,2021,0.2215,75.97,12.078,0.974
AMP,Finance and Insurance,2022,0.2428,75.97,11.973,1.5782
AMP,Finance and Insurance,2023,0.2519,73.04,12.074,1.2857
AMT,Real Estate Rental and Leasing,2004,1.4782,26.08,8.534,2.2391
AMT,Real Estate Rental and Leasing,2005,1.6839,23.79,9.081,0.7956
AMT,Real Estate Rental and Leasing,2006,2.2494,38.61,9.061,0.808
AMT,Real Estate Rental and Leasing,2007,2.6204,26.78,9.003,1.418
AMT,Real Estate Rental and Leasing,2008,1.9451,30.84,9.013,1.4486
AMT,Real Estate Rental and Leasing,2009,2.5332,49.52,9.049,1.2704
AMT,Real Estate Rental and Leasing,2010,2.5246,43.03,9.246,1.5957
AMT,Real Estate Rental and Leasing,2011,2.5227,54.23,9.412,2.2013
AMT,Real Estate Rental and Leasing,2012,2.7881,46.11,9.553,2.4498
AMT,Real Estate Rental and Leasing,2013,2.2689,44.18,9.917,4.0967
AMT,Real Estate Rental and Leasing,2014,2.5231,42.17,9.968,3.6951
AMT,Real Estate Rental and Leasing,2015,2.1638,42.17,10.2,2.5737
AMT,Real Estate Rental and Leasing,2016,2.0619,57.37,10.338,2.7401
AMT,Real Estate Rental and Leasing,2017,2.4503,61.14,10.411,3.2372
AMT,Real Estate Rental and Leasing,2018,2.7546,73.27,10.405,3.9654
AMT,Real Estate Rental and Leasing,2019,3.1037,71.01,10.664,6.144
AMT,Real Estate Rental and Leasing,2020,2.8888,67.03,10.763,8.9683
AMT,Real Estate Rental and Leasing,2021,2.6517,81.5,11.155,10.2355
AMT,Real Estate Rental and Leasing,2022,2.1683,81.5,11.115,8.4436
AMT,Real Estate Rental and Leasing,2023,2.2387,83.07,11.098,11.2321
AMZN,Retail Trade,2005,5.7193,30.52,8.215,6.1951
AMZN,Retail Trade,2006,4.0464,19.38,8.381,3.058
AMZN,Retail Trade,2007,6.1566,30.02,8.777,1.1587
AMZN,Retail Trade,2008,2.7197,21.1,9.026,0.2485
AMZN,Retail Trade,2009,4.3524,27.6,9.533,0.0748
AMZN,Retail Trade,2010,4.3648,29.01,9.841,0.126
AMZN,Retail Trade,2011,3.1925,43.2,10.138,0.25
AMZN,Retail Trade,2012,3.651,42.57,10.391,0.606
AMZN,Retail Trade,2013,4.7302,45.96,10.601,0.7097
AMZN,Retail Trade,2014,2.9429,49.81,10.906,1.4979
AMZN,Retail Trade,2015,5.1325,50.34,11.089,1.311
AMZN,Retail Trade,2016,4.5334,65.29,11.331,1.0583
AMZN,Retail Trade,2017,4.6468,71.49,11.785,1.5932
AMZN,Retail Trade,2018,4.8372,85.03,11.999,1.1318
AMZN,Retail Trade,2019,4.4296,87.06,12.325,1.2494
AMZN,Retail Trade,2020,5.4265,86.05,12.68,1.1214
AMZN,Retail Trade,2021,4.3679,78.04,12.949,1.0109
AMZN,Retail Trade,2022,2.2268,78.04,13.045,1.1636
AMZN,Retail Trade,2023,3.2952,79.79,13.177,0.8013
ANET,Manufacturing,2016,3.987,32.18,7.455,0.0372
ANET,Manufacturing,2017,7.072,40.91,7.808,0.0238
ANET,Manufacturing,2018,5.1853,43.57,8.033,0.0176
ANET,Manufacturing,2019,3.7361,60.26,8.339,0.0342
ANET,Manufacturing,2020,4.6897,63.16,8.464,0.0272
ANET,Manufacturing,2021,7.7263,60.61,8.654,0.0193
ANET,Manufacturing,2022,5.5059,60.61,8.821,0.0131
ANET,Manufacturing,2023,7.3996,56.92,9.205,0.0091
ANSS,Information,2009,2.147,44.02,7.56,0.1717
ANSS,Information,2010,2.3187,40.42,7.662,0.1043
ANSS,Information,2011,2.2196,55.29,7.803,0.0727
ANSS,Information,2012,2.4136,51.85,7.866,0.0274
ANSS,Information,2013,2.957,52.95,7.909,0.0
ANSS,Information,2014,2.6829,51.23,7.928,0.0
ANSS,Information,2015,2.9865,55.81,7.912,0.0
ANSS,Information,2016,2.8299,53.55,7.938,0.0
ANSS,Information,2017,4.2242,43.35,7.987,0.0
ANSS,Information,2018,3.6604,45.6,8.091,0.0
ANSS,Information,2019,4.6865,58.15,8.484,0.1762
ANSS,Information,2020,5.4603,60.93,8.69,0.23
ANSS,Information,2021,5.6623,58.91,8.752,0.1964
ANSS,Information,2022,3.2739,58.91,8.808,0.1827
AON,Finance and Insurance,2002,0.3259,55.75,10.14,0.6393
AON,Finance and Insurance,2003,0.3573,44.12,10.205,0.4775
AON,Finance and Insurance,2004,0.3414,48.16,10.252,0.4149
AON,Finance and Insurance,2005,0.4908,43.35,10.233,0.3983
AON,Finance and Insurance,2006,0.5294,35.6,10.099,0.4379
AON,Finance and Insurance,2007,0.6677,45.8,10.125,0.3448
AON,Finance and Insurance,2008,0.628,46.59,10.041,0.3723
AON,Finance and Insurance,2009,0.5322,56.99,10.041,0.3733
AON,Finance and Insurance,2010,0.683,49.85,10.274,0.5461
AON,Finance and Insurance,2011,0.6664,57.81,10.294,0.5561
AON,Finance and Insurance,2012,0.7037,54.07,10.325,0.5366
AON,Finance and Insurance,2013,0.979,58.57,10.317,0.5389
AON,Finance and Insurance,2014,1.0793,56.58,10.301,0.8495
AON,Finance and Insurance,2015,1.1271,47.67,10.21,0.9396
AON,Finance and Insurance,2016,1.331,50.11,10.189,1.1333
AON,Finance and Insurance,2017,1.5005,51.28,10.169,1.3018
AON,Finance and Insurance,2018,1.5572,50.67,10.182,1.5042
AON,Finance and Insurance,2019,1.9355,62.44,10.289,2.539
AON,Finance and Insurance,2020,1.7614,57.99,10.377,2.5536
AON,Finance and Insurance,2021,2.3493,57.93,10.371,9.8238
APA,Mining,2005,1.2875,28.63,9.866,0.2099
APA,Mining,2006,1.0622,28.63,10.099,0.2919
APA,Mining,2007,1.3979,21.24,10.262,0.2766
APA,Mining,2008,1.0233,25.58,10.281,0.2999
APA,Mining,2009,1.4113,32.58,10.247,0.3212
APA,Mining,2010,1.2374,25.87,10.679,0.3517
APA,Mining,2011,0.8071,32.48,10.86,0.2599
APA,Mining,2012,0.7094,35.02,11.014,0.4101
APA,Mining,2013,0.7096,31.95,11.029,0.2912
APA,Mining,2014,0.6227,37.24,10.932,0.4336
APA,Mining,2015,1.3581,36.52,9.844,3.4209
APA,Mining,2016,1.4489,38.58,10.022,1.3697
APA,Mining,2017,1.1207,51.23,9.995,1.144
APA,Mining,2018,0.8359,59.23,9.98,1.1506
APA,Mining,2019,1.0248,57.43,9.804,2.7441
APA,Mining,2022,1.5438,62.86,9.484,13.6005
APA,Mining,2023,1.0733,58.69,9.632,2.0599
APD,Manufacturing,2006,1.5494,47.01,9.322,0.5898
APD,Manufacturing,2007,1.9535,51.91,9.446,0.6691
APD,Manufacturing,2008,1.456,55.76,9.439,0.7885
APD,Manufacturing,2009,1.6034,71.57,9.475,0.9394
APD,Manufacturing,2010,1.6167,79.66,9.511,0.7443
APD,Manufacturing,2011,1.4425,85.05,9.567,0.7872
APD,Manufacturing,2012,1.3495,84.43,9.738,0.817
APD,Manufacturing,2013,1.6123,75.51,9.79,0.8909
APD,Manufacturing,2014,1.9077,78.8,9.786,0.8307
APD,Manufacturing,2015,1.9127,79.4,9.766,0.811
APD,Manufacturing,2016,2.1546,73.13,9.801,0.8793
APD,Manufacturing,2017,2.0025,73.13,9.824,0.3929
APD,Manufacturing,2018,2.1109,85.3,9.862,0.3511
APD,Manufacturing,2019,2.7571,79.94,9.849,0.3009
APD,Manufacturing,2020,2.946,80.37,10.133,0.6883
APD,Manufacturing,2021,2.4171,84.82,10.198,0.607
APD,Manufacturing,2022,2.2048,84.82,10.211,0.6335
APD,Manufacturing,2023,2.3124,82.95,10.374,0.7707
APH,Manufacturing,2004,2.8149,23.83,7.175,0.9324
APH,Manufacturing,2005,2.4496,25.14,7.567,1.1331
APH,Manufacturing,2006,2.8304,35.05,7.694,0.7535
APH,Manufacturing,2007,3.3693,19.45,7.892,0.5713
APH,Manufacturing,2008,1.6337,27.38,8.004,0.5828
APH,Manufacturing,2009,2.7188,26.6,8.077,0.4315
APH,Manufacturing,2010,2.5065,27.7,8.298,0.3447
APH,Manufacturing,2011,1.9754,25.89,8.4,0.6341
APH,Manufacturing,2012,2.3103,23.14,8.559,0.7023
APH,Manufacturing,2013,2.6332,22.25,8.727,0.7459
APH,Manufacturing,2014,2.7535,29.89,8.858,0.9197
APH,Manufacturing,2015,2.5341,22.98,8.917,0.8688
APH,Manufacturing,2016,2.792,57.13,9.048,0.8193
APH,Manufacturing,2017,3.0371,59.15,9.211,0.8879
APH,Manufacturing,2018,2.7631,65.18,9.215,0.8889
APH,Manufacturing,2019,3.333,64.18,9.289,0.8401
APH,Manufacturing,2020,3.5073,68.99,9.42,0.7606
APH,Manufacturing,2021,3.9138,70.06,9.594,0.8015
APH,Manufacturing,2022,3.2728,70.06,9.637,0.6944
APH,Manufacturing,2023,3.8732,66.74,9.713,0.556
ARE,Real Estate Rental and Leasing,2009,1.0199,22.71,8.605,1.4132
ARE,Real Estate Rental and Leasing,2010,1.1194,22.71,8.684,1.0137
ARE,Real Estate Rental and Leasing,2011,1.0686,20.84,8.791,0.9281
ARE,Real Estate Rental and Leasing,2012,1.0582,26.8,8.875,1.0392
ARE,Real Estate Rental and Leasing,2013,1.0079,26.8,8.927,0.8655
ARE,Real Estate Rental and Leasing,2014,1.2316,29.08,9.004,1.0628
ARE,Real Estate Rental and Leasing,2015,1.1807,29.08,9.095,1.0992
ARE,Real Estate Rental and Leasing,2016,1.343,40.32,9.245,0.89
ARE,Real Estate Rental and Leasing,2017,1.4702,41.64,9.401,0.811
ARE,Real Estate Rental and Leasing,2018,1.2631,68.88,9.579,0.7528
ARE,Real Estate Rental and Leasing,2019,1.4447,72.51,9.82,0.7951
ARE,Real Estate Rental and Leasing,2020,1.4136,74.17,10.036,0.6745
ARE,Real Estate Rental and Leasing,2021,1.4714,72.07,10.316,0.5699
ARE,Real Estate Rental and Leasing,2022,0.9976,72.07,10.478,0.5569
ARE,Real Estate Rental and Leasing,2023,0.9108,73.71,10.512,0.6333
ATO,Utilities,2010,0.7293,24.63,8.819,1.0539
ATO,Utilities,2011,0.7339,38.23,8.893,1.0707
ATO,Utilities,2012,0.7681,32.86,8.922,1.0713
ATO,Utilities,2013,0.8418,32.28,8.98,1.0943
ATO,Utilities,2014,0.8658,18.54,9.059,0.8595
ATO,Utilities,2015,0.9697,23.15,9.115,0.9119
ATO,Utilities,2016,1.0996,22.77,9.211,0.9438
ATO,Utilities,2017,1.1545,26.13,9.283,0.9015
ATO,Utilities,2018,1.1869,31.11,9.382,0.764
ATO,Utilities,2019,1.3156,40.98,9.501,0.6946
ATO,Utilities,2020,1.0939,35.05,9.639,0.7022
ATO,Utilities,2021,0.9813,36.39,9.884,0.9565
ATO,Utilities,2022,1.0238,36.39,10.008,0.8886
ATO,Utilities,2023,1.0149,40.41,10.022,0.6553
AVB,Real Estate Rental and Leasing,2005,1.7311,28.67,8.55,0.9311
AVB,Real Estate Rental and Leasing,2006,2.1446,21.48,8.673,1.0981
AVB,Real Estate Rental and Leasing,2007,1.5567,29.96,8.815,1.06
AVB,Real Estate Rental and Leasing,2008,1.1635,29.96,8.878,1.2599
AVB,Real Estate Rental and Leasing,2009,1.4306,35.57,8.917,1.3032
AVB,Real Estate Rental and Leasing,2010,1.7561,27.33,8.965,1.2287
AVB,Real Estate Rental and Leasing,2011,1.898,45.41,9.046,0.835
AVB,Real Estate Rental and Leasing,2012,1.7382,73.56,9.32,0.5685
AVB,Real Estate Rental and Leasing,2013,1.4038,74.5,9.637,0.7231
AVB,Real Estate Rental and Leasing,2014,1.7393,75.35,9.691,0.7252
AVB,Real Estate Rental and Leasing,2015,1.8735,80.69,9.737,0.66
AVB,Real Estate Rental and Leasing,2016,1.7572,75.52,9.791,0.6949
AVB,Real Estate Rental and Leasing,2017,1.737,76.33,9.821,0.7075
AVB,Real Estate Rental and Leasing,2018,1.6957,76.16,9.819,0.664
AVB,Real Estate Rental and Leasing,2019,1.9314,75.98,9.859,0.6767
AVB,Real Estate Rental and Leasing,2020,1.5693,74.17,9.863,0.7204
AVB,Real Estate Rental and Leasing,2021,2.1892,71.23,9.899,0.7565
AVB,Real Estate Rental and Leasing,2022,1.5191,71.23,9.926,0.7534
AVB,Real Estate Rental and Leasing,2023,1.6793,69.47,9.937,0.6904
AVGO,Manufacturing,2011,3.3983,32.1,7.802,0.003
AVGO,Manufacturing,2012,2.8341,29.87,7.959,0.0012
AVGO,Manufacturing,2013,3.3144,29.87,8.136,0.0007
AVGO,Manufacturing,2014,2.6161,32.69,9.258,1.6987
AVGO,Manufacturing,2015,3.5843,31.82,9.268,0.8377
AVGO,Manufacturing,2016,1.6303,38.49,10.819,0.7221
AVGO,Manufacturing,2017,2.3047,31.89,10.904,0.8651
AVGO,Manufacturing,2018,2.1682,31.89,10.822,0.6562
AVGO,Manufacturing,2019,2.2129,35.45,11.12,1.315
AVGO,Manufacturing,2020,2.423,47.96,11.238,1.7462
AVGO,Manufacturing,2021,3.4386,74.67,11.233,1.6134
AVGO,Manufacturing,2022,3.2286,76.75,11.202,1.7604
AVY,Manufacturing,2002,1.974,10.4,8.203,1.0831
AVY,Manufacturing,2003,1.6462,8.45,8.32,0.895
AVY,Manufacturing,2004,1.6401,8.45,8.389,0.7824
AVY,Manufacturing,2005,1.5699,4.93,8.344,0.7194
AVY,Manufacturing,2006,1.7809,8.43,8.365,0.576
AVY,Manufacturing,2007,1.1985,32.04,8.74,1.1339
AVY,Manufacturing,2008,0.8995,62.34,8.705,1.2627
AVY,Manufacturing,2009,1.0928,62.34,8.518,1.1921
AVY,Manufacturing,2010,1.1373,57.06,8.537,0.8125
AVY,Manufacturing,2011,0.8505,78.47,8.512,0.7123
AVY,Manufacturing,2012,0.9229,73.98,8.538,0.7732
AVY,Manufacturing,2013,1.2698,67.49,8.436,0.6886
AVY,Manufacturing,2014,1.34,67.49,8.38,1.0779
AVY,Manufacturing,2015,1.6199,70.47,8.327,1.0965
AVY,Manufacturing,2016,1.7045,68.47,8.389,1.3965
AVY,Manufacturing,2017,2.2758,55.34,8.544,1.5119
AVY,Manufacturing,2018,1.8497,53.73,8.552,2.0586
AVY,Manufacturing,2019,2.3659,54.81,8.61,1.7274
AVY,Manufacturing,2020,2.4942,54.81,8.713,1.5335
AVY,Manufacturing,2021,2.6566,55.13,8.984,1.7082
AVY,Manufacturing,2022,2.2495,73.96,8.981,1.6032
AVY,Manufacturing,2023,2.4014,73.96,9.013,1.6176
AWK,Utilities,2008,0.7016,29.38,9.419,1.2928
AWK,Utilities,2009,0.7532,45.57,9.432,1.3711
AWK,Utilities,2010,0.7757,58.95,9.478,1.3828
AWK,Utilities,2011,0.8329,66.6,9.533,1.3941
AWK,Utilities,2012,0.8866,71.29,9.527,1.2593
AWK,Utilities,2013,0.9562,70.69,9.549,1.2426
AWK,Utilities,2014,1.0311,71.66,9.62,1.2123
AWK,Utilities,2015,1.0675,68.88,9.688,1.2985
AWK,Utilities,2016,1.1625,74.31,9.756,1.3764
AWK,Utilities,2017,1.321,67.17,9.81,1.4345
AWK,Utilities,2018,1.2568,66.3,9.899,1.4685
AWK,Utilities,2019,1.4892,71.84,9.968,1.5597
AWK,Utilities,2020,1.6621,81.24,10.059,1.7082
AWK,Utilities,2021,1.8416,80.6,10.112,1.5162
AWK,Utilities,2022,1.5285,80.6,10.177,1.619
AWK,Utilities,2023,1.327,79.08,10.266,1.2703
AXON,Manufacturing,2016,4.5605,21.71,5.628,0.0013
AXON,Manufacturing,2017,4.1519,29.96,5.823,0.0007
AXON,Manufacturing,2018,3.5759,23.27,6.579,0.0001
AXON,Manufacturing,2019,5.1684,24.71,6.74,0.0195
AXON,Manufacturing,2020,5.6753,38.47,7.231,0.025
AXON,Manufacturing,2021,6.6093,35.5,7.431,0.0257
AXON,Manufacturing,2022,4.4102,35.5,7.956,0.5656
AXP,Finance and Insurance,2002,0.5345,55.1,11.966,2.7359
AXP,Finance and Insurance,2003,0.5807,45.95,12.073,2.5909
AXP,Finance and Insurance,2004,0.6107,47.7,12.169,2.949
AXP,Finance and Insurance,2005,0.9677,46.45,11.644,4.3998
AXP,Finance and Insurance,2006,1.0219,46.45,11.759,5.5094
AXP,Finance and Insurance,2007,0.8896,58.34,11.917,6.6232
AXP,Finance and Insurance,2008,0.7182,56.94,11.745,5.8301
AXP,Finance and Insurance,2009,0.8299,59.74,11.729,3.7958
AXP,Finance and Insurance,2010,0.8243,47.87,11.898,4.3025
AXP,Finance and Insurance,2011,0.7689,47.19,11.94,3.3518
AXP,Finance and Insurance,2012,0.8215,47.24,11.939,3.2981
AXP,Finance and Insurance,2013,1.0229,49.46,11.941,3.0956
AXP,Finance and Insurance,2014,0.9844,51.16,11.977,2.9718
AXP,Finance and Insurance,2015,0.7461,51.44,11.99,2.5576
AXP,Finance and Insurance,2016,0.7523,67.8,11.976,2.5643
AXP,Finance and Insurance,2017,0.797,72.79,12.107,3.2415
AXP,Finance and Insurance,2018,0.7543,72.42,12.147,2.7601
AXP,Finance and Insurance,2019,0.8365,78.74,12.198,2.82
AXP,Finance and Insurance,2020,0.7486,75.13,12.162,1.9985
AXP,Finance and Insurance,2021,0.8833,68.55,12.147,1.8956
AXP,Finance and Insurance,2022,0.6773,68.55,12.339,1.8168
AXP,Finance and Insurance,2023,0.7485,69.29,12.473,2.1379
AZO,Retail Trade,2003,2.6329,21.66,8.211,4.1386
AZO,Retail Trade,2004,1.985,26.48,8.272,10.9062
AZO,Retail Trade,2005,2.1423,24.69,8.354,4.7617
AZO,Retail Trade,2006,1.8284,35.49,8.418,3.9554
AZO,Retail Trade,2007,2.0794,35.23,8.477,4.9373
AZO,Retail Trade,2008,1.9962,40.01,8.567,10.0748
BA,Manufacturing,2002,0.7792,51.29,10.866,1.8715
BA,Manufacturing,2003,0.9082,64.08,10.879,1.7745
BA,Manufacturing,2004,0.987,57.31,10.896,1.081
BA,Manufacturing,2005,1.0681,60.76,11.003,0.97
BA,Manufacturing,2006,1.484,51.59,10.855,2.0127
BA,Manufacturing,2007,1.2316,48.77,10.985,0.9126
BA,Manufacturing,2009,0.8418,63.53,11.036,6.0733
BA,Manufacturing,2010,0.881,67.11,11.136,4.4906
BA,Manufacturing,2011,0.8376,69.42,11.29,3.5195
BA,Manufacturing,2012,0.7577,66.38,11.395,1.7742
BA,Manufacturing,2013,1.2048,58.83,11.437,0.6477
BA,Manufacturing,2014,1.0175,73.87,11.505,1.0467
BA,Manufacturing,2015,1.1265,66.56,11.455,1.5728
BA,Manufacturing,2016,1.1782,69.8,11.408,12.1812
BA,Manufacturing,2017,2.0082,80.87,11.433,31.3155
BA,Manufacturing,2018,1.6779,79.56,11.673,40.8466
BAC,Finance and Insurance,2002,0.3965,37.61,13.401,3.1334
BAC,Finance and Insurance,2003,0.4234,47.11,13.51,4.0869
BAC,Finance and Insurance,2004,0.4382,47.11,13.92,2.9828
BAC,Finance and Insurance,2005,0.4973,46.22,14.072,4.5207
BAC,Finance and Insurance,2006,0.5089,60.36,14.194,3.8123
BAC,Finance and Insurance,2007,0.4623,60.73,14.355,4.2841
BAC,Finance and Insurance,2008,0.387,66.76,14.413,4.5421
BAC,Finance and Insurance,2009,0.4019,72.18,14.615,3.9294
BAC,Finance and Insurance,2010,0.3922,74.88,14.633,3.5607
BAC,Finance and Insurance,2011,0.3201,68.0,14.571,2.942
BAC,Finance and Insurance,2012,0.3279,67.4,14.608,2.748
BAC,Finance and Insurance,2013,0.3133,68.41,14.559,2.2513
BAC,Finance and Insurance,2014,0.3154,58.68,14.56,2.1216
BAC,Finance and Insurance,2015,0.2863,68.43,14.578,1.8773
BAC,Finance and Insurance,2016,0.2894,69.92,14.598,1.7013
BAC,Finance and Insurance,2017,0.3247,74.77,14.64,1.7847
BAC,Finance and Insurance,2018,0.2866,75.59,14.672,1.7964
BAC,Finance and Insurance,2019,0.3087,85.58,14.705,1.8237
BAC,Finance and Insurance,2020,0.2572,84.15,14.852,1.864
BAC,Finance and Insurance,2021,0.2734,82.55,14.969,2.0666
BAC,Finance and Insurance,2022,0.2536,82.55,14.931,2.0789
BAC,Finance and Insurance,2023,0.2811,80.06,14.972,2.3855
BALL,Manufacturing,2002,1.1823,13.47,8.327,4.0191
BALL,Manufacturing,2003,1.2399,21.46,8.311,2.0883
BALL,Manufacturing,2004,1.4777,20.33,8.407,1.5283
BALL,Manufacturing,2005,1.3189,41.28,8.376,1.9031
BALL,Manufacturing,2006,1.1971,43.33,8.673,2.1037
BALL,Manufacturing,2007,1.1409,52.75,8.703,1.7569
BALL,Manufacturing,2008,0.9905,55.44,8.759,2.2197
BALL,Manufacturing,2009,1.1493,63.38,8.778,1.6418
BALL,Manufacturing,2010,1.2515,48.57,8.843,1.8526
BALL,Manufacturing,2011,1.2175,71.64,8.894,2.579
BALL,Manufacturing,2012,1.3328,71.6,8.924,2.9653
BALL,Manufacturing,2013,1.3999,74.55,8.964,3.0045
BALL,Manufacturing,2014,1.6518,75.46,8.932,3.0674
BALL,Manufacturing,2015,1.5833,78.33,9.188,4.1009
BALL,Manufacturing,2016,1.2774,78.71,9.691,2.1927
BALL,Manufacturing,2017,1.1774,77.48,9.751,1.7688
BALL,Manufacturing,2018,1.3377,74.83,9.714,1.9459
BALL,Manufacturing,2019,1.6734,72.59,9.762,2.7318
BALL,Manufacturing,2020,2.1159,73.74,9.812,2.4718
BALL,Manufacturing,2021,1.9806,72.47,9.889,2.249
BALL,Manufacturing,2022,1.2784,72.47,9.899,2.7125
BALL,Manufacturing,2023,1.4079,73.07,9.868,2.3927
BAX,Manufacturing,2002,1.7153,75.44,9.432,1.5713
BAX,Manufacturing,2003,1.686,58.76,9.531,1.3765
BAX,Manufacturing,2004,1.8122,71.39,9.557,1.159
BAX,Manufacturing,2005,2.1109,82.52,9.451,0.7765
BAX,Manufacturing,2006,2.2455,82.52,9.595,0.4466
BAX,Manufacturing,2007,2.607,66.72,9.635,0.4466
BAX,Manufacturing,2008,2.3867,78.04,9.642,0.603
BAX,Manufacturing,2009,2.2713,79.98,9.762,0.5772
BAX,Manufacturing,2010,1.9317,80.21,9.769,0.668
BAX,Manufacturing,2011,1.7277,78.92,9.856,0.7889
BAX,Manufacturing,2012,2.0765,80.46,9.923,0.8547
BAX,Manufacturing,2013,1.8143,84.07,10.161,1.0831
BAX,Manufacturing,2014,1.8928,84.53,10.163,1.1459
BAX,Manufacturing,2015,1.3069,88.02,9.951,0.7371
BAX,Manufacturing,2016,1.718,85.72,9.652,0.3356
BAX,Manufacturing,2017,2.2508,83.78,9.747,0.3849
BAX,Manufacturing,2018,2.3811,86.09,9.658,0.4461
BAX,Manufacturing,2019,2.6541,84.93,9.809,0.7563
BAX,Manufacturing,2020,2.3637,80.12,9.904,0.7831
BAX,Manufacturing,2021,1.8308,83.65,10.42,2.0172
BAX,Manufacturing,2022,1.5174,83.65,10.25,2.951
BAX,Manufacturing,2023,1.202,82.89,10.25,1.7096
BBWI,Retail Trade,2004,1.8545,33.06,8.714,0.7049
BBWI,Retail Trade,2005,1.7368,53.96,8.756,0.6783
BBWI,Retail Trade,2007,1.2788,51.91,8.914,1.3123
BBWI,Retail Trade,2008,0.7802,69.47,8.85,1.5459
BBWI,Retail Trade,2009,1.2364,66.48,8.878,1.2483
BBWI,Retail Trade,2010,1.8436,55.79,8.772,1.6985
BBWI,Retail Trade,2011,2.601,51.95,8.717,25.8248
BBWI,Retail Trade,2014,3.9073,53.33,8.929,264.7222
BBY,Retail Trade,2002,1.3296,11.3,8.944,0.3037
BBY,Retail Trade,2003,2.0963,15.79,9.066,0.2484
BBY,Retail Trade,2004,1.7813,37.11,9.239,0.1349
BBY,Retail Trade,2005,2.2525,45.87,9.381,0.1134
BBY,Retail Trade,2006,1.6942,45.87,9.516,0.1048
BBY,Retail Trade,2007,1.4481,51.89,9.454,0.182
BBY,Retail Trade,2008,0.8774,61.67,9.669,0.4228
BBY,Retail Trade,2009,0.9337,60.02,9.815,0.2851
BBY,Retail Trade,2010,0.8049,72.93,9.79,0.2589
BBY,Retail Trade,2011,0.6648,72.93,9.681,0.5896
BBY,Retail Trade,2012,0.4644,61.03,9.728,0.7501
BBY,Retail Trade,2013,0.7007,69.46,9.548,0.4157
BBY,Retail Trade,2014,0.9172,80.75,9.633,0.3245
BBY,Retail Trade,2015,0.7972,82.66,9.512,0.3961
BBY,Retail Trade,2016,1.0981,83.05,9.536,0.2899
BBY,Retail Trade,2017,1.6883,83.05,9.476,0.3751
BBY,Retail Trade,2018,1.3277,86.41,9.465,0.4198
BBY,Retail Trade,2019,1.6543,86.84,9.654,1.1696
BBY,Retail Trade,2020,1.6808,78.23,9.856,0.8899
BBY,Retail Trade,2021,1.5148,81.07,9.77,1.304
BBY,Retail Trade,2022,1.4762,80.15,9.668,1.4233
BBY,Retail Trade,2023,1.3093,80.15,9.614,1.3043
BDX,Manufacturing,2002,1.6853,49.77,8.525,0.5035
BDX,Manufacturing,2003,1.8622,52.35,8.626,0.4556
BDX,Manufacturing,2004,2.4531,43.83,8.657,0.402
BDX,Manufacturing,2005,2.3474,38.28,8.711,0.3859
BDX,Manufacturing,2006,2.7447,44.49,8.828,0.3608
BDX,Manufacturing,2007,2.8884,54.05,8.9,0.2667
BDX,Manufacturing,2008,2.6114,55.16,8.976,0.2339
BDX,Manufacturing,2009,1.9805,74.25,9.138,0.3678
BDX,Manufacturing,2010,1.9405,60.36,9.175,0.3125
BDX,Manufacturing,2011,1.7708,75.58,9.252,0.5633
BDX,Manufacturing,2012,1.7283,70.26,9.338,1.0073
BDX,Manufacturing,2013,1.9239,73.25,9.405,0.7872
BDX,Manufacturing,2014,2.0735,75.93,9.429,0.7857
BDX,Manufacturing,2015,1.5202,80.28,10.197,1.7898
BDX,Manufacturing,2016,1.9497,81.92,10.15,1.5133
BDX,Manufacturing,2017,1.6838,85.37,10.538,1.4576
BDX,Manufacturing,2018,1.6975,78.65,10.895,1.024
BDX,Manufacturing,2019,1.6961,79.15,10.854,0.9199
BDX,Manufacturing,2020,1.5895,73.33,10.897,0.7731
BDX,Manufacturing,2021,1.6339,81.85,10.894,0.7637
BDX,Manufacturing,2022,1.5058,81.85,10.877,0.6554
BDX,Manufacturing,2023,1.7333,82.82,10.874,0.6361
BEN,Finance and Insurance,2006,2.936,55.05,9.159,0.1661
BEN,Finance and Insurance,2007,3.2315,52.45,9.205,0.1137
BEN,Finance and Insurance,2008,2.2649,50.58,9.124,0.0381
BEN,Finance and Insurance,2009,2.4493,33.88,9.156,0.0159
BEN,Finance and Insurance,2010,2.3278,49.92,9.279,0.1268
BEN,Finance and Insurance,2011,1.6688,44.89,9.531,0.2544
BEN,Finance and Insurance,2012,1.9875,48.08,9.599,0.3018
BEN,Finance and Insurance,2013,2.2214,44.96,9.641,0.2278
BEN,Finance and Insurance,2014,2.211,38.09,9.702,0.1855
BEN,Finance and Insurance,2015,1.5085,48.14,9.701,0.182
BEN,Finance and Insurance,2016,1.3896,48.91,9.687,0.1746
BEN,Finance and Insurance,2017,1.4711,58.18,9.772,0.087
BEN,Finance and Insurance,2018,1.1482,58.6,9.574,0.0736
BEN,Finance and Insurance,2019,1.043,54.82,9.584,0.0755
BEN,Finance and Insurance,2020,0.7441,55.82,9.914,0.4915
BEN,Finance and Insurance,2021,0.9311,53.69,10.093,0.6762
BEN,Finance and Insurance,2022,0.7168,53.69,10.242,0.8159
BEN,Finance and Insurance,2023,0.7949,50.18,10.313,0.9862
BG,Manufacturing,2004,0.8793,17.43,9.297,0.9721
BG,Manufacturing,2005,0.8643,13.52,9.345,0.7444
BG,Manufacturing,2006,0.8491,19.34,9.571,0.6999
BG,Manufacturing,2007,0.8486,65.22,9.998,0.7117
BG,Manufacturing,2008,0.4884,76.31,9.915,0.609
BG,Manufacturing,2009,0.5813,77.08,9.966,0.4804
BG,Manufacturing,2010,0.5572,86.67,10.166,0.4233
BG,Manufacturing,2011,0.5332,86.67,10.055,0.3704
BG,Manufacturing,2012,0.7161,87.27,10.214,0.8747
BG,Manufacturing,2013,0.7935,87.27,10.195,0.9942
BG,Manufacturing,2014,0.8607,77.64,9.973,0.6704
BG,Manufacturing,2015,0.8093,77.64,9.794,0.8305
BG,Manufacturing,2016,0.7749,79.34,9.862,0.7425
BG,Manufacturing,2017,0.754,76.08,9.845,0.7423
BG,Manufacturing,2018,0.6648,70.07,9.874,0.9798
BG,Manufacturing,2019,0.7594,70.07,9.816,1.1007
BG,Manufacturing,2020,0.7301,77.6,10.071,1.5066
BG,Manufacturing,2021,0.8392,73.47,10.078,0.9772
BG,Manufacturing,2022,0.8372,73.47,10.11,0.6096
BIIB,Manufacturing,2003,1.3693,21.77,9.159,0.1258
BIIB,Manufacturing,2004,2.476,16.69,9.123,0.1246
BIIB,Manufacturing,2005,1.8139,32.64,9.032,0.0063
BIIB,Manufacturing,2006,1.9563,27.5,9.054,0.0135
BIIB,Manufacturing,2007,2.1317,21.9,9.063,0.2824
BIIB,Manufacturing,2008,1.7494,21.9,9.045,0.1917
BIIB,Manufacturing,2009,1.8481,61.79,9.054,0.1768
BIIB,Manufacturing,2010,2.1417,57.31,8.999,0.223
BIIB,Manufacturing,2011,3.0619,66.86,9.11,0.1656
BIIB,Manufacturing,2012,3.531,59.94,9.223,0.1639
BIIB,Manufacturing,2013,5.6196,61.97,9.381,0.0691
BIIB,Manufacturing,2014,5.6024,56.19,9.569,0.0541
BIIB,Manufacturing,2015,3.768,60.2,9.878,0.6963
BIIB,Manufacturing,2016,2.9612,74.06,10.038,0.5368
BIIB,Manufacturing,2017,3.0997,77.1,10.071,0.4708
BIIB,Manufacturing,2018,2.5813,80.0,10.138,0.4553
BIIB,Manufacturing,2019,2.1345,77.14,10.212,0.4827
BIIB,Manufacturing,2020,1.8371,77.68,10.111,0.7394
BIIB,Manufacturing,2021,1.7992,81.62,10.081,0.706
BIIB,Manufacturing,2022,1.8985,81.62,10.109,0.5009
BIIB,Manufacturing,2023,1.6735,77.13,10.198,0.5019
BIO,Manufacturing,2009,1.3401,13.67,7.838,0.5899
BIO,Manufacturing,2010,1.2593,7.43,8.027,0.6275
BIO,Manufacturing,2011,1.1106,7.43,8.038,0.42
BIO,Manufacturing,2012,1.0842,7.82,8.142,0.3651
BIO,Manufacturing,2013,1.1787,7.82,8.128,0.2
BIO,Manufacturing,2014,1.1794,30.27,8.114,0.1995
BIO,Manufacturing,2015,1.2143,30.27,8.219,0.1751
BIO,Manufacturing,2016,1.513,32.11,8.256,0.168
BIO,Manufacturing,2017,1.7655,36.98,8.36,0.1485
BIO,Manufacturing,2018,1.3117,39.17,8.632,0.1093
BIO,Manufacturing,2019,1.464,39.17,8.988,0.1131
BIO,Manufacturing,2020,1.3585,40.55,9.471,0.0228
BIO,Manufacturing,2021,1.2848,48.99,9.786,0.0163
BIO,Manufacturing,2022,1.0245,48.99,9.511,0.1444
BIO,Manufacturing,2023,0.863,52.01,9.417,0.1608
BK,Finance and Insurance,2002,0.3107,46.26,11.259,1.0025
BK,Finance and Insurance,2003,0.3644,40.52,11.434,0.9485
BK,Finance and Insurance,2004,0.3582,40.19,11.457,0.846
BK,Finance and Insurance,2005,0.3338,27.56,11.533,0.963
BK,Finance and Insurance,2006,0.3961,24.47,11.546,0.9651
BK,Finance and Insurance,2007,0.4091,35.6,12.194,0.8497
BK,Finance and Insurance,2008,0.2369,35.6,12.378,0.9389
BK,Finance and Insurance,2009,0.2585,48.64,12.265,0.7272
BK,Finance and Insurance,2010,0.2527,51.57,12.418,0.7723
BK,Finance and Insurance,2011,0.1613,53.27,12.692,0.8494
BK,Finance and Insurance,2012,0.1604,58.19,12.791,0.7826
BK,Finance and Insurance,2013,0.1875,59.66,12.833,0.8418
BK,Finance and Insurance,2014,0.2021,60.22,12.862,0.9064
BK,Finance and Insurance,2015,0.2078,67.13,12.884,1.0447
BK,Finance and Insurance,2016,0.2544,77.99,12.717,0.9982
BK,Finance and Insurance,2017,0.2793,68.66,12.826,1.3059
BK,Finance and Insurance,2018,0.2584,74.6,12.802,1.3094
BK,Finance and Insurance,2019,0.2374,67.24,12.852,1.1922
BK,Finance and Insurance,2020,0.1638,71.59,13.06,0.9527
BK,Finance and Insurance,2021,0.1944,69.6,13.005,1.0396
BK,Finance and Insurance,2022,0.2004,69.6,12.914,1.2404
BK,Finance and Insurance,2023,0.2125,73.43,12.924,1.303
BKNG,Administrative and Support and Waste… Services,2008,2.5381,15.42,7.203,0.5381
BKNG,Administrative and Support and Waste… Services,2009,5.5147,16.11,7.514,0.121
BKNG,Administrative and Support and Waste… Services,2010,6.9212,15.4,7.975,0.2627
BKNG,Administrative and Support and Waste… Services,2011,5.9911,11.38,8.287,0.1933
BKNG,Administrative and Support and Waste… Services,2012,4.9228,17.83,8.79,0.3599
BKNG,Administrative and Support and Waste… Services,2013,5.9695,17.86,9.254,0.2741
BKNG,Administrative and Support and Waste… Services,2014,4.2235,15.39,9.612,0.4537
BKNG,Administrative and Support and Waste… Services,2015,3.9844,16.59,9.765,0.7002
BKNG,Administrative and Support and Waste… Services,2016,3.9961,18.91,9.895,0.7298
BKNG,Administrative and Support and Waste… Services,2017,3.6837,24.86,10.145,0.8458
BKNG,Administrative and Support and Waste… Services,2018,3.8468,39.13,10.03,0.9874
BKNG,Administrative and Support and Waste… Services,2019,4.4066,44.04,9.971,1.5592
BKNG,Administrative and Support and Waste… Services,2020,4.7439,43.7,9.993,2.5626
BKNG,Administrative and Support and Waste… Services,2021,4.6511,57.76,10.071,1.8501
BKNG,Administrative and Support and Waste… Services,2022,3.5298,57.76,10.141,4.7502
BKR,Mining,2017,0.3805,81.94,10.952,0.5676
BKR,Mining,2018,0.3483,85.32,10.867,0.4138
BKR,Mining,2019,0.452,82.02,10.885,0.3404
BKR,Mining,2020,0.6193,88.5,10.546,0.6548
BKR,Mining,2021,0.8333,92.87,10.472,0.5089
BKR,Mining,2022,1.0855,92.87,10.439,0.514
BKR,Mining,2023,1.1068,90.39,10.517,0.4418
BLDR,Manufacturing,2021,1.756,24.61,9.279,0.7083
BLDR,Manufacturing,2022,1.1797,24.61,9.268,0.7031
BLDR,Manufacturing,2023,2.2912,35.27,9.259,0.7847
BLK,Finance and Insurance,2008,0.9321,23.81,9.9,0.095
BLK,Finance and Insurance,2009,0.2781,35.28,12.09,0.233
BLK,Finance and Insurance,2010,0.2302,32.35,12.092,0.1777
BLK,Finance and Insurance,2011,0.212,29.87,12.1,0.2541
BLK,Finance and Insurance,2012,0.2174,27.72,12.208,0.3224
BLK,Finance and Insurance,2013,0.2761,38.85,12.301,0.2762
BLK,Finance and Insurance,2014,0.2836,43.26,12.388,0.3043
BLK,Finance and Insurance,2015,0.2722,58.51,12.325,0.173
BLK,Finance and Insurance,2016,0.3043,62.26,12.302,0.1689
BLK,Finance and Insurance,2017,0.3984,68.06,12.302,0.1575
BLK,Finance and Insurance,2018,0.422,72.21,11.98,0.1564
BLK,Finance and Insurance,2019,0.4978,73.43,12.035,0.1766
BLK,Finance and Insurance,2020,0.6686,72.29,12.084,0.2342
BLK,Finance and Insurance,2021,0.9726,76.76,11.936,0.2546
BLK,Finance and Insurance,2022,0.9764,76.76,11.675,0.2314
BLK,Finance and Insurance,2023,1.0587,77.12,11.722,0.2514
BMY,Manufacturing,2002,2.1097,74.68,10.122,0.852
BMY,Manufacturing,2003,2.3346,85.8,10.221,0.8838
BMY,Manufacturing,2004,1.9789,87.62,10.323,1.0141
BMY,Manufacturing,2005,1.9037,87.62,10.245,0.7669
BMY,Manufacturing,2006,2.315,77.05,10.149,0.7442
BMY,Manufacturing,2007,2.245,79.71,10.172,0.5938
BMY,Manufacturing,2008,1.785,73.97,10.294,0.5505
BMY,Manufacturing,2009,1.6009,73.73,10.342,0.4286
BMY,Manufacturing,2010,1.6272,70.16,10.344,0.3465
BMY,Manufacturing,2011,1.9729,68.88,10.403,0.3441
BMY,Manufacturing,2012,1.6931,73.65,10.488,0.5428
BMY,Manufacturing,2013,2.4879,73.65,10.561,0.5521
BMY,Manufacturing,2014,3.1373,69.47,10.427,0.5273
BMY,Manufacturing,2015,3.827,69.47,10.366,0.4689
BMY,Manufacturing,2016,3.0979,70.81,10.425,0.4147
BMY,Manufacturing,2017,3.2199,77.1,10.421,0.6781
BMY,Manufacturing,2018,2.6348,77.1,10.463,0.5238
BMY,Manufacturing,2019,1.4778,78.0,11.775,0.9213
BMY,Manufacturing,2020,1.611,77.75,11.683,1.3662
BMY,Manufacturing,2021,1.6582,82.59,11.602,1.2685
BMY,Manufacturing,2022,1.9796,82.59,11.481,1.3109
BMY,Manufacturing,2023,1.5255,77.44,11.463,1.4089
BR,Information,2008,1.2011,7.86,7.949,0.6006
BR,Information,2009,0.9492,5.12,7.928,0.3565
BR,Information,2010,1.5523,47.49,7.492,0.4016
BR,Information,2011,1.8392,40.74,7.552,0.6576
BR,Information,2012,1.5994,30.67,7.595,0.6166
BR,Information,2013,1.8271,35.6,7.61,0.6428
BR,Information,2014,2.509,34.84,7.693,0.545
BR,Information,2015,2.7873,37.82,7.77,0.743
BR,Information,2016,3.0334,36.67,7.965,0.978
BR,Information,2017,3.1446,43.66,8.055,1.0979
BR,Information,2018,4.3694,42.8,8.103,0.9626
BR,Information,2019,4.1395,45.15,8.264,1.3041
BR,Information,2020,3.4021,73.1,8.495,1.5678
BR,Information,2021,2.8258,76.04,9.002,2.3166
BR,Information,2022,2.5447,68.99,9.008,2.1189
BR,Information,2023,2.8195,65.88,9.016,1.6302
BRO,Finance and Insurance,2004,2.6051,34.15,7.131,0.3895
BRO,Finance and Insurance,2005,2.8139,33.02,7.383,0.353
BRO,Finance and Insurance,2006,2.3199,34.19,7.5,0.2629
BRO,Finance and Insurance,2007,1.8081,19.68,7.581,0.218
BRO,Finance and Insurance,2008,1.5182,30.32,7.659,0.2092
BRO,Finance and Insurance,2009,1.2681,37.29,7.707,0.1952
BRO,Finance and Insurance,2010,1.5287,38.66,7.784,0.1671
BRO,Finance and Insurance,2011,1.3407,40.0,7.866,0.1528
BRO,Finance and Insurance,2012,1.3149,39.49,8.048,0.249
BRO,Finance and Insurance,2013,1.3823,43.48,8.202,0.2391
BRO,Finance and Insurance,2014,1.1945,40.74,8.508,0.567
BRO,Finance and Insurance,2015,1.12,37.39,8.52,0.5363
BRO,Finance and Insurance,2016,1.3918,38.6,8.573,0.455
BRO,Finance and Insurance,2017,1.4063,41.49,8.657,0.378
BRO,Finance and Insurance,2018,1.3773,45.71,8.808,0.5022
BRO,Finance and Insurance,2019,1.6905,31.25,8.939,0.5273
BRO,Finance and Insurance,2020,1.7543,30.91,9.101,0.6159
BRO,Finance and Insurance,2021,2.2562,31.53,9.19,0.5352
BRO,Finance and Insurance,2022,1.454,31.53,9.545,0.908
BRO,Finance and Insurance,2023,1.6298,33.77,9.608,0.7205
BSX,Manufacturing,2002,4.141,23.15,8.401,0.379
BSX,Manufacturing,2003,5.6323,35.94,8.648,0.6027
BSX,Manufacturing,2004,3.9245,43.37,9.008,0.5881
BSX,Manufacturing,2005,2.6977,31.4,9.011,0.4717
BSX,Manufacturing,2006,1.101,31.4,10.345,0.5819
BSX,Manufacturing,2007,0.8184,40.14,10.348,0.5424
BSX,Manufacturing,2008,0.6768,40.14,10.209,0.512
BSX,Manufacturing,2009,0.7751,46.25,10.134,0.4811
BSX,Manufacturing,2010,0.766,39.95,10.005,0.4814
BSX,Manufacturing,2011,0.5636,38.19,9.966,0.3753
BSX,Manufacturing,2012,0.701,45.56,9.75,0.6195
BSX,Manufacturing,2013,1.215,51.93,9.715,0.6484
BSX,Manufacturing,2014,1.2822,47.65,9.743,0.6601
BSX,Manufacturing,2015,1.6825,53.86,9.805,0.8983
BSX,Manufacturing,2016,1.9312,71.77,9.803,0.8145
BSX,Manufacturing,2017,2.083,77.31,9.854,0.8009
BSX,Manufacturing,2018,2.6661,77.56,9.952,0.8085
BSX,Manufacturing,2019,2.4024,83.76,10.328,0.7459
BSX,Manufacturing,2020,1.9671,82.3,10.335,0.6273
BSX,Manufacturing,2021,2.1745,81.96,10.381,0.573
BSX,Manufacturing,2022,2.3303,81.96,10.388,0.5317
BSX,Manufacturing,2023,2.6839,80.53,10.467,0.4962
BWA,Manufacturing,2008,0.7096,29.77,8.443,0.389
BWA,Manufacturing,2009,0.9818,33.92,8.479,0.3854
BWA,Manufacturing,2010,1.6755,40.32,8.622,0.5226
BWA,Manufacturing,2011,1.3838,37.71,8.693,0.5566
BWA,Manufacturing,2012,1.4599,36.6,8.764,0.3462
BWA,Manufacturing,2013,2.0191,45.49,8.842,0.3434
BWA,Manufacturing,2014,1.9068,44.92,8.886,0.3706
BWA,Manufacturing,2015,1.3626,50.83,9.087,0.7221
BWA,Manufacturing,2016,1.1988,50.91,9.086,0.6896
BWA,Manufacturing,2017,1.324,54.26,9.189,0.5888
BWA,Manufacturing,2018,0.9258,45.83,9.22,0.5001
BWA,Manufacturing,2019,1.1337,52.73,9.18,0.4346
BWA,Manufacturing,2020,0.8259,50.08,9.682,0.6232
BWA,Manufacturing,2021,0.9248,53.66,9.716,0.6508
BWA,Manufacturing,2022,0.8155,53.66,9.741,0.6141
BWA,Manufacturing,2023,0.8418,58.77,9.579,0.6742
BX,Finance and Insurance,2017,1.06,20.24,10.447,2.3168
BX,Finance and Insurance,2018,1.0534,21.22,10.272,1.6772
BX,Finance and Insurance,2019,1.5276,33.02,10.392,1.7452
BX,Finance and Insurance,2020,1.9306,32.46,10.176,0.9611
BX,Finance and Insurance,2021,2.4244,31.54,10.626,0.9277
BX,Finance and Insurance,2022,1.5558,31.54,10.658,1.7587
BX,Finance and Insurance,2023,2.6429,31.73,10.604,1.804
BXP,Real Estate Rental and Leasing,2002,1.0279,15.91,9.039,2.3834
BXP,Real Estate Rental and Leasing,2003,1.1389,15.48,9.054,2.0852
BXP,Real Estate Rental and Leasing,2004,1.3402,20.26,9.112,1.707
BXP,Real Estate Rental and Leasing,2005,1.4793,19.8,9.094,1.6543
BXP,Real Estate Rental and Leasing,2006,1.8306,21.93,9.179,1.4274
BXP,Real Estate Rental and Leasing,2007,1.4709,34.31,9.323,1.497
BXP,Real Estate Rental and Leasing,2008,1.1856,40.32,9.298,1.7761
BXP,Real Estate Rental and Leasing,2009,1.2985,32.09,9.421,1.5114
BXP,Real Estate Rental and Leasing,2010,1.4876,36.74,9.499,1.7806
BXP,Real Estate Rental and Leasing,2011,1.5867,47.63,9.601,1.7888
BXP,Real Estate Rental and Leasing,2012,1.6138,43.54,9.646,1.7485
BXP,Real Estate Rental and Leasing,2013,1.333,39.67,9.912,2.0793
BXP,Real Estate Rental and Leasing,2014,1.498,45.43,9.898,1.8349
BXP,Real Estate Rental and Leasing,2015,1.5672,45.43,9.819,1.6729
BXP,Real Estate Rental and Leasing,2016,1.5457,63.28,9.844,1.7536
BXP,Real Estate Rental and Leasing,2017,1.5661,68.89,9.872,1.8297
BXP,Real Estate Rental and Leasing,2018,1.4016,65.88,9.916,1.9369
BXP,Real Estate Rental and Leasing,2019,1.5774,65.47,9.966,2.2309
BXP,Real Estate Rental and Leasing,2020,1.234,73.57,10.037,2.3267
BXP,Real Estate Rental and Leasing,2021,1.4029,75.93,10.015,2.2875
BXP,Real Estate Rental and Leasing,2022,1.0446,75.93,10.094,2.396
BXP,Real Estate Rental and Leasing,2023,1.0637,74.17,10.167,2.8369
C,Finance and Insurance,2002,0.516,37.38,13.908,4.5154
C,Finance and Insurance,2003,0.5542,34.67,14.05,4.6462
C,Finance and Insurance,2005,0.5317,39.1,14.217,4.9614
C,Finance and Insurance,2006,0.5428,66.1,14.449,6.3079
C,Finance and Insurance,2007,0.4737,73.68,14.598,7.8285
C,Finance and Insurance,2008,0.3905,76.72,14.477,10.1502
C,Finance and Insurance,2009,0.3927,75.71,14.434,4.1653
C,Finance and Insurance,2010,0.4325,82.54,14.465,4.2314
C,Finance and Insurance,2011,0.3683,76.65,14.444,3.4553
C,Finance and Insurance,2012,0.3531,73.42,14.439,2.8883
C,Finance and Insurance,2013,0.3595,79.67,14.447,2.6223
C,Finance and Insurance,2014,0.3601,74.56,14.427,2.4987
C,Finance and Insurance,2015,0.3263,81.42,14.364,2.0085
C,Finance and Insurance,2016,0.3394,83.03,14.399,2.1545
C,Finance and Insurance,2017,0.3753,88.28,14.427,2.7567
C,Finance and Insurance,2018,0.3362,85.94,14.466,2.9324
C,Finance and Insurance,2019,0.3555,86.3,14.484,2.9941
C,Finance and Insurance,2020,0.3159,88.48,14.631,3.2537
C,Finance and Insurance,2021,0.2992,85.57,14.645,3.0918
C,Finance and Insurance,2022,0.2913,85.57,14.698,3.3828
C,Finance and Insurance,2023,0.3294,85.0,14.696,3.7086
CAG,Manufacturing,2004,1.409,33.43,9.457,0.9209
CAG,Manufacturing,2005,1.2641,36.13,9.39,0.7712
CAG,Manufacturing,2006,1.3475,50.51,9.379,0.7549
CAG,Manufacturing,2007,1.1272,69.59,9.524,0.7497
CAG,Manufacturing,2008,1.0566,73.46,9.312,0.7392
CAG,Manufacturing,2009,1.2082,76.22,9.371,0.7082
CAG,Manufacturing,2010,1.1984,75.42,9.342,0.6878
CAG,Manufacturing,2011,1.1526,76.4,9.345,0.6615
CAG,Manufacturing,2012,1.1625,77.51,9.924,1.8216
CAG,Manufacturing,2013,1.1681,74.52,9.871,1.7103
CAG,Manufacturing,2014,1.3931,67.32,9.772,1.7465
CAG,Manufacturing,2015,1.9079,71.87,9.502,1.4886
CAG,Manufacturing,2016,1.8867,71.0,9.22,0.7508
CAG,Manufacturing,2017,1.7614,70.2,9.249,1.038
CAG,Manufacturing,2018,1.0664,70.33,10.008,1.4459
CAG,Manufacturing,2019,1.2081,70.33,10.013,1.2694
CAG,Manufacturing,2020,1.2403,74.98,10.008,1.0794
CAG,Manufacturing,2021,1.1148,70.99,10.018,1.0492
CAG,Manufacturing,2022,1.1836,70.99,10.001,1.0836
CAH,Wholesale Trade,2003,1.7025,21.6,9.827,0.3481
CAH,Wholesale Trade,2004,1.5855,34.99,9.97,0.4633
CAH,Wholesale Trade,2005,1.2316,47.83,10.001,0.3058
CAH,Wholesale Trade,2006,1.2516,31.96,10.059,0.3332
CAH,Wholesale Trade,2007,1.273,24.88,10.05,0.4708
CAH,Wholesale Trade,2008,0.9496,31.42,10.063,0.4965
CAH,Wholesale Trade,2009,0.583,40.45,10.131,0.418
CAH,Wholesale Trade,2010,0.7057,36.99,9.903,0.4036
CAH,Wholesale Trade,2011,0.8075,41.2,10.037,0.4278
CAH,Wholesale Trade,2012,0.7131,44.77,10.097,0.4635
CAH,Wholesale Trade,2013,0.769,46.26,10.159,0.645
CAH,Wholesale Trade,2014,1.0401,44.54,10.167,0.6205
CAH,Wholesale Trade,2015,1.0925,40.39,10.314,0.8779
CAH,Wholesale Trade,2016,0.8985,46.72,10.438,0.8451
CAH,Wholesale Trade,2017,0.873,48.2,10.599,1.5269
CAH,Wholesale Trade,2018,0.6033,41.5,10.595,1.4875
CAH,Wholesale Trade,2019,0.5399,74.67,10.62,1.2691
CAH,Wholesale Trade,2020,0.5522,75.75,10.616,4.0358
CAH,Wholesale Trade,2021,0.5248,77.69,10.702,3.7493
CARR,Manufacturing,2020,1.7441,59.4,10.13,1.7642
CARR,Manufacturing,2021,2.1842,60.16,10.172,1.5299
CARR,Manufacturing,2022,1.6842,60.16,10.169,1.2249
CARR,Manufacturing,2023,1.9208,65.9,10.399,1.7047
CAT,Manufacturing,2005,1.3704,53.19,10.759,3.0532
CAT,Manufacturing,2006,1.315,53.19,10.837,3.9796
CAT,Manufacturing,2007,1.3131,40.97,10.935,3.2004
CAT,Manufacturing,2008,0.9207,43.9,11.124,5.8379
CAT,Manufacturing,2009,1.1199,45.46,11.003,3.6191
CAT,Manufacturing,2010,1.3785,55.23,11.067,2.6255
CAT,Manufacturing,2011,1.145,72.6,11.308,2.6851
CAT,Manufacturing,2012,1.1061,75.66,11.4,2.2897
CAT,Manufacturing,2013,1.1269,74.77,11.349,1.8139
CAT,Manufacturing,2014,1.1191,68.32,11.347,2.3459
CAT,Manufacturing,2015,0.9894,75.04,11.271,2.5723
CAT,Manufacturing,2016,1.2205,73.05,11.221,2.8
CAT,Manufacturing,2017,1.6768,64.63,11.251,2.5464
CAT,Manufacturing,2018,1.3971,75.59,11.271,2.6037
CAT,Manufacturing,2019,1.5236,68.33,11.27,2.6248
CAT,Manufacturing,2020,1.7496,74.08,11.269,2.4645
CAT,Manufacturing,2021,1.8023,83.77,11.324,2.3314
CAT,Manufacturing,2022,1.968,83.77,11.314,2.3676
CAT,Manufacturing,2023,2.1275,83.48,11.379,1.9725
CB,Finance and Insurance,2002,0.2319,32.76,10.679,0.3709
CB,Finance and Insurance,2003,0.2818,31.06,10.811,0.2683
CB,Finance and Insurance,2004,0.2593,40.8,10.936,0.2446
CB,Finance and Insurance,2005,0.3155,32.73,11.042,0.2049
CB,Finance and Insurance,2006,0.331,32.73,11.114,0.1714
CB,Finance and Insurance,2007,0.3171,33.66,11.186,0.1494
CB,Finance and Insurance,2008,0.2948,43.6,11.185,0.2482
CB,Finance and Insurance,2009,0.264,46.61,11.264,0.1845
CB,Finance and Insurance,2010,0.3097,46.5,11.331,0.2162
CB,Finance and Insurance,2011,0.3262,43.79,11.379,0.2007
CB,Finance and Insurance,2012,0.3482,42.52,11.435,0.1842
CB,Finance and Insurance,2013,0.4359,39.56,11.456,0.2087
CB,Finance and Insurance,2014,0.4476,38.09,11.495,0.2102
CB,Finance and Insurance,2015,0.4795,37.59,11.536,0.383
CB,Finance and Insurance,2016,0.478,49.14,11.982,0.307
CB,Finance and Insurance,2017,0.4913,49.58,12.026,0.2792
CB,Finance and Insurance,2018,0.4389,52.14,12.03,0.2847
CB,Finance and Insurance,2019,0.4947,50.94,12.084,0.3106
CB,Finance and Insurance,2020,0.4537,49.1,12.159,0.289
CB,Finance and Insurance,2021,0.504,49.16,12.206,0.3076
CB,Finance and Insurance,2022,0.5458,49.16,12.202,0.3411
CB,Finance and Insurance,2023,0.4771,54.69,12.349,0.3104
CBOE,Finance and Insurance,2011,7.0015,19.22,5.793,0.0
CBOE,Finance and Insurance,2012,7.5873,21.28,5.826,0.0
CBOE,Finance and Insurance,2013,10.21,25.31,6.09,0.0
CBOE,Finance and Insurance,2014,13.8955,35.44,5.95,0.0
CBOE,Finance and Insurance,2015,13.8455,46.07,5.953,0.0
CBOE,Finance and Insurance,2016,12.6017,47.92,6.167,0.0
CBOE,Finance and Insurance,2017,2.9026,46.47,8.569,0.398
CBOE,Finance and Insurance,2018,2.2803,51.57,8.579,0.375
CBOE,Finance and Insurance,2019,2.7771,47.91,8.54,0.2751
CBOE,Finance and Insurance,2020,1.7402,58.68,8.782,0.4027
CBOE,Finance and Insurance,2021,2.2527,64.6,8.827,0.4006
CBOE,Finance and Insurance,2022,2.1694,64.6,8.854,0.5453
CBOE,Finance and Insurance,2023,2.7317,59.48,8.921,0.4042
CBRE,Real Estate Rental and Leasing,2004,1.3893,35.82,7.728,1.3801
CBRE,Real Estate Rental and Leasing,2005,1.8381,37.41,7.943,1.0498
CBRE,Real Estate Rental and Leasing,2006,1.6918,39.27,8.69,2.1201
CBRE,Real Estate Rental and Leasing,2007,1.1434,63.83,8.739,2.8258
CBRE,Real Estate Rental and Leasing,2008,0.8621,80.18,8.461,25.6452
CBRE,Real Estate Rental and Leasing,2009,1.4641,71.73,8.525,4.7874
CBRE,Real Estate Rental and Leasing,2010,1.7874,79.26,8.541,2.7826
CBRE,Real Estate Rental and Leasing,2011,1.2043,77.94,8.884,3.2155
CBRE,Real Estate Rental and Leasing,2012,1.3414,81.1,8.963,2.5384
CBRE,Real Estate Rental and Leasing,2013,1.6029,84.27,8.853,1.3125
CBRE,Real Estate Rental and Leasing,2014,1.8084,75.98,8.942,1.0727
CBRE,Real Estate Rental and Leasing,2015,1.4546,82.91,9.307,1.6473
CBRE,Real Estate Rental and Leasing,2016,1.3405,88.77,9.285,1.2701
CBRE,Real Estate Rental and Leasing,2017,1.5352,88.99,9.349,0.7285
CBRE,Real Estate Rental and Leasing,2018,1.2332,92.19,9.507,0.6288
CBRE,Real Estate Rental and Leasing,2019,1.5185,90.09,9.693,0.6545
CBRE,Real Estate Rental and Leasing,2020,1.4048,86.06,9.8,0.6067
CBRE,Real Estate Rental and Leasing,2021,1.8338,84.75,10.002,0.511
CBRE,Real Estate Rental and Leasing,2022,1.3427,84.75,9.929,0.4595
CBRE,Real Estate Rental and Leasing,2023,1.4792,83.91,10.023,0.6014
CCI,Real Estate Rental and Leasing,2004,1.2203,19.32,8.428,1.0091
CCI,Real Estate Rental and Leasing,2005,1.9448,19.32,8.326,1.927
CCI,Real Estate Rental and Leasing,2006,2.0057,33.32,8.518,4.6463
CCI,Real Estate Rental and Leasing,2007,1.6992,19.46,9.258,1.9164
CCI,Real Estate Rental and Leasing,2008,1.0778,18.77,9.246,2.2449
CCI,Real Estate Rental and Leasing,2009,1.6435,25.54,9.302,2.2407
CCI,Real Estate Rental and Leasing,2010,1.865,24.67,9.256,2.7721
CCI,Real Estate Rental and Leasing,2011,1.8614,24.67,9.263,2.8856
CCI,Real Estate Rental and Leasing,2012,2.0366,24.34,9.686,3.9511
CCI,Real Estate Rental and Leasing,2013,1.7541,31.2,9.933,1.6739
CCI,Real Estate Rental and Leasing,2014,1.8065,24.89,9.959,1.775
CCI,Real Estate Rental and Leasing,2015,1.8653,30.65,10.0,1.7279
CCI,Real Estate Rental and Leasing,2016,1.9164,33.83,10.029,1.6106
CCI,Real Estate Rental and Leasing,2017,1.9008,37.61,10.381,1.3096
CCI,Real Estate Rental and Leasing,2018,1.8839,37.61,10.398,1.3862
CCI,Real Estate Rental and Leasing,2019,2.16,60.25,10.557,2.2815
CCI,Real Estate Rental and Leasing,2020,2.4254,66.83,10.565,2.6865
CCI,Real Estate Rental and Leasing,2021,3.0017,63.21,10.572,3.2706
CCI,Real Estate Rental and Leasing,2022,2.2274,63.21,10.569,3.7535
CCI,Real Estate Rental and Leasing,2023,2.0455,68.06,10.559,4.5156
CCL,Transportation and Warehousing,2002,1.5906,20.61,9.42,0.4261
CCL,Transportation and Warehousing,2003,1.4489,24.53,10.106,0.5368
CCL,Transportation and Warehousing,2004,1.83,28.26,10.227,0.5046
CCL,Transportation and Warehousing,2005,1.809,32.56,10.255,0.4332
CCL,Transportation and Warehousing,2006,1.53,48.24,10.327,0.4309
CCL,Transportation and Warehousing,2007,1.2978,56.38,10.439,0.4434
CCL,Transportation and Warehousing,2008,0.7733,57.56,10.416,0.4892
CCL,Transportation and Warehousing,2009,0.9571,61.94,10.514,0.456
CCL,Transportation and Warehousing,2010,1.1203,71.85,10.532,0.4066
CCL,Transportation and Warehousing,2011,0.9097,63.26,10.562,0.3925
CCL,Transportation and Warehousing,2012,0.9934,69.15,10.575,0.372
CCL,Transportation and Warehousing,2013,0.9371,67.8,10.599,0.3893
CCL,Transportation and Warehousing,2014,1.0979,74.77,10.585,0.3742
CCL,Transportation and Warehousing,2015,1.2181,74.63,10.577,0.3697
CCL,Transportation and Warehousing,2016,1.2014,78.78,10.57,0.4184
CCL,Transportation and Warehousing,2017,1.3812,77.48,10.616,0.3797
CCL,Transportation and Warehousing,2018,1.2331,80.26,10.655,0.4223
CCL,Transportation and Warehousing,2019,0.9396,80.26,10.716,0.4535
CCL,Transportation and Warehousing,2020,0.9348,82.83,10.889,1.3807
CCL,Transportation and Warehousing,2021,1.024,69.25,10.885,2.8497
CCL,Transportation and Warehousing,2022,0.9358,70.7,10.853,5.0787
CCL,Transportation and Warehousing,2023,1.0368,70.7,10.802,4.6338
CDNS,Information,2005,1.5682,43.25,8.132,0.3144
CDNS,Information,2006,1.6504,50.65,8.144,0.4463
CDNS,Information,2007,1.3957,31.04,8.261,0.3511
CDNS,Information,2008,0.8601,31.04,7.426,4.9052
CDNS,Information,2009,1.4499,28.91,7.252,4.0233
CDNS,Information,2010,1.5911,24.27,7.457,1.9868
CDNS,Information,2011,1.852,28.5,7.474,1.0361
CDNS,Information,2012,1.8533,39.6,7.735,0.4884
CDNS,Information,2013,1.7971,38.65,7.795,0.281
CDNS,Information,2014,1.9387,38.65,8.074,0.5183
CDNS,Information,2015,2.8869,32.54,7.763,0.2535
CDNS,Information,2016,3.6755,36.29,7.648,0.9349
CDNS,Information,2017,5.1785,45.35,7.791,0.7373
CDNS,Information,2018,5.1122,45.93,7.811,0.3456
CDNS,Information,2019,5.9177,72.1,8.119,0.217
CDNS,Information,2020,9.7577,72.1,8.282,0.1984
CDNS,Information,2021,11.869,85.11,8.386,0.1751
CDNS,Information,2022,8.7066,73.37,8.544,0.3367
CDNS,Information,2023,13.1953,74.86,8.643,0.2368
CE,Manufacturing,2005,0.8689,19.72,8.915,14.6255
CE,Manufacturing,2006,0.9632,17.91,8.974,4.4447
CE,Manufacturing,2007,1.2401,45.54,8.994,3.3484
CE,Manufacturing,2008,0.7419,43.97,8.877,19.4121
CE,Manufacturing,2009,0.9674,52.18,9.037,5.9949
CE,Manufacturing,2010,1.163,50.64,9.022,3.4752
CE,Manufacturing,2011,1.1674,43.87,9.05,2.2498
CE,Manufacturing,2012,1.1145,40.27,9.122,1.7908
CE,Manufacturing,2013,1.3023,44.78,9.107,1.1352
CE,Manufacturing,2014,1.351,50.7,9.085,0.9741
CE,Manufacturing,2015,1.4982,49.58,9.058,1.2536
CE,Manufacturing,2016,1.6852,46.37,9.031,1.1623
CE,Manufacturing,2017,1.906,42.74,9.163,1.2612
CE,Manufacturing,2018,1.6166,39.56,9.139,1.1833
CE,Manufacturing,2019,1.9876,48.54,9.157,1.6414
CE,Manufacturing,2020,1.7235,61.07,9.297,1.1251
CE,Manufacturing,2021,1.8671,68.13,9.391,1.0036
CE,Manufacturing,2022,0.9979,68.13,10.176,2.6833
CE,Manufacturing,2023,1.1662,71.01,10.189,1.9882
CEG,Utilities,2022,0.7393,28.09,10.756,0.5879
CEG,Utilities,2023,0.9264,57.33,10.835,0.9072
CF,Manufacturing,2008,0.9981,18.68,7.778,0.0031
CF,Manufacturing,2009,1.7692,17.64,7.822,0.0027
CF,Manufacturing,2010,1.3234,17.88,9.078,0.4837
CF,Manufacturing,2011,1.2371,18.63,9.102,0.3558
CF,Manufacturing,2012,1.4158,26.64,9.227,0.2719
CF,Manufacturing,2013,1.513,30.33,9.276,0.6188
CF,Manufacturing,2014,1.5669,33.65,9.336,1.0909
CF,Manufacturing,2015,1.1857,42.44,9.452,1.386
CF,Manufacturing,2016,0.8669,46.34,9.625,1.7258
CF,Manufacturing,2017,1.0856,57.01,9.508,1.311
CF,Manufacturing,2018,1.1368,59.69,9.446,1.5882
CF,Manufacturing,2019,1.1956,67.13,9.407,1.4636
CF,Manufacturing,2020,1.0401,67.13,9.395,1.4452
CF,Manufacturing,2021,1.4875,66.17,9.423,1.1591
CF,Manufacturing,2022,1.4941,66.17,9.496,0.6385
CF,Manufacturing,2023,1.2655,62.68,9.573,0.5653
CFG,Finance and Insurance,2015,0.1964,36.25,11.837,0.6865
CFG,Finance and Insurance,2016,0.2367,45.29,11.915,0.8794
CFG,Finance and Insurance,2017,0.23,57.48,11.934,0.721
CFG,Finance and Insurance,2018,0.1937,64.06,11.986,0.8631
CFG,Finance and Insurance,2019,0.1969,66.29,12.018,0.7291
CFG,Finance and Insurance,2020,0.1347,66.29,12.119,0.4551
CFG,Finance and Insurance,2021,0.1473,64.41,12.146,0.3647
CFG,Finance and Insurance,2022,0.1603,64.41,12.332,0.7822
CFG,Finance and Insurance,2023,0.137,60.99,12.31,0.6695
CHD,Manufacturing,2008,1.7093,30.87,7.938,0.643
CHD,Manufacturing,2009,1.6294,37.57,8.045,0.5097
CHD,Manufacturing,2010,1.784,45.22,7.988,0.1816
CHD,Manufacturing,2011,2.175,51.45,8.045,0.1322
CHD,Manufacturing,2012,2.0467,50.84,8.318,0.4625
CHD,Manufacturing,2013,2.377,52.87,8.357,0.3978
CHD,Manufacturing,2014,2.6729,53.99,8.385,0.5715
CHD,Manufacturing,2015,2.8615,55.29,8.356,0.5687
CHD,Manufacturing,2016,2.857,55.16,8.379,0.6154
CHD,Manufacturing,2017,2.4755,57.51,8.702,1.1119
CHD,Manufacturing,2018,3.0361,56.56,8.711,0.8931
CHD,Manufacturing,2019,2.927,59.47,8.803,0.8335
CHD,Manufacturing,2020,3.2045,67.97,8.911,0.7804
CHD,Manufacturing,2021,3.4509,67.59,8.987,0.8456
CHD,Manufacturing,2022,2.697,67.59,9.029,0.8159
CHD,Manufacturing,2023,2.9872,71.45,9.056,0.6758
CHRW,Transportation and Warehousing,2004,4.3791,27.29,6.985,0.0
CHRW,Transportation and Warehousing,2005,4.5928,13.53,7.241,0.0
CHRW,Transportation and Warehousing,2006,4.3267,14.96,7.397,0.0
CHRW,Transportation and Warehousing,2007,5.104,14.71,7.502,0.0
CHRW,Transportation and Warehousing,2008,5.1655,14.71,7.504,0.0
CHRW,Transportation and Warehousing,2009,5.3502,10.86,7.514,0.0
CHRW,Transportation and Warehousing,2010,6.672,10.31,7.599,0.0
CHRW,Transportation and Warehousing,2011,5.3343,21.11,7.668,0.0
CHRW,Transportation and Warehousing,2012,3.7275,23.97,7.939,0.1686
CHRW,Transportation and Warehousing,2013,3.439,24.02,7.938,0.9311
CHRW,Transportation and Warehousing,2014,3.7561,20.81,8.075,1.0554
CHRW,Transportation and Warehousing,2015,3.0923,29.48,8.066,0.8258
CHRW,Transportation and Warehousing,2016,3.1424,33.66,8.213,0.9858
CHRW,Transportation and Warehousing,2017,3.2808,40.26,8.351,1.0275
CHRW,Transportation and Warehousing,2018,2.9115,42.1,8.396,0.8441
CHRW,Transportation and Warehousing,2019,2.6082,44.29,8.443,0.9314
CHRW,Transportation and Warehousing,2020,2.7282,44.29,8.546,0.7596
CHRW,Transportation and Warehousing,2021,2.2952,40.22,8.858,1.1011
CHRW,Transportation and Warehousing,2022,2.1852,40.22,8.692,1.7446
CHRW,Transportation and Warehousing,2023,2.3042,34.71,8.561,1.3763
CI,Health Care and Social Assistance,2005,0.3338,29.5,10.711,0.2683
CI,Health Care and Social Assistance,2006,0.3457,29.5,10.655,0.3871
CI,Health Care and Social Assistance,2007,0.4197,40.77,10.598,0.3776
CI,Health Care and Social Assistance,2008,0.168,56.26,10.631,0.6656
CI,Health Care and Social Assistance,2009,0.2839,45.62,10.669,0.4689
CI,Health Care and Social Assistance,2010,0.2804,49.55,10.729,0.4274
CI,Health Care and Social Assistance,2011,0.3347,52.58,10.841,0.6105
CI,Health Care and Social Assistance,2012,0.3809,59.98,10.892,0.531
CI,Health Care and Social Assistance,2013,0.5402,60.96,10.903,0.4965
CI,Health Care and Social Assistance,2014,0.5695,56.76,10.931,0.4782
CI,Health Care and Social Assistance,2015,0.7481,69.35,10.952,0.4295
CI,Health Care and Social Assistance,2016,0.662,75.62,10.991,0.3667
CI,Health Care and Social Assistance,2017,0.8904,65.01,11.031,0.396
CI,Health Care and Social Assistance,2018,0.7494,66.28,11.94,1.0353
CI,Health Care and Social Assistance,2019,0.7332,71.09,11.956,0.839
CI,Health Care and Social Assistance,2020,0.691,74.49,11.954,0.667
CI,Health Care and Social Assistance,2021,0.6998,76.58,11.95,0.7267
CI,Health Care and Social Assistance,2022,0.9068,76.58,11.877,0.7032
CI,Health Care and Social Assistance,2023,0.7788,75.01,11.937,0.6788
CINF,Finance and Insurance,2002,0.4756,20.2,9.551,0.1077
CINF,Finance and Insurance,2003,0.4696,16.48,9.649,0.0972
CINF,Finance and Insurance,2004,0.508,35.38,9.687,0.1266
CINF,Finance and Insurance,2005,0.5352,29.83,9.681,0.13
CINF,Finance and Insurance,2006,0.5039,34.59,9.754,0.1234
CINF,Finance and Insurance,2007,0.4471,22.44,9.719,0.1476
CINF,Finance and Insurance,2008,0.4161,23.19,9.501,0.2042
CINF,Finance and Insurance,2009,0.3544,36.15,9.578,0.1821
CINF,Finance and Insurance,2010,0.3969,31.87,9.622,0.1705
CINF,Finance and Insurance,2011,0.374,36.21,9.659,0.183
CINF,Finance and Insurance,2012,0.442,44.51,9.714,0.1707
CINF,Finance and Insurance,2013,0.5365,46.11,9.779,0.1547
CINF,Finance and Insurance,2014,0.4992,45.62,9.839,0.1333
CINF,Finance and Insurance,2015,0.5589,50.47,9.846,0.1332
CINF,Finance and Insurance,2016,0.6523,49.57,9.923,0.1198
CINF,Finance and Insurance,2017,0.6015,51.92,9.992,0.1032
CINF,Finance and Insurance,2018,0.6142,50.13,9.996,0.1106
CINF,Finance and Insurance,2019,0.7091,50.89,10.143,0.0897
CINF,Finance and Insurance,2020,0.5432,53.45,10.223,0.0833
CINF,Finance and Insurance,2021,0.6104,50.49,10.354,0.0684
CINF,Finance and Insurance,2022,0.5709,50.49,10.3,0.0846
CINF,Finance and Insurance,2023,0.5224,56.8,10.397,0.0722
CL,Manufacturing,2002,4.4738,40.83,8.866,9.8092
CL,Manufacturing,2003,3.9865,50.09,8.92,3.353
CL,Manufacturing,2004,3.5302,47.91,9.068,2.8734
CL,Manufacturing,2005,3.7331,46.24,9.049,2.4978
CL,Manufacturing,2006,4.0618,40.53,9.12,2.5502
CL,Manufacturing,2007,4.2722,69.21,9.221,1.5236
CL,Manufacturing,2008,3.8229,75.23,9.208,1.9623
CL,Manufacturing,2009,3.9319,77.9,9.318,1.0331
CL,Manufacturing,2010,3.8664,78.05,9.321,1.28
CL,Manufacturing,2011,3.8635,73.15,9.451,2.0253
CL,Manufacturing,2012,4.0421,74.08,9.503,2.3892
CL,Manufacturing,2013,4.731,74.37,9.538,2.4542
CL,Manufacturing,2014,5.118,75.16,9.507,5.3694
CL,Manufacturing,2019,4.4779,83.9,9.618,72.5043
CL,Manufacturing,2020,5.0809,92.53,9.675,11.0552
CL,Manufacturing,2021,5.2899,92.64,9.618,12.8621
CL,Manufacturing,2022,4.7475,92.64,9.663,23.1197
CL,Manufacturing,2023,4.547,91.77,9.705,14.8834
CLX,Manufacturing,2003,2.7882,12.02,8.203,0.8798
CLX,Manufacturing,2004,3.1874,26.69,8.252,0.4974
CLX,Manufacturing,2007,3.1176,41.19,8.207,11.9064
CLX,Manufacturing,2010,2.5073,64.53,8.424,33.6747
CLX,Manufacturing,2013,3.0644,63.62,8.369,16.2466
CLX,Manufacturing,2014,3.3079,64.55,8.357,15.0195
CLX,Manufacturing,2015,3.7412,63.92,8.334,18.6441
CLX,Manufacturing,2016,4.4771,67.69,8.416,7.8316
CLX,Manufacturing,2017,4.2396,63.33,8.428,4.0554
CLX,Manufacturing,2018,3.9118,65.77,8.529,3.4215
CLX,Manufacturing,2019,4.2877,68.65,8.54,4.8157
CLX,Manufacturing,2020,4.9606,70.78,8.734,3.4537
CLX,Manufacturing,2021,3.9904,70.94,8.754,7.7518
CLX,Manufacturing,2022,3.3264,76.87,8.726,5.6151
CLX,Manufacturing,2023,3.8093,75.85,8.69,13.4273
CMA,Finance and Insurance,2002,0.2498,13.78,10.884,1.1635
CMA,Finance and Insurance,2003,0.2828,16.44,10.87,0.9908
CMA,Finance and Insurance,2004,0.2875,24.89,10.854,0.8774
CMA,Finance and Insurance,2005,0.2548,22.66,10.878,0.8412
CMA,Finance and Insurance,2006,0.2729,25.09,10.968,1.2777
CMA,Finance and Insurance,2007,0.2913,30.89,11.04,2.2724
CMA,Finance and Insurance,2008,0.293,30.89,11.121,3.345
CMA,Finance and Insurance,2009,0.2699,50.97,10.99,2.362
CMA,Finance and Insurance,2010,0.2557,59.67,10.891,1.082
CMA,Finance and Insurance,2011,0.1656,63.31,11.019,0.7301
CMA,Finance and Insurance,2012,0.1613,65.22,11.088,0.6958
CMA,Finance and Insurance,2013,0.1911,62.61,11.086,0.5307
CMA,Finance and Insurance,2014,0.1616,65.04,11.145,0.3776
CMA,Finance and Insurance,2015,0.1451,70.14,11.183,0.4075
CMA,Finance and Insurance,2016,0.2347,70.26,11.198,0.6651
CMA,Finance and Insurance,2017,0.2744,71.77,11.178,0.5817
CMA,Finance and Insurance,2018,0.2472,70.2,11.168,0.8668
CMA,Finance and Insurance,2019,0.2439,70.6,11.204,1.0519
CMA,Finance and Insurance,2020,0.1569,70.94,11.387,0.7911
CMA,Finance and Insurance,2021,0.1535,68.75,11.458,0.4201
CMA,Finance and Insurance,2022,0.1803,68.75,11.355,1.3873
CMA,Finance and Insurance,2023,0.2041,68.38,11.36,1.6898
CMCSA,Information,2002,0.7771,10.41,11.636,0.9108
CMCSA,Information,2003,0.9236,6.18,11.601,0.648
CMCSA,Information,2004,0.9285,6.18,11.559,0.5696
CMCSA,Information,2005,0.764,16.91,11.544,0.5811
CMCSA,Information,2006,1.061,12.2,11.612,0.7038
CMCSA,Information,2007,0.7609,28.8,11.639,0.7577
CMCSA,Information,2008,0.7174,28.8,11.635,0.8024
CMCSA,Information,2009,0.6825,37.89,11.633,0.6811
CMCSA,Information,2010,0.7796,33.44,11.683,0.7083
CMCSA,Information,2011,0.6556,33.44,11.969,0.8315
CMCSA,Information,2012,0.843,34.27,12.014,0.8197
CMCSA,Information,2013,1.1542,34.27,11.975,0.9438
CMCSA,Information,2014,1.2278,50.5,11.979,0.9151
CMCSA,Information,2015,1.1433,50.5,12.023,1.0067
CMCSA,Information,2016,1.2471,60.23,12.103,1.1317
CMCSA,Information,2017,1.3403,55.72,12.139,0.941
CMCSA,Information,2018,1.0563,59.85,12.436,1.5604
CMCSA,Information,2019,1.2024,57.73,12.481,1.3537
CMCSA,Information,2020,1.2904,62.71,12.52,1.2553
CMCSA,Information,2021,1.2157,64.06,12.528,1.1162
CMCSA,Information,2022,0.9886,64.06,12.458,1.319
CMCSA,Information,2023,1.0504,66.47,12.487,1.2536
CME,Finance and Insurance,2004,2.7294,17.25,7.958,0.0
CME,Finance and Insurance,2005,3.1985,41.65,8.286,0.0
CME,Finance and Insurance,2006,4.1238,56.45,8.368,0.0
CME,Finance and Insurance,2007,1.8081,48.42,9.919,0.0134
CME,Finance and Insurance,2008,0.3538,48.86,10.782,0.1721
CME,Finance and Insurance,2009,0.6917,36.3,10.482,0.1199
CME,Finance and Insurance,2010,0.6858,42.47,10.464,0.1259
CME,Finance and Insurance,2011,0.447,30.87,10.615,0.0978
CME,Finance and Insurance,2012,0.5061,31.56,10.568,0.1334
CME,Finance and Insurance,2013,0.5352,47.52,10.902,0.1351
CME,Finance and Insurance,2014,0.4408,45.65,11.188,0.1007
CME,Finance and Insurance,2015,0.4864,53.08,11.118,0.1091
CME,Finance and Insurance,2016,0.5946,44.77,11.147,0.1097
CME,Finance and Insurance,2017,0.6832,43.29,11.236,0.0996
CME,Finance and Insurance,2018,0.9232,46.27,11.258,0.1698
CME,Finance and Insurance,2019,1.0124,45.13,11.228,0.1684
CME,Finance and Insurance,2020,0.5556,50.21,11.733,0.1547
CME,Finance and Insurance,2021,0.4368,45.41,12.19,0.1469
CME,Finance and Insurance,2022,0.3692,62.27,12.068,0.1469
CME,Finance and Insurance,2023,0.6132,62.27,11.773,0.1453
CMG,Accommodation and Food Services,2009,2.8907,23.93,6.868,0.0055
CMG,Accommodation and Food Services,2010,5.8951,23.55,7.023,0.0047
CMG,Accommodation and Food Services,2011,7.408,23.55,7.262,0.0035
CMG,Accommodation and Food Services,2012,5.5448,32.57,7.42,0.0028
CMG,Accommodation and Food Services,2020,7.0177,57.64,8.697,1.5628
CMG,Accommodation and Food Services,2021,7.9079,59.09,8.803,1.5323
CMG,Accommodation and Food Services,2022,6.072,62.51,8.843,1.5757
CMG,Accommodation and Food Services,2023,8.3007,62.51,8.993,1.3231
CMI,Manufacturing,2003,0.6645,38.47,8.542,1.5058
CMI,Manufacturing,2004,0.8143,30.02,8.784,1.1742
CMI,Manufacturing,2005,0.7785,41.23,8.837,0.7334
CMI,Manufacturing,2006,0.9034,36.01,8.918,0.2894
CMI,Manufacturing,2007,1.6031,38.17,9.011,0.1977
CMI,Manufacturing,2008,0.6975,56.34,9.05,0.2161
CMI,Manufacturing,2009,1.1114,56.34,9.084,0.1866
CMI,Manufacturing,2010,2.1507,69.62,9.25,0.1805
CMI,Manufacturing,2011,1.5019,64.94,9.365,0.1426
CMI,Manufacturing,2012,1.6877,73.9,9.437,0.1174
CMI,Manufacturing,2013,1.8927,74.61,9.598,0.2317
CMI,Manufacturing,2014,1.7626,76.37,9.666,0.2191
CMI,Manufacturing,2015,1.1219,74.39,9.625,0.2213
CMI,Manufacturing,2016,1.6487,76.61,9.617,0.27
CMI,Manufacturing,2017,1.7254,69.17,9.802,0.2763
CMI,Manufacturing,2018,1.2348,70.53,9.855,0.337
CMI,Manufacturing,2019,1.5099,68.29,9.89,0.382
CMI,Manufacturing,2020,1.6863,70.18,10.027,0.5727
CMI,Manufacturing,2021,1.5056,69.72,10.074,0.5444
CMI,Manufacturing,2022,1.4057,69.11,10.319,0.9309
CMI,Manufacturing,2023,1.2866,69.11,10.374,0.8145
CMS,Utilities,2003,0.6253,13.41,9.535,4.5937
CMS,Utilities,2004,0.616,12.65,9.672,3.735
CMS,Utilities,2005,0.6823,13.67,9.682,3.3295
CMS,Utilities,2006,0.6967,9.8,9.64,3.128
CMS,Utilities,2007,0.7342,26.26,9.561,3.0568
CMS,Utilities,2008,0.6071,26.26,9.609,2.7434
CMS,Utilities,2009,0.6814,32.79,9.633,2.6234
CMS,Utilities,2010,0.7703,38.02,9.656,2.6445
CMS,Utilities,2011,0.7826,45.71,9.708,2.3989
CMS,Utilities,2012,0.8144,41.09,9.749,2.3525
CMS,Utilities,2013,0.8668,43.51,9.765,2.3078
CMS,Utilities,2014,0.954,38.57,9.862,2.3812
CMS,Utilities,2015,0.9594,45.2,9.92,2.4159
CMS,Utilities,2016,1.0015,56.49,9.981,2.3593
CMS,Utilities,2017,1.0329,52.25,10.045,2.3614
CMS,Utilities,2018,1.0537,56.28,10.108,2.4768
CMS,Utilities,2019,1.16,56.28,10.198,2.6491
CMS,Utilities,2020,1.1076,53.49,10.298,2.7711
CMS,Utilities,2021,1.0903,50.28,10.266,1.951
CMS,Utilities,2022,1.0457,57.31,10.353,2.1116
CMS,Utilities,2023,0.9777,57.31,10.42,2.1407
CNC,Health Care and Social Assistance,2015,1.2455,36.66,8.901,0.5661
CNC,Health Care and Social Assistance,2016,0.7115,40.1,9.913,0.7897
CNC,Health Care and Social Assistance,2017,1.0156,34.39,9.992,0.686
CNC,Health Care and Social Assistance,2018,0.9859,38.26,10.339,0.6124
CNC,Health Care and Social Assistance,2019,0.9905,38.26,10.621,1.156
CNC,Health Care and Social Assistance,2020,0.7745,62.52,11.138,0.7107
CNC,Health Care and Social Assistance,2021,0.9015,66.15,11.269,0.8457
CNC,Health Care and Social Assistance,2022,0.8651,70.65,11.25,0.8868
CNC,Health Care and Social Assistance,2023,0.6916,70.65,11.346,0.7305
CNP,Utilities,2003,0.6538,18.44,9.97,6.2528
CNP,Utilities,2004,0.6888,14.26,9.807,8.1673
CNP,Utilities,2005,0.7531,19.22,9.748,6.8727
CNP,Utilities,2006,0.8163,15.48,9.778,5.9042
CNP,Utilities,2007,0.8641,21.91,9.791,5.4757
CNP,Utilities,2008,0.7641,31.65,9.887,5.2366
CNP,Utilities,2009,0.7966,31.65,9.892,3.8185
CNP,Utilities,2010,0.8037,33.17,9.909,2.965
CNP,Utilities,2011,0.8176,44.74,9.985,2.176
CNP,Utilities,2012,0.7885,37.86,10.038,2.2774
CNP,Utilities,2013,0.8368,38.14,9.993,1.9305
CNP,Utilities,2014,0.816,34.38,10.052,1.9474
CNP,Utilities,2015,0.7832,33.91,9.968,2.5467
CNP,Utilities,2016,0.8797,35.27,9.991,2.4832
CNP,Utilities,2017,0.9265,43.03,10.032,1.8857
CNP,Utilities,2018,0.8632,42.37,10.204,1.4505
CNP,Utilities,2019,0.8147,42.18,10.476,2.2926
CNP,Utilities,2020,0.759,32.52,10.418,2.251
CNP,Utilities,2021,0.8938,38.9,10.537,1.8697
CNP,Utilities,2022,0.9276,41.88,10.56,1.8239
CNP,Utilities,2023,0.9232,41.88,10.589,1.9273
COF,Finance and Insurance,2005,0.5441,41.82,11.393,1.5768
COF,Finance and Insurance,2006,0.4372,37.87,11.917,1.3466
COF,Finance and Insurance,2007,0.3647,29.94,11.922,1.5352
COF,Finance and Insurance,2008,0.215,46.69,12.019,0.9856
COF,Finance and Insurance,2009,0.2267,46.69,12.041,0.7903
COF,Finance and Insurance,2010,0.3101,45.49,12.194,1.5748
COF,Finance and Insurance,2011,0.2864,45.49,12.236,1.3335
COF,Finance and Insurance,2012,0.2673,46.19,12.654,1.2324
COF,Finance and Insurance,2013,0.2846,45.08,12.602,0.9739
COF,Finance and Insurance,2014,0.3048,57.7,12.641,1.0756
COF,Finance and Insurance,2015,0.2909,69.65,12.719,1.2502
COF,Finance and Insurance,2016,0.2867,69.64,12.786,1.2725
COF,Finance and Insurance,2017,0.2971,68.23,12.81,1.3586
COF,Finance and Insurance,2018,0.253,68.23,12.828,1.2451
COF,Finance and Insurance,2019,0.2675,79.05,12.875,1.0808
COF,Finance and Insurance,2020,0.2078,74.53,12.952,0.7628
COF,Finance and Insurance,2021,0.242,74.6,12.977,0.7933
COF,Finance and Insurance,2022,0.1881,72.44,13.029,1.051
COF,Finance and Insurance,2023,0.2112,72.44,13.078,0.961
COO,Manufacturing,2004,3.0432,13.08,6.699,0.3046
COO,Manufacturing,2005,1.7265,19.47,7.687,0.5536
COO,Manufacturing,2006,1.4069,21.44,7.763,0.5387
COO,Manufacturing,2007,1.0785,25.97,7.848,0.6158
COO,Manufacturing,2008,0.6371,22.14,7.858,0.6385
COO,Manufacturing,2009,0.8028,23.85,7.845,0.5073
COO,Manufacturing,2010,1.1375,27.68,7.834,0.3667
COO,Manufacturing,2011,1.4083,24.38,7.873,0.1964
COO,Manufacturing,2012,1.7077,21.88,7.987,0.1704
COO,Manufacturing,2013,2.0866,24.2,8.051,0.1433
COO,Manufacturing,2014,2.0799,39.95,8.403,0.5379
COO,Manufacturing,2015,1.9513,42.81,8.403,0.5061
COO,Manufacturing,2016,2.2167,45.83,8.406,0.494
COO,Manufacturing,2017,2.6545,48.59,8.489,0.3693
COO,Manufacturing,2018,2.41,42.31,8.718,0.6116
COO,Manufacturing,2019,2.5682,42.31,8.744,0.5033
COO,Manufacturing,2020,2.6313,59.43,8.815,0.5395
COO,Manufacturing,2021,2.3215,59.63,9.17,0.2516
COO,Manufacturing,2022,1.4342,59.63,9.349,0.4188
COO,Manufacturing,2023,1.5657,53.64,9.364,0.3739
COP,Mining,2003,0.7586,28.95,11.32,0.5174
COP,Mining,2004,0.8112,28.95,11.439,0.3511
COP,Mining,2005,0.8662,53.41,11.581,0.2374
COP,Mining,2006,0.8834,58.89,12.012,0.3283
COP,Mining,2007,0.9413,64.12,12.088,0.3211
COP,Mining,2008,0.7729,71.71,11.87,0.6118
COP,Mining,2009,0.7224,75.11,11.935,0.5494
COP,Mining,2010,0.8063,83.95,11.96,0.4172
COP,Mining,2011,0.7872,82.51,11.94,0.413
COP,Mining,2012,0.82,81.31,11.671,0.5274
COP,Mining,2013,0.9171,81.09,11.679,0.4159
COP,Mining,2014,0.9233,78.71,11.666,0.4347
COP,Mining,2015,0.8472,79.44,11.487,0.6257
COP,Mining,2016,0.9949,75.32,11.405,0.7799
COP,Mining,2017,1.1493,67.72,11.203,0.6437
COP,Mining,2018,1.2281,68.09,11.156,0.4686
COP,Mining,2019,1.2249,68.22,11.164,0.4524
COP,Mining,2020,0.9401,66.9,11.045,0.5412
COP,Mining,2021,1.264,66.68,11.415,0.4537
COP,Mining,2022,1.7223,65.06,11.449,0.3581
COP,Mining,2023,1.6302,65.06,11.471,0.3984
COR,Wholesale Trade,2002,0.8409,15.21,9.325,0.548
COR,Wholesale Trade,2003,0.651,25.96,9.396,0.4454
COR,Wholesale Trade,2004,0.629,26.91,9.363,0.3315
COR,Wholesale Trade,2005,0.796,21.45,9.34,0.2226
COR,Wholesale Trade,2006,0.7799,19.59,9.456,0.2645
COR,Wholesale Trade,2007,0.7238,23.52,9.418,0.3961
COR,Wholesale Trade,2008,0.5787,22.37,9.411,0.4388
COR,Wholesale Trade,2009,0.5615,38.4,9.516,0.4337
COR,Wholesale Trade,2010,0.6825,46.36,9.577,0.4548
COR,Wholesale Trade,2011,0.7403,47.37,9.615,0.4761
COR,Wholesale Trade,2012,0.6837,45.19,9.645,0.5889
COR,Wholesale Trade,2013,0.8166,42.23,9.848,0.6021
COR,Wholesale Trade,2014,0.8893,44.27,9.977,1.0198
COR,Wholesale Trade,2015,0.8345,44.27,10.23,5.5137
COR,Wholesale Trade,2016,0.6613,56.25,10.424,2.1045
COR,Wholesale Trade,2017,0.6182,56.07,10.472,1.8376
COR,Wholesale Trade,2018,0.6458,64.16,10.537,1.5898
COR,Wholesale Trade,2019,0.5493,67.14,10.576,1.5608
COR,Wholesale Trade,2021,0.5696,75.78,10.957,34.9465
COR,Wholesale Trade,2023,0.6719,70.55,11.044,11.2914
COST,Retail Trade,2003,1.2203,37.37,9.487,0.2051
COST,Retail Trade,2004,1.3495,44.61,9.622,0.1732
COST,Retail Trade,2005,1.2883,30.71,9.712,0.0865
COST,Retail Trade,2006,1.2687,30.71,9.77,0.0618
COST,Retail Trade,2007,1.4897,43.72,9.884,0.2576
COST,Retail Trade,2008,1.5158,43.35,9.937,0.2553
COST,Retail Trade,2009,1.116,43.53,9.998,0.2299
COST,Retail Trade,2010,1.1266,47.02,10.078,0.2157
COST,Retail Trade,2011,1.3613,68.54,10.195,0.1935
COST,Retail Trade,2012,1.6168,68.54,10.209,0.1266
COST,Retail Trade,2013,1.7865,69.07,10.318,0.4828
COST,Retail Trade,2014,1.7648,66.91,10.405,0.4297
COST,Retail Trade,2015,2.0269,69.13,10.418,0.6069
COST,Retail Trade,2016,2.3054,56.71,10.409,0.4582
COST,Retail Trade,2017,2.079,56.71,10.501,0.6531
COST,Retail Trade,2018,2.6728,61.35,10.617,0.5449
COST,Retail Trade,2019,3.0138,66.16,10.723,0.4752
COST,Retail Trade,2020,2.9608,65.4,10.925,0.6063
COST,Retail Trade,2021,3.588,72.39,10.99,0.6495
COST,Retail Trade,2022,3.7718,70.47,11.069,0.5283
COST,Retail Trade,2023,3.6779,70.47,11.142,0.4205
CPAY,Finance and Insurance,2011,1.3525,11.13,7.751,0.8612
CPAY,Finance and Insurance,2012,1.9446,8.4,7.909,1.0345
CPAY,Finance and Insurance,2013,2.8354,6.07,8.277,1.1949
CPAY,Finance and Insurance,2014,1.9857,12.18,9.068,1.3053
CPAY,Finance and Insurance,2015,2.0452,11.53,8.974,1.0378
CPAY,Finance and Insurance,2016,1.7509,14.49,9.172,1.251
CPAY,Finance and Insurance,2017,1.926,18.3,9.334,1.229
CPAY,Finance and Insurance,2018,1.8534,21.11,9.324,1.4428
CPAY,Finance and Insurance,2019,2.424,40.96,9.413,1.3836
CPAY,Finance and Insurance,2020,2.4344,49.23,9.323,1.3188
CPAY,Finance and Insurance,2021,1.7757,49.23,9.501,2.1203
CPB,Manufacturing,2003,2.1643,24.75,8.733,9.1163
CPB,Manufacturing,2004,2.0665,23.72,8.806,3.8364
CPB,Manufacturing,2005,2.2993,25.36,8.821,2.3567
CPB,Manufacturing,2006,2.2819,27.54,8.971,1.8173
CPB,Manufacturing,2007,2.5799,65.83,8.771,2.061
CPB,Manufacturing,2008,2.4044,65.83,8.776,1.9841
CPB,Manufacturing,2009,2.1908,80.21,8.709,3.6044
CPB,Manufacturing,2010,2.3649,86.2,8.744,3.0022
CPB,Manufacturing,2011,1.9907,83.44,8.834,2.8346
CPB,Manufacturing,2012,2.0092,82.41,8.784,3.1069
CPB,Manufacturing,2013,2.2894,84.46,9.027,3.659
CPB,Manufacturing,2014,2.0994,84.46,9.001,2.4861
CPB,Manufacturing,2015,2.396,89.29,8.998,2.9674
CPB,Manufacturing,2016,2.8981,87.8,8.967,2.3167
CPB,Manufacturing,2017,2.5159,91.99,8.952,2.16
CPB,Manufacturing,2018,1.5283,87.82,9.584,7.2537
CPB,Manufacturing,2019,1.5909,82.76,9.484,7.6827
CPB,Manufacturing,2020,1.7311,82.76,9.423,2.5154
CPB,Manufacturing,2021,1.5762,77.33,9.37,1.6789
CPB,Manufacturing,2022,1.6654,72.15,9.384,1.5158
CPB,Manufacturing,2023,1.5443,72.15,9.397,1.3567
CPRT,Information,2011,2.9912,22.78,6.989,0.6768
CPRT,Information,2012,2.9433,27.21,7.052,0.7915
CPRT,Information,2013,3.3486,26.39,7.196,0.5099
CPRT,Information,2014,2.9954,22.62,7.318,0.3018
CPRT,Information,2015,2.764,31.82,7.496,0.6696
CPRT,Information,2016,3.755,37.64,7.408,0.827
CPRT,Information,2017,3.9804,37.73,7.592,0.5765
CPRT,Information,2018,5.9901,41.91,7.744,0.2529
CPRT,Information,2019,7.1505,44.72,7.843,0.2256
CPRT,Information,2020,6.5006,33.99,8.148,0.2081
CPRT,Information,2021,7.7506,47.86,8.426,0.1468
CPRT,Information,2022,5.7659,52.17,8.577,0.0254
CPRT,Information,2023,6.2957,60.16,8.816,0.0183
CPT,Real Estate Rental and Leasing,2004,1.5422,28.77,7.874,2.1346
CPT,Real Estate Rental and Leasing,2005,1.3709,35.33,8.409,1.9207
CPT,Real Estate Rental and Leasing,2006,1.5551,35.78,8.431,1.344
CPT,Real Estate Rental and Leasing,2007,1.2225,25.97,8.495,1.8468
CPT,Real Estate Rental and Leasing,2008,1.0362,26.32,8.462,2.0067
CPT,Real Estate Rental and Leasing,2009,1.1825,27.83,8.436,1.7154
CPT,Real Estate Rental and Leasing,2010,1.3767,37.3,8.455,1.5202
CPT,Real Estate Rental and Leasing,2011,1.5344,49.88,8.439,1.3829
CPT,Real Estate Rental and Leasing,2012,1.5724,48.52,8.591,0.9795
CPT,Real Estate Rental and Leasing,2013,1.4255,42.51,8.636,0.9403
CPT,Real Estate Rental and Leasing,2014,1.6429,44.74,8.709,0.9744
CPT,Real Estate Rental and Leasing,2015,1.6918,50.38,8.706,0.9674
CPT,Real Estate Rental and Leasing,2016,1.7757,51.57,8.704,0.8228
CPT,Real Estate Rental and Leasing,2017,1.8895,49.09,8.728,0.6474
CPT,Real Estate Rental and Leasing,2018,1.8326,45.39,8.735,0.7011
CPT,Real Estate Rental and Leasing,2019,2.0566,45.39,8.817,0.6997
CPT,Real Estate Rental and Leasing,2020,1.9249,64.32,8.882,0.923
CPT,Real Estate Rental and Leasing,2021,2.9205,59.45,8.984,0.7577
CPT,Real Estate Rental and Leasing,2022,1.7825,59.58,9.141,0.7398
CPT,Real Estate Rental and Leasing,2023,1.6202,59.58,9.147,0.7472
CRL,"Professional, Scientific, and Technical Services",2004,1.4137,21.19,7.874,0.4664
CRL,"Professional, Scientific, and Technical Services",2005,1.318,18.78,7.839,0.1624
CRL,"Professional, Scientific, and Technical Services",2006,1.3553,31.77,7.847,0.3586
CRL,"Professional, Scientific, and Technical Services",2007,1.7798,38.66,7.939,0.2742
CRL,"Professional, Scientific, and Technical Services",2008,1.0801,40.47,7.678,0.4805
CRL,"Professional, Scientific, and Technical Services",2009,1.2305,47.68,7.698,0.3584
CRL,"Professional, Scientific, and Technical Services",2010,1.5616,44.76,7.458,1.0195
CRL,"Professional, Scientific, and Technical Services",2011,1.3179,35.92,7.351,1.366
CRL,"Professional, Scientific, and Technical Services",2012,1.5591,40.94,7.369,1.1094
CRL,"Professional, Scientific, and Technical Services",2013,1.9373,39.79,7.405,1.0356
CRL,"Professional, Scientific, and Technical Services",2014,2.0103,38.44,7.542,1.1572
CRL,"Professional, Scientific, and Technical Services",2015,2.2321,40.09,7.635,1.1773
CRL,"Professional, Scientific, and Technical Services",2016,1.7861,43.95,7.905,1.4759
CRL,"Professional, Scientific, and Technical Services",2017,2.1616,59.93,7.983,1.0957
CRL,"Professional, Scientific, and Technical Services",2018,1.8476,64.69,8.257,1.2662
CRL,"Professional, Scientific, and Technical Services",2019,2.0244,71.58,8.454,1.2387
CRL,"Professional, Scientific, and Technical Services",2020,2.658,68.58,8.611,1.0215
CRL,"Professional, Scientific, and Technical Services",2021,3.1281,67.16,8.857,1.1648
CRL,"Professional, Scientific, and Technical Services",2022,1.8741,67.16,8.936,1.0575
CRM,"Professional, Scientific, and Technical Services",2006,7.5514,39.8,6.5,0.0006
CRM,"Professional, Scientific, and Technical Services",2007,5.6839,39.37,6.994,0.0
CRM,"Professional, Scientific, and Technical Services",2008,2.2134,39.01,7.3,0.0096
CRM,"Professional, Scientific, and Technical Services",2009,3.4738,44.39,7.808,0.4462
CRM,"Professional, Scientific, and Technical Services",2010,5.712,44.39,8.036,0.3848
CRM,"Professional, Scientific, and Technical Services",2011,3.9775,43.58,8.334,0.351
CRM,"Professional, Scientific, and Technical Services",2013,4.2441,43.02,9.122,0.63
CRM,"Professional, Scientific, and Technical Services",2014,3.5745,45.71,9.277,0.3763
CRM,"Professional, Scientific, and Technical Services",2015,3.6936,55.97,9.455,0.301
CRM,"Professional, Scientific, and Technical Services",2016,3.309,62.95,9.775,0.2972
CRM,"Professional, Scientific, and Technical Services",2017,4.0534,62.95,9.953,0.2156
CRM,"Professional, Scientific, and Technical Services",2018,3.9166,60.83,10.333,0.2158
CRM,"Professional, Scientific, and Technical Services",2019,3.0668,63.87,10.917,0.1847
CRM,"Professional, Scientific, and Technical Services",2020,3.2232,61.83,11.102,0.1546
CRM,"Professional, Scientific, and Technical Services",2021,2.5674,60.23,11.464,0.2472
CRM,"Professional, Scientific, and Technical Services",2022,1.8175,66.8,11.501,0.255
CRM,"Professional, Scientific, and Technical Services",2023,2.8701,66.8,11.511,0.2274
CSCO,Manufacturing,2002,2.5487,56.11,10.54,0.0
CSCO,Manufacturing,2003,3.6756,64.17,10.522,0.0
CSCO,Manufacturing,2004,3.9584,55.03,10.48,0.0
CSCO,Manufacturing,2005,3.5782,80.31,10.431,0.0
CSCO,Manufacturing,2006,2.6473,84.66,10.676,0.2648
CSCO,Manufacturing,2007,3.4263,76.78,10.884,0.2036
CSCO,Manufacturing,2008,2.3237,80.08,10.981,0.2007
CSCO,Manufacturing,2009,2.0201,83.12,11.129,0.2664
CSCO,Manufacturing,2010,1.7964,85.17,11.304,0.3453
CSCO,Manufacturing,2011,1.1897,81.88,11.375,0.3562
CSCO,Manufacturing,2012,1.0989,80.64,11.427,0.3184
CSCO,Manufacturing,2013,1.523,82.48,11.525,0.2742
CSCO,Manufacturing,2014,1.4245,85.06,11.563,0.3691
CSCO,Manufacturing,2015,1.4969,84.67,11.639,0.4247
CSCO,Manufacturing,2016,1.4975,86.67,11.709,0.4505
CSCO,Manufacturing,2017,1.4669,87.41,11.774,0.5098
CSCO,Manufacturing,2018,2.0287,87.92,11.597,0.5918
CSCO,Manufacturing,2019,2.6599,87.38,11.491,0.7347
CSCO,Manufacturing,2020,2.2682,88.66,11.46,0.411
CSCO,Manufacturing,2021,2.5251,86.34,11.488,0.3075
CSCO,Manufacturing,2022,2.096,82.83,11.451,0.2655
CSCO,Manufacturing,2023,2.1699,82.83,11.531,0.2122
CSGP,Information,2015,3.4019,44.23,7.64,0.23
CSGP,Information,2016,2.9675,45.9,7.689,0.2045
CSGP,Information,2017,3.7314,54.81,7.963,0.0
CSGP,Information,2018,3.7111,54.51,8.106,0.0
CSGP,Information,2019,5.7313,56.78,8.257,0.044
CSGP,Information,2020,5.4305,53.36,8.842,0.2092
CSGP,Information,2021,4.4545,57.96,8.89,0.195
CSGP,Information,2022,3.8713,63.87,9.036,0.1603
CSGP,Information,2023,4.1224,63.87,9.096,0.1508
CSX,Transportation and Warehousing,2002,0.6267,23.13,9.95,1.1301
CSX,Transportation and Warehousing,2003,0.6913,8.17,9.988,1.1334
CSX,Transportation and Warehousing,2004,0.6491,17.23,10.11,1.0744
CSX,Transportation and Warehousing,2005,0.706,6.79,10.095,0.7581
CSX,Transportation and Warehousing,2006,0.837,24.53,10.132,0.6667
CSX,Transportation and Warehousing,2007,0.9867,55.03,10.148,0.8356
CSX,Transportation and Warehousing,2008,0.7803,55.69,10.177,0.9732
CSX,Transportation and Warehousing,2009,1.0019,62.86,10.205,0.9053
CSX,Transportation and Warehousing,2010,1.1582,60.58,10.245,0.9975
CSX,Transportation and Warehousing,2011,1.0632,72.89,10.291,1.093
CSX,Transportation and Warehousing,2012,0.9802,70.19,10.328,1.0939
CSX,Transportation and Warehousing,2013,1.2139,68.53,10.367,0.9115
CSX,Transportation and Warehousing,2014,1.3816,66.2,10.406,0.8736
CSX,Transportation and Warehousing,2015,1.0205,68.49,10.464,0.9186
CSX,Transportation and Warehousing,2016,1.2606,68.31,10.475,0.9669
CSX,Transportation and Warehousing,2017,1.7001,54.02,10.484,0.8031
CSX,Transportation and Warehousing,2018,1.7858,56.75,10.511,1.1746
CSX,Transportation and Warehousing,2019,1.9018,55.15,10.552,1.4169
CSX,Transportation and Warehousing,2020,2.1713,57.21,10.591,1.3133
CSX,Transportation and Warehousing,2021,2.4597,64.03,10.61,1.2534
CSX,Transportation and Warehousing,2022,1.9713,63.43,10.643,1.4748
CSX,Transportation and Warehousing,2023,2.0515,63.43,10.655,1.5742
CTAS,Other Services (except Public Administration),2001,3.8082,20.01,7.832,0.5068
CTAS,Other Services (except Public Administration),2002,2.6631,14.98,7.857,0.342
CTAS,Other Services (except Public Administration),2003,2.9366,30.4,7.941,0.2565
CTAS,Other Services (except Public Administration),2004,2.4061,34.39,8.026,0.2246
CTAS,Other Services (except Public Administration),2005,2.2513,31.49,8.139,0.3825
CTAS,Other Services (except Public Administration),2006,1.9516,46.3,8.18,0.4065
CTAS,Other Services (except Public Administration),2007,1.439,55.53,8.245,0.4187
CTAS,Other Services (except Public Administration),2008,1.1677,61.57,8.222,0.3323
CTAS,Other Services (except Public Administration),2009,1.1992,65.58,8.286,0.3102
CTAS,Other Services (except Public Administration),2010,1.3341,74.04,8.378,0.5585
CTAS,Other Services (except Public Administration),2011,1.4308,71.57,8.333,0.6006
CTAS,Other Services (except Public Administration),2012,1.5859,72.18,8.377,0.5947
CTAS,Other Services (except Public Administration),2013,1.9208,71.01,8.403,0.5933
CTAS,Other Services (except Public Administration),2014,2.6038,74.65,8.341,0.6727
CTAS,Other Services (except Public Administration),2015,2.7238,64.52,8.32,0.7055
CTAS,Other Services (except Public Administration),2016,2.3964,65.05,8.831,1.3607
CTAS,Other Services (except Public Administration),2017,3.1493,56.31,8.848,0.8405
CTAS,Other Services (except Public Administration),2018,3.4641,60.51,8.914,0.9491
CTAS,Other Services (except Public Administration),2019,3.696,66.26,8.945,0.8362
CTAS,Other Services (except Public Administration),2020,4.7963,65.04,9.016,0.7366
CTAS,Other Services (except Public Administration),2021,5.3371,74.25,9.005,0.8973
CTAS,Other Services (except Public Administration),2022,5.9324,61.02,9.053,0.6906
CTLT,Manufacturing,2017,1.8727,34.73,8.147,2.8745
CTLT,Manufacturing,2018,1.8341,42.52,8.419,2.5042
CTLT,Manufacturing,2019,1.7561,44.89,8.73,1.7598
CTLT,Manufacturing,2020,1.9357,53.01,8.959,1.0766
CTLT,Manufacturing,2021,2.3891,54.38,9.117,0.8506
CTLT,Manufacturing,2022,2.24,58.69,9.26,0.9007
CTLT,Manufacturing,2023,1.1814,58.69,9.285,1.0659
CTRA,Mining,2007,1.9402,23.78,7.7,0.327
CTRA,Mining,2008,0.9602,18.7,8.217,0.4842
CTRA,Mining,2009,1.4452,10.53,8.212,0.4441
CTRA,Mining,2010,1.2264,12.82,8.295,0.5206
CTRA,Mining,2011,2.0471,16.36,8.374,0.4514
CTRA,Mining,2012,2.4985,12.37,8.437,0.51
CTRA,Mining,2013,3.4704,15.15,8.513,0.5203
CTRA,Mining,2014,2.5712,28.35,8.601,0.8176
CTRA,Mining,2015,1.7763,27.35,8.568,1.0079
CTRA,Mining,2016,2.418,32.09,8.541,0.5922
CTRA,Mining,2017,3.1086,33.16,8.461,0.603
CTRA,Mining,2018,2.5419,32.89,8.343,0.5872
CTRA,Mining,2019,1.8238,32.89,8.409,0.5837
CTRA,Mining,2020,1.6936,28.7,8.417,0.5269
CTRA,Mining,2021,0.9508,35.83,9.898,0.295
CTRA,Mining,2022,1.0655,34.1,9.911,0.2053
CTRA,Mining,2023,1.0625,34.1,9.924,0.1937
CTSH,"Professional, Scientific, and Technical Services",2004,9.9167,56.66,6.35,0.0
CTSH,"Professional, Scientific, and Technical Services",2005,8.0526,47.67,6.768,0.0
CTSH,"Professional, Scientific, and Technical Services",2006,8.293,45.23,7.19,0.0
CTSH,"Professional, Scientific, and Technical Services",2007,5.3175,30.29,7.517,0.0
CTSH,"Professional, Scientific, and Technical Services",2008,2.2183,30.29,7.773,0.0
CTSH,"Professional, Scientific, and Technical Services",2009,4.0361,40.05,8.113,0.0
CTSH,"Professional, Scientific, and Technical Services",2010,4.8605,67.84,8.43,0.0
CTSH,"Professional, Scientific, and Technical Services",2011,3.539,64.97,8.614,0.0
CTSH,"Professional, Scientific, and Technical Services",2012,3.4177,65.38,8.783,0.0
CTSH,"Professional, Scientific, and Technical Services",2013,3.7379,66.71,9.013,0.0
CTSH,"Professional, Scientific, and Technical Services",2014,2.8781,66.68,9.369,0.2116
CTSH,"Professional, Scientific, and Technical Services",2015,2.8962,67.23,9.478,0.1388
CTSH,"Professional, Scientific, and Technical Services",2016,2.4502,74.21,9.565,0.0818
CTSH,"Professional, Scientific, and Technical Services",2017,2.8009,71.2,9.63,0.0818
CTSH,"Professional, Scientific, and Technical Services",2018,2.3486,68.64,9.675,0.0652
CTSH,"Professional, Scientific, and Technical Services",2019,2.203,56.2,9.693,0.1552
CTSH,"Professional, Scientific, and Technical Services",2020,2.6717,58.85,9.736,0.1643
CTSH,"Professional, Scientific, and Technical Services",2021,2.7018,72.31,9.79,0.138
CTSH,"Professional, Scientific, and Technical Services",2022,1.7173,77.72,9.79,0.1257
CTSH,"Professional, Scientific, and Technical Services",2023,2.1075,77.72,9.825,0.1012
CTVA,Wholesale Trade,2019,0.5381,37.44,10.655,0.0283
CTVA,Wholesale Trade,2020,0.7133,56.21,10.661,0.0658
CTVA,Wholesale Trade,2021,0.8484,54.41,10.654,0.0621
CTVA,Wholesale Trade,2022,1.0252,63.76,10.66,0.0694
CTVA,Wholesale Trade,2023,0.8508,63.76,10.669,0.1188
CVS,Retail Trade,2002,1.133,30.3,9.174,0.2165
CVS,Retail Trade,2003,1.4566,30.3,9.263,0.1811
CVS,Retail Trade,2004,1.4377,45.46,9.585,0.4119
CVS,Retail Trade,2005,1.5509,38.85,9.635,0.2662
CVS,Retail Trade,2006,1.4867,24.57,9.932,0.5168
CVS,Retail Trade,2007,1.2283,74.69,10.91,0.3364
CVS,Retail Trade,2008,0.8703,74.69,11.018,0.3419
CVS,Retail Trade,2009,0.9081,89.68,11.029,0.3124
CVS,Retail Trade,2010,0.9241,79.18,11.038,0.2668
CVS,Retail Trade,2011,0.9753,84.79,11.075,0.2632
CVS,Retail Trade,2012,1.0521,88.45,11.096,0.2607
CVS,Retail Trade,2013,1.3681,88.81,11.178,0.3533
CVS,Retail Trade,2014,1.6531,89.16,11.215,0.3413
CVS,Retail Trade,2015,1.4426,87.61,11.447,0.7384
CVS,Retail Trade,2016,1.1778,81.17,11.456,0.7475
CVS,Retail Trade,2017,1.0566,86.47,11.463,0.7164
CVS,Retail Trade,2018,0.8057,81.72,12.188,1.2611
CVS,Retail Trade,2019,0.8349,80.66,12.312,1.3936
CVS,Retail Trade,2020,0.7564,86.6,12.349,1.2256
CVS,Retail Trade,2021,0.9115,86.29,12.359,1.0123
CVS,Retail Trade,2022,0.8406,90.65,12.338,0.996
CVS,Retail Trade,2023,0.7251,90.65,12.428,1.0382
CVX,Manufacturing,2003,1.2883,46.58,11.308,0.3471
CVX,Manufacturing,2004,1.308,60.47,11.443,0.2492
CVX,Manufacturing,2005,1.1096,80.34,11.743,0.2053
CVX,Manufacturing,2006,1.2742,75.18,11.795,0.1427
CVX,Manufacturing,2007,1.3599,60.83,11.91,0.0938
CVX,Manufacturing,2008,0.9751,76.8,11.99,0.1027
CVX,Manufacturing,2009,1.0028,76.8,12.011,0.1144
CVX,Manufacturing,2010,1.0535,69.83,12.127,0.1092
CVX,Manufacturing,2011,1.0548,69.83,12.252,0.0836
CVX,Manufacturing,2012,0.9559,76.79,12.359,0.0893
CVX,Manufacturing,2013,1.0225,72.82,12.444,0.137
CVX,Manufacturing,2014,0.8972,72.48,12.491,0.1794
CVX,Manufacturing,2015,0.7815,79.68,12.492,0.2527
CVX,Manufacturing,2016,1.0334,76.83,12.469,0.3169
CVX,Manufacturing,2017,1.0922,88.11,12.444,0.2617
CVX,Manufacturing,2018,0.9512,84.17,12.445,0.223
CVX,Manufacturing,2019,1.0853,77.54,12.378,0.214
CVX,Manufacturing,2020,0.8791,82.16,12.388,0.3662
CVX,Manufacturing,2021,1.091,84.12,12.386,0.2508
CVX,Manufacturing,2022,1.4401,71.51,12.46,0.1718
CVX,Manufacturing,2023,1.1633,71.51,12.475,0.162
CZR,Accommodation and Food Services,2017,1.3357,18.97,8.174,2.3174
CZR,Accommodation and Food Services,2018,1.1871,20.47,8.685,4.102
CZR,Accommodation and Food Services,2019,1.4829,19.51,8.638,3.3458
CZR,Accommodation and Food Services,2020,1.1649,64.46,10.502,5.3692
CZR,Accommodation and Food Services,2021,1.2355,69.89,10.546,6.0248
CZR,Accommodation and Food Services,2022,1.0459,66.58,10.42,7.0393
CZR,Accommodation and Food Services,2023,1.0764,66.58,10.415,5.6676
D,Utilities,2003,0.8877,28.94,10.696,1.7537
D,Utilities,2004,0.8907,25.4,10.724,1.527
D,Utilities,2005,0.8619,52.72,10.872,1.7891
D,Utilities,2006,0.9917,62.43,10.805,1.5179
D,Utilities,2007,1.1208,49.24,10.574,1.7509
D,Utilities,2008,0.9113,49.24,10.647,1.7297
D,Utilities,2009,0.9688,67.77,10.659,1.6015
D,Utilities,2010,0.9917,69.03,10.665,1.4705
D,Utilities,2011,1.1168,67.92,10.728,1.8074
D,Utilities,2012,1.0958,67.06,10.754,2.0331
D,Utilities,2013,1.2049,67.06,10.822,1.9564
D,Utilities,2014,1.3058,72.02,10.903,2.2462
D,Utilities,2015,1.178,78.87,10.982,2.2861
D,Utilities,2016,1.1618,81.26,11.179,2.4029
D,Utilities,2017,1.17,81.09,11.246,2.1773
D,Utilities,2018,1.076,80.41,11.263,1.7494
D,Utilities,2019,1.0383,82.1,11.55,1.2969
D,Utilities,2020,1.0239,78.11,11.471,1.5838
D,Utilities,2021,1.0515,80.66,11.509,1.6098
D,Utilities,2022,0.9347,81.2,11.554,1.7714
D,Utilities,2023,0.7729,81.2,11.599,1.7434
DD,Manufacturing,2018,0.8605,53.59,12.144,0.4279
DD,Manufacturing,2019,0.9427,53.59,11.148,0.4392
DD,Manufacturing,2020,1.053,67.22,11.169,0.5831
DD,Manufacturing,2021,1.1508,72.6,10.73,0.4259
DD,Manufacturing,2022,0.9657,70.12,10.63,0.3198
DD,Manufacturing,2023,1.0732,70.12,10.56,0.3413
DE,Manufacturing,2005,0.9809,37.96,10.423,2.718
DE,Manufacturing,2006,1.1247,42.38,10.455,2.6304
DE,Manufacturing,2007,1.447,46.4,10.56,3.042
DE,Manufacturing,2008,0.9992,59.78,10.564,3.4318
DE,Manufacturing,2009,1.0656,58.83,10.625,5.0949
DE,Manufacturing,2010,1.3121,67.75,10.675,3.8709
DE,Manufacturing,2011,1.1909,70.28,10.783,3.9101
DE,Manufacturing,2012,1.1651,62.82,10.938,4.7384
DE,Manufacturing,2013,1.0932,59.19,10.994,3.3583
DE,Manufacturing,2014,1.0844,62.05,11.024,4.0781
DE,Manufacturing,2015,1.0622,61.62,10.967,5.4645
DE,Manufacturing,2016,1.0946,61.1,10.968,5.4715
DE,Manufacturing,2017,1.2588,64.7,11.094,4.19
DE,Manufacturing,2018,1.2179,67.65,11.158,3.7435
DE,Manufacturing,2019,1.3678,67.65,11.198,3.9721
DE,Manufacturing,2020,1.5603,68.54,11.226,3.5791
DE,Manufacturing,2021,1.8326,68.85,11.34,2.6418
DE,Manufacturing,2022,1.8934,81.56,11.408,2.5763
DE,Manufacturing,2023,1.6003,81.56,11.553,2.9237
DECK,Manufacturing,2011,2.551,54.86,7.044,0.0
DECK,Manufacturing,2012,1.3279,51.17,6.974,0.0447
DECK,Manufacturing,2013,2.3287,57.12,7.139,0.011
DECK,Manufacturing,2014,2.1066,44.37,7.065,0.0411
DECK,Manufacturing,2015,1.5793,51.54,7.153,0.1035
DECK,Manufacturing,2016,1.6305,53.95,7.083,0.0342
DECK,Manufacturing,2017,2.1933,53.08,7.142,0.0341
DECK,Manufacturing,2018,3.0233,55.96,7.263,0.0301
DECK,Manufacturing,2019,2.2931,55.96,7.476,0.2594
DECK,Manufacturing,2020,4.3572,62.62,7.681,0.1544
DECK,Manufacturing,2021,3.2625,65.13,7.755,0.1443
DECK,Manufacturing,2022,4.6999,62.39,7.846,0.1396
DECK,Manufacturing,2023,7.7678,62.39,8.051,0.1266
DGX,Health Care and Social Assistance,2003,2.0038,16.3,8.367,0.4605
DGX,Health Care and Social Assistance,2004,2.4914,28.79,8.344,0.4801
DGX,Health Care and Social Assistance,2005,2.2255,22.25,8.577,0.5763
DGX,Health Care and Social Assistance,2006,2.0905,20.84,8.641,0.5154
DGX,Health Care and Social Assistance,2007,1.6117,48.05,9.056,1.0651
DGX,Health Care and Social Assistance,2008,1.5428,51.82,9.036,0.8553
DGX,Health Care and Social Assistance,2009,1.6552,51.82,9.055,0.7788
DGX,Health Care and Social Assistance,2010,1.4311,70.59,9.051,0.7413
DGX,Health Care and Social Assistance,2011,1.4135,66.98,9.139,1.0899
DGX,Health Care and Social Assistance,2012,1.3561,50.95,9.136,0.808
DGX,Health Care and Social Assistance,2013,1.234,62.72,9.099,0.844
DGX,Health Care and Social Assistance,2014,1.3586,60.29,9.198,0.8747
DGX,Health Care and Social Assistance,2015,1.3877,68.63,9.207,0.7795
DGX,Health Care and Social Assistance,2016,1.6163,71.59,9.22,0.8068
DGX,Health Care and Social Assistance,2017,1.6262,67.68,9.259,0.7689
DGX,Health Care and Social Assistance,2018,1.3755,70.61,9.306,0.7464
DGX,Health Care and Social Assistance,2019,1.5208,70.61,9.461,0.9445
DGX,Health Care and Social Assistance,2020,1.4619,71.23,9.549,0.6887
DGX,Health Care and Social Assistance,2021,1.8548,71.23,9.519,0.7227
DGX,Health Care and Social Assistance,2022,1.7128,77.85,9.46,0.7843
DHI,Construction,2002,0.9317,21.4,8.702,1.2681
DHI,Construction,2003,1.1023,9.62,8.893,0.9775
DHI,Construction,2004,1.2494,30.26,9.103,0.8835
DHI,Construction,2005,1.298,24.04,9.435,0.9159
DHI,Construction,2006,0.9163,30.91,9.604,0.942
DHI,Construction,2007,0.7278,30.96,9.355,0.7834
DHI,Construction,2008,1.021,28.77,8.95,1.3225
DHI,Construction,2009,1.0212,28.37,8.818,1.4504
DHI,Construction,2010,0.9627,30.87,8.689,0.8311
DHI,Construction,2011,0.8513,30.54,8.586,0.6505
DHI,Construction,2012,1.2571,31.79,8.889,0.6941
DHI,Construction,2013,1.1047,30.14,9.089,0.8646
DHI,Construction,2014,1.0943,29.57,9.23,0.7199
DHI,Construction,2015,1.3124,38.83,9.319,0.6466
DHI,Construction,2016,1.2573,37.27,9.355,0.4816
DHI,Construction,2017,1.4645,39.26,9.408,0.3707
DHI,Construction,2018,1.3514,37.86,9.555,0.3566
DHI,Construction,2019,1.4622,39.11,9.655,0.3392
DHI,Construction,2020,1.6841,43.29,9.848,0.3649
DHI,Construction,2021,1.4717,42.58,10.086,0.3661
DHI,Construction,2022,0.9647,42.69,10.321,0.3153
DHI,Construction,2023,1.2623,47.02,10.392,0.2266
DHR,Manufacturing,2005,1.9738,44.52,9.123,0.205
DHR,Manufacturing,2006,1.9249,42.35,9.462,0.3663
DHR,Manufacturing,2007,1.8101,31.69,9.768,0.4101
DHR,Manufacturing,2008,1.1803,26.52,9.769,0.267
DHR,Manufacturing,2009,1.3882,23.01,9.883,0.2522
DHR,Manufacturing,2010,1.5207,20.6,10.009,0.206
DHR,Manufacturing,2011,1.2573,33.1,10.307,0.3138
DHR,Manufacturing,2012,1.3289,34.97,10.402,0.281
DHR,Manufacturing,2013,1.6553,45.37,10.454,0.1563
DHR,Manufacturing,2014,1.7258,47.39,10.518,0.1486
DHR,Manufacturing,2015,1.5897,57.2,10.784,0.5433
DHR,Manufacturing,2016,1.4604,60.03,10.721,0.5334
DHR,Manufacturing,2017,1.6116,61.27,10.75,0.3992
DHR,Manufacturing,2018,1.716,72.23,10.775,0.3452
DHR,Manufacturing,2019,2.0823,70.25,11.036,0.7857
DHR,Manufacturing,2020,2.365,80.51,11.241,0.6076
DHR,Manufacturing,2021,3.1077,79.38,11.329,0.5554
DHR,Manufacturing,2022,2.5376,77.32,11.343,0.4284
DHR,Manufacturing,2023,2.2553,77.32,11.344,0.3653
DIS,Information,2002,0.8982,51.31,10.821,0.618
DIS,Information,2003,1.0813,48.04,10.82,0.5651
DIS,Information,2004,1.0926,43.39,10.895,0.5302
DIS,Information,2005,1.1527,43.39,10.881,0.4899
DIS,Information,2006,1.2936,54.29,11.002,0.4342
DIS,Information,2007,1.3611,67.49,11.017,0.5023
DIS,Information,2008,1.1333,72.23,11.043,0.4604
DIS,Information,2009,1.0145,72.23,11.053,0.3832
DIS,Information,2011,0.9538,62.46,11.186,0.3816
DIS,Information,2012,1.4376,60.83,11.224,0.3675
DIS,Information,2013,1.5869,60.82,11.305,0.3209
DIS,Information,2014,1.9846,61.63,11.341,0.3359
DIS,Information,2015,2.1242,61.63,11.387,0.3943
DIS,Information,2016,1.8326,63.51,11.43,0.4707
DIS,Information,2017,1.8265,63.62,11.47,0.6156
DIS,Information,2018,1.9781,73.08,11.499,0.4311
DIS,Information,2019,1.4536,76.88,12.176,0.5304
DIS,Information,2020,1.4235,76.88,12.214,0.7456
DIS,Information,2021,1.7969,77.51,12.224,0.6585
DIS,Information,2022,1.1016,64.26,12.224,0.55
DIS,Information,2023,0.968,68.14,12.234,0.5104
DLR,Real Estate Rental and Leasing,2010,1.4083,41.68,8.581,1.9223
DLR,Real Estate Rental and Leasing,2011,1.6413,38.28,8.716,1.5054
DLR,Real Estate Rental and Leasing,2012,1.4485,33.64,9.085,1.4776
DLR,Real Estate Rental and Leasing,2013,1.1637,37.82,9.178,1.7018
DLR,Real Estate Rental and Leasing,2014,1.4344,34.87,9.162,1.6512
DLR,Real Estate Rental and Leasing,2015,1.4849,34.87,9.346,1.8487
DLR,Real Estate Rental and Leasing,2016,1.7737,43.71,9.409,1.4697
DLR,Real Estate Rental and Leasing,2017,1.5054,42.09,9.971,0.9692
DLR,Real Estate Rental and Leasing,2018,1.4015,42.09,10.076,1.3143
DLR,Real Estate Rental and Leasing,2019,1.5609,72.49,10.046,1.3019
DLR,Real Estate Rental and Leasing,2020,1.4999,69.99,10.493,0.895
DLR,Real Estate Rental and Leasing,2021,1.8005,72.58,10.501,0.8788
DLR,Real Estate Rental and Leasing,2022,1.1471,68.61,10.633,1.0915
DLR,Real Estate Rental and Leasing,2023,1.3878,68.61,10.695,1.0488
DLTR,Retail Trade,2003,2.5843,30.19,7.3,0.1825
DLTR,Retail Trade,2004,1.8739,28.41,7.491,0.242
DLTR,Retail Trade,2005,1.6195,35.52,7.495,0.2303
DLTR,Retail Trade,2006,1.8167,35.52,7.535,0.2302
DLTR,Retail Trade,2007,1.557,39.37,7.489,0.2717
DLTR,Retail Trade,2008,2.0359,33.96,7.619,0.2135
DLTR,Retail Trade,2009,2.0097,34.06,7.736,0.1872
DLTR,Retail Trade,2010,2.7344,30.64,7.775,0.1836
DLTR,Retail Trade,2011,4.3233,31.56,7.753,0.1977
DLTR,Retail Trade,2012,3.3621,31.56,7.92,0.1627
DLTR,Retail Trade,2013,4.0711,33.85,7.927,0.6576
DLTR,Retail Trade,2014,4.312,49.56,8.179,0.4241
DLTR,Retail Trade,2015,1.6636,51.7,9.674,1.667
DLTR,Retail Trade,2016,1.5635,51.89,9.662,1.173
DLTR,Retail Trade,2017,2.0187,51.89,9.701,0.7906
DLTR,Retail Trade,2019,1.5654,44.61,9.882,1.6037
DLTR,Retail Trade,2020,1.6122,56.47,9.938,1.3232
DLTR,Retail Trade,2021,1.8188,61.5,9.986,1.2917
DLTR,Retail Trade,2022,1.883,62.21,10.044,1.1571
DLTR,Retail Trade,2023,1.764,62.21,10.0,1.4203
DOC,Real Estate Rental and Leasing,2005,1.5117,20.86,8.188,1.7557
DOC,Real Estate Rental and Leasing,2006,1.3497,15.35,9.212,2.0612
DOC,Real Estate Rental and Leasing,2007,1.2021,15.35,9.435,1.967
DOC,Real Estate Rental and Leasing,2008,1.0954,31.57,9.38,1.2078
DOC,Real Estate Rental and Leasing,2009,1.1975,33.57,9.41,1.0293
DOC,Real Estate Rental and Leasing,2010,1.3721,37.92,9.498,0.6056
DOC,Real Estate Rental and Leasing,2011,1.4161,55.29,9.765,0.8828
DOC,Real Estate Rental and Leasing,2012,1.4642,76.54,9.899,0.824
DOC,Real Estate Rental and Leasing,2013,1.2581,75.41,9.907,0.8077
DOC,Real Estate Rental and Leasing,2014,1.404,70.93,9.97,0.9091
DOC,Real Estate Rental and Leasing,2015,1.3459,80.61,9.973,1.1847
DOC,Real Estate Rental and Leasing,2016,1.4659,73.73,9.665,1.6565
DOC,Real Estate Rental and Leasing,2017,1.4284,76.69,9.553,1.4866
DOC,Real Estate Rental and Leasing,2018,1.4864,79.6,9.451,0.9367
DOC,Real Estate Rental and Leasing,2019,1.7048,89.3,9.549,1.0695
DOC,Real Estate Rental and Leasing,2020,1.4293,89.3,9.675,0.9543
DOC,Real Estate Rental and Leasing,2021,1.693,88.61,9.633,0.9784
DOC,Real Estate Rental and Leasing,2022,1.2942,88.11,9.666,1.0077
DOV,Manufacturing,2020,2.3439,64.67,9.122,0.9756
DOV,Manufacturing,2023,2.2213,66.07,9.337,0.7227
DOW,Manufacturing,2019,0.987,80.41,11.011,1.4147
DOW,Manufacturing,2020,0.9808,82.98,11.026,1.5315
DOW,Manufacturing,2021,0.9182,90.09,11.051,0.8882
DOW,Manufacturing,2022,0.8618,91.81,11.012,0.8064
DOW,Manufacturing,2023,0.9481,91.81,10.968,0.8839
DRI,Accommodation and Food Services,2001,1.9718,33.34,7.836,0.5869
DRI,Accommodation and Food Services,2002,1.4733,33.93,7.888,0.5502
DRI,Accommodation and Food Services,2003,1.5223,35.66,7.93,0.5682
DRI,Accommodation and Food Services,2004,1.9283,47.73,7.985,0.5108
DRI,Accommodation and Food Services,2005,1.958,29.46,8.01,0.5599
DRI,Accommodation and Food Services,2006,2.4808,42.35,7.966,0.6423
DRI,Accommodation and Food Services,2007,1.4133,43.56,8.462,1.3296
DRI,Accommodation and Food Services,2008,1.3693,67.38,8.522,1.1471
DRI,Accommodation and Food Services,2009,1.4723,60.4,8.565,0.8937
DRI,Accommodation and Food Services,2010,1.5494,58.91,8.606,0.8522
DRI,Accommodation and Food Services,2011,1.4799,59.45,8.69,1.1522
DRI,Accommodation and Food Services,2012,1.3643,61.93,8.845,1.3183
DRI,Accommodation and Food Services,2013,1.3224,53.67,8.868,1.2788
DRI,Accommodation and Food Services,2014,1.6513,54.69,8.699,0.6844
DRI,Accommodation and Food Services,2015,1.9922,54.95,8.43,0.291
DRI,Accommodation and Food Services,2016,2.2255,59.76,8.613,0.5216
DRI,Accommodation and Food Services,2017,2.1754,55.16,8.607,0.5012
DRI,Accommodation and Food Services,2018,2.6167,55.83,8.681,0.461
DRI,Accommodation and Food Services,2019,1.608,56.57,9.205,2.578
DRI,Accommodation and Food Services,2020,2.2979,48.22,9.274,2.0467
DRI,Accommodation and Food Services,2021,2.1085,55.32,9.224,2.6739
DRI,Accommodation and Food Services,2022,2.4521,55.32,9.234,2.6896
DTE,Utilities,2003,0.7305,15.45,9.94,1.6107
DTE,Utilities,2004,0.753,23.06,9.966,1.5362
DTE,Utilities,2005,0.7025,25.22,10.058,1.5105
DTE,Utilities,2006,0.7372,40.21,10.077,1.5317
DTE,Utilities,2007,0.6603,51.2,10.076,1.4538
DTE,Utilities,2008,0.5963,58.31,10.11,1.4757
DTE,Utilities,2009,0.6438,58.31,10.094,1.3329
DTE,Utilities,2010,0.6363,56.44,10.122,1.2145
DTE,Utilities,2011,0.667,53.43,10.166,1.1602
DTE,Utilities,2012,0.6994,56.33,10.179,1.0947
DTE,Utilities,2013,0.7712,61.72,10.163,1.0407
DTE,Utilities,2014,0.8687,64.45,10.239,1.0826
DTE,Utilities,2015,0.8421,65.74,10.266,1.118
DTE,Utilities,2016,0.9194,62.71,10.375,1.3075
DTE,Utilities,2017,0.964,65.25,10.427,1.3578
DTE,Utilities,2018,0.9454,80.16,10.499,1.3912
DTE,Utilities,2019,1.0166,77.59,10.643,1.5091
DTE,Utilities,2020,0.9492,81.59,10.725,1.5822
DTE,Utilities,2021,1.0426,81.59,10.59,2.0966
DUK,Utilities,2003,0.7221,35.09,10.937,1.5967
DUK,Utilities,2005,0.7584,19.15,10.91,0.9751
DUK,Utilities,2006,0.9013,48.04,11.138,0.7729
DUK,Utilities,2007,0.7488,57.17,10.814,0.555
DUK,Utilities,2008,0.6318,72.43,10.879,0.688
DUK,Utilities,2009,0.6932,72.15,10.952,0.7823
DUK,Utilities,2010,0.7124,71.92,10.987,0.8181
DUK,Utilities,2011,0.8059,77.83,11.043,0.9222
DUK,Utilities,2012,0.7504,71.28,11.643,0.9916
DUK,Utilities,2013,0.7825,74.4,11.651,0.9943
DUK,Utilities,2014,0.8417,75.76,11.701,1.0406
DUK,Utilities,2015,0.762,75.16,11.705,1.0875
DUK,Utilities,2016,0.7888,75.57,11.796,1.2278
DUK,Utilities,2017,0.8217,69.86,11.834,1.3043
DUK,Utilities,2018,0.83,64.88,11.887,1.3223
DUK,Utilities,2019,0.8169,64.88,11.976,1.4022
DUK,Utilities,2020,0.8293,66.78,11.998,1.3967
DUK,Utilities,2021,0.879,67.65,12.041,1.4451
DUK,Utilities,2022,0.8733,68.95,12.09,1.6094
DUK,Utilities,2023,0.8789,68.95,12.083,1.7104
DVA,Health Care and Social Assistance,2004,2.0988,37.46,7.829,2.63
DVA,Health Care and Social Assistance,2005,1.484,33.16,8.745,4.8873
DVA,Health Care and Social Assistance,2006,1.4946,33.72,8.778,3.0108
DVA,Health Care and Social Assistance,2007,1.4032,42.36,8.846,2.1402
DVA,Health Care and Social Assistance,2008,1.213,44.62,8.894,1.8926
DVA,Health Care and Social Assistance,2009,1.2815,53.42,8.93,1.7012
DVA,Health Care and Social Assistance,2010,1.3531,55.26,9.001,2.1779
DVA,Health Care and Social Assistance,2011,1.305,54.56,9.093,2.1041
DVA,Health Care and Social Assistance,2012,1.262,49.37,9.682,2.2732
DVA,Health Care and Social Assistance,2013,1.2822,59.38,9.747,1.8987
DVA,Health Care and Social Assistance,2014,1.3842,68.86,9.795,1.6446
DVA,Health Care and Social Assistance,2015,1.2829,54.0,9.826,1.8745
DVA,Health Care and Social Assistance,2016,1.1527,58.76,9.838,1.9605
DVA,Health Care and Social Assistance,2017,1.1885,60.7,9.849,1.9907
DVA,Health Care and Social Assistance,2018,0.9767,59.43,9.858,2.7278
DVA,Health Care and Social Assistance,2019,1.191,56.93,9.759,5.2385
DVA,Health Care and Social Assistance,2020,1.4186,68.25,9.74,8.0907
DVA,Health Care and Social Assistance,2021,1.3458,72.97,9.748,15.8506
DVA,Health Care and Social Assistance,2022,1.0972,73.48,9.737,16.597
DVA,Health Care and Social Assistance,2023,1.2088,73.48,9.735,10.5259
DVN,Mining,2003,0.826,22.87,10.21,0.8067
DVN,Mining,2005,1.1347,29.16,10.318,0.4454
DVN,Mining,2006,1.0712,30.66,10.465,0.4457
DVN,Mining,2007,1.1439,24.2,10.632,0.3603
DVN,Mining,2008,1.0968,30.48,10.371,0.3424
DVN,Mining,2009,1.3512,35.17,10.298,0.4675
DVN,Mining,2010,1.1998,35.77,10.402,0.2924
DVN,Mining,2011,0.8472,35.77,10.624,0.4564
DVN,Mining,2012,0.7564,41.45,10.677,0.5472
DVN,Mining,2013,0.8662,42.65,10.666,0.5865
DVN,Mining,2014,0.7168,41.26,10.832,0.5229
DVN,Mining,2015,0.897,42.87,10.293,1.8603
DVN,Mining,2016,1.3136,59.34,10.163,1.7132
DVN,Mining,2017,1.0628,62.33,10.317,1.1245
DVN,Mining,2018,0.8223,60.96,9.882,0.6474
DVN,Mining,2019,1.0553,53.96,9.526,0.7851
DVN,Mining,2020,1.0686,57.71,9.202,1.5782
DVN,Mining,2021,1.7106,55.36,9.953,0.7299
DVN,Mining,2022,1.9765,54.48,10.074,0.6016
DVN,Mining,2023,1.4406,54.48,10.106,0.5375
DXCM,Manufacturing,2015,22.923,19.65,5.677,0.0104
DXCM,Manufacturing,2016,12.5388,22.21,5.998,0.0
DXCM,Manufacturing,2017,5.8923,22.34,6.807,0.7971
DXCM,Manufacturing,2018,6.1585,20.26,7.558,1.5341
DXCM,Manufacturing,2019,8.8506,40.77,7.781,1.3151
DXCM,Manufacturing,2020,8.7119,44.62,8.364,1.0119
DXCM,Manufacturing,2021,11.0959,46.21,8.49,0.8359
DXCM,Manufacturing,2022,8.5119,48.27,8.593,1.0082
DXCM,Manufacturing,2023,8.049,48.27,8.743,1.2563
EA,Information,2004,3.6784,41.42,8.383,0.0
EA,Information,2005,3.8051,53.23,8.386,0.0
EA,Information,2006,3.0439,50.07,8.546,0.0
EA,Information,2007,2.6174,41.87,8.709,0.0
EA,Information,2008,1.2553,39.69,8.451,0.0
EA,Information,2009,1.3237,34.69,8.444,0.0
EA,Information,2010,1.318,37.73,8.503,0.0
EA,Information,2011,1.0595,32.32,8.611,0.2193
EA,Information,2012,1.1651,30.26,8.531,0.2466
EA,Information,2013,1.6821,30.4,8.651,0.2395
EA,Information,2014,3.066,36.88,8.724,0.2085
EA,Information,2015,2.9822,49.75,8.861,0.3392
EA,Information,2016,3.705,55.24,8.951,0.2438
EA,Information,2017,4.4427,51.69,9.058,0.2159
EA,Information,2018,3.4934,52.77,9.1,0.1865
EA,Information,2019,2.7097,47.38,9.316,0.1635
EA,Information,2020,3.0804,54.7,9.495,0.2747
EA,Information,2021,2.729,54.7,9.532,0.2926
EA,Information,2022,2.6076,70.16,9.507,0.3048
EA,Information,2023,2.7974,67.42,9.505,0.2923
EBAY,Retail Trade,2003,7.2298,42.56,8.669,0.026
EBAY,Retail Trade,2004,9.7598,46.35,8.986,0.0185
EBAY,Retail Trade,2005,5.1479,45.85,9.375,0.0
EBAY,Retail Trade,2006,3.0496,44.63,9.51,0.0
EBAY,Retail Trade,2007,2.9294,40.78,9.64,0.0171
EBAY,Retail Trade,2008,1.2119,32.37,9.655,0.0902
EBAY,Retail Trade,2009,1.6589,32.37,9.821,0.0
EBAY,Retail Trade,2010,1.7229,40.66,9.999,0.1173
EBAY,Retail Trade,2011,1.5047,34.86,10.215,0.1165
EBAY,Retail Trade,2012,1.9019,46.61,10.521,0.2166
EBAY,Retail Trade,2013,1.8106,40.61,10.633,0.1744
EBAY,Retail Trade,2014,1.691,42.57,10.717,0.3832
EBAY,Retail Trade,2015,2.2106,42.49,9.786,1.0309
EBAY,Retail Trade,2016,1.7291,54.94,10.079,0.8502
EBAY,Retail Trade,2017,1.8802,56.24,10.165,1.2421
EBAY,Retail Trade,2018,1.5301,53.07,10.035,1.4697
EBAY,Retail Trade,2019,2.045,53.07,9.808,2.9345
EBAY,Retail Trade,2020,2.2106,58.16,9.868,2.335
EBAY,Retail Trade,2021,1.8378,65.44,10.19,0.9646
EBAY,Retail Trade,2022,1.5239,73.38,9.945,1.8281
EBAY,Retail Trade,2023,1.4237,73.38,9.981,1.2864
ECL,Construction,2004,2.6234,30.74,8.22,0.449
ECL,Construction,2005,2.6245,29.36,8.242,0.4525
ECL,Construction,2006,2.8118,58.27,8.394,0.6345
ECL,Construction,2007,2.8888,39.39,8.46,0.5184
ECL,Construction,2008,1.9845,52.67,8.467,0.7242
ECL,Construction,2009,2.2934,52.67,8.521,0.4834
ECL,Construction,2010,2.5797,63.77,8.491,0.3971
ECL,Construction,2011,1.344,58.58,9.811,1.3476
ECL,Construction,2012,1.5782,60.58,9.774,1.0765
ECL,Construction,2013,1.9506,62.93,9.885,0.9401
ECL,Construction,2014,1.9474,67.97,9.876,0.898
ECL,Construction,2015,2.1628,65.95,9.833,0.9357
ECL,Construction,2016,2.231,70.79,9.816,0.969
ECL,Construction,2017,2.3115,67.55,9.902,0.9612
ECL,Construction,2018,2.4628,69.66,9.907,0.8803
ECL,Construction,2019,2.9993,70.47,9.946,0.7982
ECL,Construction,2020,3.8033,74.87,9.805,1.1534
ECL,Construction,2021,3.6053,75.62,9.962,1.2674
ECL,Construction,2022,2.3495,77.06,9.974,1.2474
ECL,Construction,2023,2.9914,77.06,9.992,1.0856
ED,Utilities,2003,0.8016,45.37,9.951,1.1045
ED,Utilities,2004,0.7903,46.72,10.024,1.0234
ED,Utilities,2005,0.7875,36.81,10.121,1.1224
ED,Utilities,2006,0.7937,40.08,10.192,1.1013
ED,Utilities,2007,0.7963,51.07,10.252,1.0227
ED,Utilities,2008,0.6194,54.35,10.419,1.0408
ED,Utilities,2009,0.6899,54.35,10.43,1.0341
ED,Utilities,2010,0.6955,71.08,10.495,0.9658
ED,Utilities,2011,0.7355,69.24,10.577,0.9335
ED,Utilities,2012,0.6692,69.24,10.626,0.9528
ED,Utilities,2013,0.704,65.06,10.613,1.0148
ED,Utilities,2014,0.7295,62.17,10.699,1.033
ED,Utilities,2015,0.7253,64.62,10.729,1.0936
ED,Utilities,2016,0.7937,68.0,10.784,1.107
ED,Utilities,2017,0.8925,64.4,10.781,1.0771
ED,Utilities,2018,0.8393,49.44,10.895,1.2383
ED,Utilities,2019,0.9068,55.97,10.97,1.2507
ED,Utilities,2020,0.7918,64.69,11.049,1.3308
ED,Utilities,2021,0.8804,64.69,11.053,1.2659
ED,Utilities,2022,0.8434,65.94,11.143,1.1803
EFX,Administrative and Support and Waste… Services,2003,2.6232,25.79,7.348,2.2167
EFX,Administrative and Support and Waste… Services,2004,2.7552,14.83,7.351,1.2494
EFX,Administrative and Support and Waste… Services,2005,2.9857,13.3,7.513,0.6779
EFX,Administrative and Support and Waste… Services,2006,3.1089,15.24,7.49,0.6012
EFX,Administrative and Support and Waste… Services,2007,1.7319,18.77,8.167,0.9915
EFX,Administrative and Support and Waste… Services,2008,1.4013,13.93,8.09,0.9291
EFX,Administrative and Support and Waste… Services,2009,1.4286,26.07,8.175,0.7333
EFX,Administrative and Support and Waste… Services,2010,1.5623,25.4,8.141,0.591
EFX,Administrative and Support and Waste… Services,2011,1.6093,36.24,8.163,0.5952
EFX,Administrative and Support and Waste… Services,2012,1.8281,32.44,8.414,0.8953
EFX,Administrative and Support and Waste… Services,2013,2.1728,32.84,8.421,0.6268
EFX,Administrative and Support and Waste… Services,2014,2.3923,23.95,8.45,0.6937
EFX,Administrative and Support and Waste… Services,2015,3.1969,26.51,8.414,0.5172
EFX,Administrative and Support and Waste… Services,2016,2.5282,31.42,8.804,1.0036
EFX,Administrative and Support and Waste… Services,2017,2.3318,34.74,8.886,0.8519
EFX,Administrative and Support and Waste… Services,2018,1.9386,33.09,8.875,0.848
EFX,Administrative and Support and Waste… Services,2019,2.5749,33.09,8.976,1.3118
EFX,Administrative and Support and Waste… Services,2020,2.8992,47.3,9.171,1.3819
EFX,Administrative and Support and Waste… Services,2021,3.7175,46.41,9.309,1.4772
EFX,Administrative and Support and Waste… Services,2022,2.5629,44.92,9.354,1.4627
EFX,Administrative and Support and Waste… Services,2023,2.9481,44.92,9.416,1.2596
EG,Finance and Insurance,2004,0.4164,35.65,9.621,0.3354
EG,Finance and Insurance,2005,0.4542,30.41,9.71,0.2405
EG,Finance and Insurance,2006,0.4312,31.82,9.747,0.1949
EG,Finance and Insurance,2007,0.4161,32.98,9.798,0.2074
EG,Finance and Insurance,2008,0.3476,33.2,9.732,0.2377
EG,Finance and Insurance,2009,0.3389,33.86,9.798,0.1668
EG,Finance and Insurance,2010,0.2979,41.53,9.821,0.1381
EG,Finance and Insurance,2011,0.2825,39.34,9.847,0.1347
EG,Finance and Insurance,2012,0.3272,33.02,9.892,0.1215
EG,Finance and Insurance,2013,0.3988,36.78,9.894,0.0701
EG,Finance and Insurance,2014,0.3962,41.22,9.944,0.0857
EG,Finance and Insurance,2015,0.3946,40.0,9.972,0.0839
EG,Finance and Insurance,2016,0.4448,37.73,9.967,0.0784
EG,Finance and Insurance,2017,0.4098,40.86,10.069,0.0757
EG,Finance and Insurance,2018,0.3826,45.07,10.118,0.0802
EG,Finance and Insurance,2019,0.4428,53.87,10.216,0.088
EG,Finance and Insurance,2020,0.3488,56.74,10.398,0.2134
EG,Finance and Insurance,2021,0.3667,54.02,10.55,0.3202
EG,Finance and Insurance,2022,0.4049,52.82,10.596,0.3828
EG,Finance and Insurance,2023,0.3821,52.82,10.808,0.2673
EIX,Utilities,2003,0.6147,51.28,10.462,2.6652
EIX,Utilities,2004,0.643,54.03,10.412,1.811
EIX,Utilities,2005,0.6911,33.54,10.457,1.4868
EIX,Utilities,2006,0.677,27.18,10.498,1.262
EIX,Utilities,2007,0.7167,38.46,10.534,1.1291
EIX,Utilities,2008,0.5319,38.31,10.706,1.394
EIX,Utilities,2009,0.5364,36.85,10.632,1.1075
EIX,Utilities,2010,0.5515,36.84,10.726,1.1844
EIX,Utilities,2011,0.5759,32.41,10.78,1.4097
EIX,Utilities,2012,0.5484,28.17,10.701,1.0201
EIX,Utilities,2013,0.556,32.01,10.75,1.0918
EIX,Utilities,2014,0.669,39.07,10.823,1.1167
EIX,Utilities,2015,0.6212,48.26,10.826,1.0523
EIX,Utilities,2016,0.7001,62.02,10.846,1.0396
EIX,Utilities,2017,0.6682,71.67,10.87,1.2448
EIX,Utilities,2018,0.5989,71.54,10.946,1.4793
EIX,Utilities,2019,0.7282,83.27,11.073,1.4723
EIX,Utilities,2020,0.6912,83.24,11.147,1.7189
EIX,Utilities,2021,0.7425,78.79,11.222,2.1232
EIX,Utilities,2022,0.7357,75.85,11.265,2.4259
EIX,Utilities,2023,0.7676,75.85,11.312,2.5536
EL,Manufacturing,2002,2.5682,8.48,8.136,0.2808
EL,Manufacturing,2003,2.3637,9.45,8.117,0.2047
EL,Manufacturing,2004,3.1375,5.5,8.218,0.3088
EL,Manufacturing,2005,2.4024,10.84,8.265,0.4222
EL,Manufacturing,2006,2.3018,11.11,8.239,0.3215
EL,Manufacturing,2007,2.4074,42.63,8.325,0.9078
EL,Manufacturing,2008,2.0455,40.13,8.519,0.724
EL,Manufacturing,2009,1.5159,48.33,8.552,0.8667
EL,Manufacturing,2010,2.2954,37.18,8.582,0.6305
EL,Manufacturing,2011,3.5018,32.85,8.744,0.4633
EL,Manufacturing,2012,3.3877,41.08,8.794,0.4713
EL,Manufacturing,2013,3.7595,48.42,8.874,0.409
EL,Manufacturing,2014,3.7841,55.02,8.971,0.3484
EL,Manufacturing,2015,4.1417,56.45,9.017,0.4494
EL,Manufacturing,2016,3.8723,61.26,9.129,0.6275
EL,Manufacturing,2017,3.363,62.61,9.356,0.8148
EL,Manufacturing,2018,4.4507,60.75,9.439,0.756
EL,Manufacturing,2019,5.2853,62.46,9.485,0.7779
EL,Manufacturing,2020,4.3199,65.11,9.786,2.2335
EL,Manufacturing,2021,5.6059,69.2,9.997,1.3371
EL,Manufacturing,2022,4.7143,70.4,9.948,1.3676
EL,Manufacturing,2023,3.4336,70.4,10.061,1.8208
ELV,Finance and Insurance,2005,1.1575,31.1,10.847,0.2723
ELV,Finance and Insurance,2006,1.0713,27.98,10.854,0.2854
ELV,Finance and Insurance,2007,1.111,41.87,10.86,0.3934
ELV,Finance and Insurance,2008,0.6207,52.73,10.787,0.4125
ELV,Finance and Insurance,2009,0.6641,52.73,10.861,0.3378
ELV,Finance and Insurance,2010,0.6066,68.09,10.823,0.376
ELV,Finance and Insurance,2011,0.6205,63.6,10.859,0.4206
ELV,Finance and Insurance,2012,0.5689,58.58,10.985,0.6293
ELV,Finance and Insurance,2013,0.6981,60.89,10.995,0.5852
ELV,Finance and Insurance,2014,0.787,60.76,11.036,0.6248
ELV,Finance and Insurance,2015,0.8473,59.55,11.03,0.6884
ELV,Finance and Insurance,2016,0.8243,62.47,11.083,0.6266
ELV,Finance and Insurance,2017,1.0994,65.04,11.164,0.7521
ELV,Finance and Insurance,2018,1.2129,79.46,11.178,0.6731
ELV,Finance and Insurance,2019,1.2539,84.74,11.257,0.6532
ELV,Finance and Insurance,2020,1.1521,89.53,11.369,0.6323
ELV,Finance and Insurance,2021,1.3965,86.94,11.487,0.6663
ELV,Finance and Insurance,2022,1.4314,83.35,11.54,0.6898
ELV,Finance and Insurance,2023,1.2474,83.35,11.598,0.6607
EMN,Manufacturing,2003,0.9099,42.58,8.737,2.5072
EMN,Manufacturing,2004,1.1368,45.34,8.678,1.7753
EMN,Manufacturing,2005,1.0118,45.93,8.661,1.0143
EMN,Manufacturing,2006,1.0622,29.73,8.728,0.79
EMN,Manufacturing,2007,1.0784,20.64,8.701,0.7747
EMN,Manufacturing,2008,0.7114,25.35,8.572,0.9395
EMN,Manufacturing,2009,1.0826,33.71,8.615,1.0641
EMN,Manufacturing,2010,1.2606,38.03,8.697,0.9859
EMN,Manufacturing,2011,1.1232,37.71,8.73,0.8545
EMN,Manufacturing,2012,1.313,37.71,9.36,1.6252
EMN,Manufacturing,2013,1.3975,60.57,9.38,1.1207
EMN,Manufacturing,2014,1.1711,74.21,9.685,2.1507
EMN,Manufacturing,2015,1.0899,65.19,9.656,1.7861
EMN,Manufacturing,2016,1.1391,70.28,9.646,1.455
EMN,Manufacturing,2017,1.2363,77.22,9.68,1.2104
EMN,Manufacturing,2018,1.0243,76.97,9.68,1.0629
EMN,Manufacturing,2019,1.0465,79.81,9.681,1.0034
EMN,Manufacturing,2020,1.2072,82.97,9.686,0.9625
EMN,Manufacturing,2021,1.3502,78.9,9.65,0.9407
EMN,Manufacturing,2022,1.0243,83.35,9.593,1.0388
EMN,Manufacturing,2023,1.0629,83.35,9.591,0.9194
EMR,Manufacturing,2002,1.5838,11.37,9.585,0.7925
EMR,Manufacturing,2003,1.7308,21.45,9.629,0.6384
EMR,Manufacturing,2004,1.8334,31.67,9.703,0.5579
EMR,Manufacturing,2005,1.9494,26.97,9.754,0.5538
EMR,Manufacturing,2006,2.0226,25.67,9.835,0.4937
EMR,Manufacturing,2007,2.324,36.55,9.887,0.4305
EMR,Manufacturing,2008,1.7099,51.59,9.954,0.4958
EMR,Manufacturing,2009,1.7563,55.11,9.892,0.5348
EMR,Manufacturing,2010,1.957,50.02,10.036,0.5174
EMR,Manufacturing,2011,1.4972,50.02,10.08,0.5001
EMR,Manufacturing,2012,1.6897,41.59,10.078,0.5141
EMR,Manufacturing,2013,2.0785,38.41,10.115,0.533
EMR,Manufacturing,2014,2.0523,38.41,10.093,0.5953
EMR,Manufacturing,2015,1.6188,62.83,10.003,0.8467
EMR,Manufacturing,2016,1.9172,62.83,9.987,0.8782
EMR,Manufacturing,2017,2.2962,69.5,9.883,0.5341
EMR,Manufacturing,2018,2.5966,68.66,9.923,0.532
EMR,Manufacturing,2019,2.2722,73.06,9.928,0.6949
EMR,Manufacturing,2020,2.0635,71.16,10.038,0.9526
EMR,Manufacturing,2021,2.5635,66.24,10.115,0.7319
EMR,Manufacturing,2022,1.5185,66.24,10.482,1.0484
EMR,Manufacturing,2023,1.4959,73.44,10.663,0.4208
ENPH,Manufacturing,2018,1.8123,38.0,5.829,14.1182
ENPH,Manufacturing,2019,4.6761,32.98,6.57,0.4344
ENPH,Manufacturing,2020,19.148,44.92,7.09,0.7244
ENPH,Manufacturing,2021,12.2871,44.92,7.64,2.4488
ENPH,Manufacturing,2022,12.1475,52.51,8.034,1.5926
ENPH,Manufacturing,2023,5.6908,52.51,8.127,1.3397
EOG,Mining,2003,1.3604,8.76,8.466,0.5344
EOG,Mining,2004,1.6493,19.93,8.665,0.3786
EOG,Mining,2005,2.4178,16.9,8.956,0.2336
EOG,Mining,2006,1.6969,17.15,9.149,0.1322
EOG,Mining,2007,1.9181,24.62,9.4,0.1696
EOG,Mining,2008,1.1609,32.29,9.677,0.2104
EOG,Mining,2009,1.5104,32.29,9.805,0.2798
EOG,Mining,2010,1.3156,22.37,9.982,0.5105
EOG,Mining,2011,1.2686,37.07,10.12,0.3963
EOG,Mining,2012,1.4311,32.53,10.216,0.4751
EOG,Mining,2013,1.6925,31.61,10.328,0.3835
EOG,Mining,2014,1.6222,34.98,10.456,0.3337
EOG,Mining,2015,1.6899,41.75,10.203,0.5146
EOG,Mining,2016,2.2163,41.85,10.291,0.4997
EOG,Mining,2017,2.3065,46.87,10.303,0.3922
EOG,Mining,2018,1.6699,44.28,10.432,0.3142
EOG,Mining,2019,1.4738,50.96,10.522,0.2761
EOG,Mining,2020,1.0014,55.22,10.486,0.3326
EOG,Mining,2021,1.5142,54.05,10.552,0.2663
EOG,Mining,2022,1.9839,57.17,10.63,0.2404
EOG,Mining,2023,1.7114,57.17,10.689,0.1709
EPAM,"Professional, Scientific, and Technical Services",2015,5.111,22.45,6.657,0.0571
EPAM,"Professional, Scientific, and Technical Services",2016,3.5765,43.49,6.831,0.0321
EPAM,"Professional, Scientific, and Technical Services",2017,4.5727,50.29,7.131,0.0257
EPAM,"Professional, Scientific, and Technical Services",2018,3.908,49.18,7.385,0.0198
EPAM,"Professional, Scientific, and Technical Services",2019,5.3347,53.06,7.716,0.1651
EPAM,"Professional, Scientific, and Technical Services",2020,7.4863,66.91,7.909,0.1343
EPAM,"Professional, Scientific, and Technical Services",2021,10.8536,66.04,8.167,0.0962
EPAM,"Professional, Scientific, and Technical Services",2022,4.7614,54.72,8.296,0.0644
EPAM,"Professional, Scientific, and Technical Services",2023,3.9873,54.72,8.378,0.0495
EQIX,Information,2009,1.8624,39.97,8.019,1.2558
EQIX,Information,2010,1.304,27.43,8.4,1.0894
EQIX,Information,2011,1.3537,38.58,8.663,1.5875
EQIX,Information,2012,2.1308,39.47,8.721,1.2892
EQIX,Information,2013,1.7295,36.81,8.922,1.6912
EQIX,Information,2014,2.2358,43.14,8.964,2.0613
EQIX,Information,2015,2.4429,65.69,9.245,2.3753
EQIX,Information,2016,2.5604,69.02,9.442,1.5483
EQIX,Information,2017,2.4558,68.0,9.836,1.4716
EQIX,Information,2018,1.9655,65.71,9.916,1.5698
EQIX,Information,2019,2.6322,66.9,10.084,1.503
EQIX,Information,2020,2.8726,67.43,10.204,1.3093
EQIX,Information,2021,3.281,61.05,10.237,1.3777
EQIX,Information,2022,2.5449,54.18,10.319,1.4314
EQIX,Information,2023,2.8651,54.18,10.394,1.3977
EQR,Real Estate Rental and Leasing,2003,1.182,28.69,9.347,1.2338
EQR,Real Estate Rental and Leasing,2004,1.3265,35.58,9.445,1.4561
EQR,Real Estate Rental and Leasing,2005,1.3418,38.35,9.554,1.552
EQR,Real Estate Rental and Leasing,2006,1.524,37.21,9.62,1.4657
EQR,Real Estate Rental and Leasing,2007,1.2326,37.77,9.661,1.9594
EQR,Real Estate Rental and Leasing,2008,1.127,34.22,9.713,2.193
EQR,Real Estate Rental and Leasing,2009,1.2226,34.67,9.643,1.9412
EQR,Real Estate Rental and Leasing,2010,1.5462,39.83,9.692,2.0343
EQR,Real Estate Rental and Leasing,2011,1.602,39.83,9.721,1.7775
EQR,Real Estate Rental and Leasing,2012,1.5668,39.73,9.753,1.1781
EQR,Real Estate Rental and Leasing,2013,1.2903,35.46,10.036,1.0296
EQR,Real Estate Rental and Leasing,2014,1.6083,30.68,10.041,1.051
EQR,Real Estate Rental and Leasing,2015,1.7588,38.27,10.05,1.0513
EQR,Real Estate Rental and Leasing,2016,1.5714,57.25,9.938,0.8818
EQR,Real Estate Rental and Leasing,2017,1.5763,64.23,9.932,0.8777
EQR,Real Estate Rental and Leasing,2018,1.628,65.15,9.923,0.87
EQR,Real Estate Rental and Leasing,2019,1.863,65.15,9.96,0.9115
EQR,Real Estate Rental and Leasing,2020,1.5006,62.0,9.918,0.7983
EQR,Real Estate Rental and Leasing,2021,2.0142,62.0,9.96,0.7926
EQR,Real Estate Rental and Leasing,2022,1.4869,63.04,9.914,0.6945
EQR,Real Estate Rental and Leasing,2023,1.5423,63.04,9.905,0.6971
EQT,Mining,2004,1.4472,19.21,8.07,1.0562
EQT,Mining,2005,1.6549,16.73,8.114,3.1928
EQT,Mining,2006,1.835,18.56,8.089,0.9506
EQT,Mining,2007,1.9663,26.54,8.278,1.1233
EQT,Mining,2008,1.119,28.84,8.581,0.7675
EQT,Mining,2009,1.2933,26.03,8.692,0.9085
EQT,Mining,2010,1.2243,27.68,8.868,0.6506
EQT,Mining,2011,1.2467,46.07,9.079,0.7643
EQT,Mining,2012,1.2859,46.07,9.088,0.701
EQT,Mining,2013,1.6389,41.01,9.189,0.62
EQT,Mining,2014,1.1989,36.71,9.398,0.6522
EQT,Mining,2015,0.7903,49.03,9.545,0.609
EQT,Mining,2016,0.9431,53.04,9.647,0.5613
EQT,Mining,2017,0.7579,45.94,10.293,0.5504
EQT,Mining,2018,0.4973,36.25,9.939,0.5017
EQT,Mining,2019,0.4324,38.99,9.842,0.5459
EQT,Mining,2020,0.47,45.49,9.804,0.5376
EQT,Mining,2021,0.6362,42.51,9.981,0.5521
EQT,Mining,2022,0.7979,41.44,10.029,0.5126
EQT,Mining,2023,0.8735,41.44,10.138,0.3962
ES,Utilities,2008,0.6586,49.34,9.546,1.8087
ES,Utilities,2009,0.6851,49.34,9.551,1.426
ES,Utilities,2010,0.7418,69.61,9.583,1.3507
ES,Utilities,2011,0.752,62.87,9.658,1.3397
ES,Utilities,2012,0.7575,61.5,10.251,0.9923
ES,Utilities,2013,0.8192,56.78,10.233,0.9783
ES,Utilities,2014,0.8991,52.97,10.302,0.9831
ES,Utilities,2015,0.8631,59.9,10.328,0.9849
ES,Utilities,2016,0.8815,66.43,10.375,1.0037
ES,Utilities,2017,0.9231,65.39,10.497,1.2099
ES,Utilities,2018,0.9216,70.75,10.552,1.2738
ES,Utilities,2019,1.0625,74.15,10.624,1.2376
ES,Utilities,2020,1.0359,75.02,10.739,1.286
ES,Utilities,2021,1.0653,75.02,10.789,1.3922
ES,Utilities,2022,0.9819,72.58,10.882,1.49
ES,Utilities,2023,0.8713,72.58,10.926,1.8965
ESS,Real Estate Rental and Leasing,2008,1.1964,28.8,8.06,2.1473
ESS,Real Estate Rental and Leasing,2009,1.3091,28.41,8.088,1.797
ESS,Real Estate Rental and Leasing,2010,1.5636,22.65,8.225,2.0079
ESS,Real Estate Rental and Leasing,2011,1.7643,26.12,8.303,1.7311
ESS,Real Estate Rental and Leasing,2012,1.6841,28.83,8.486,1.6668
ESS,Real Estate Rental and Leasing,2013,1.6202,28.83,8.554,1.6752
ESS,Real Estate Rental and Leasing,2014,1.5798,28.14,9.356,0.8589
ESS,Real Estate Rental and Leasing,2015,1.7466,35.59,9.393,0.8623
ESS,Real Estate Rental and Leasing,2016,1.7024,43.4,9.411,0.8984
ESS,Real Estate Rental and Leasing,2017,1.7312,52.46,9.433,0.9063
ESS,Real Estate Rental and Leasing,2018,1.7574,72.35,9.424,0.8945
ESS,Real Estate Rental and Leasing,2019,2.0283,72.35,9.45,0.9462
ESS,Real Estate Rental and Leasing,2020,1.6819,74.94,9.468,1.0542
ESS,Real Estate Rental and Leasing,2021,2.2573,68.13,9.473,1.0608
ESS,Real Estate Rental and Leasing,2022,1.5936,70.4,9.423,1.0543
ESS,Real Estate Rental and Leasing,2023,1.795,70.4,9.422,1.1564
ETR,Utilities,2003,0.7445,43.69,10.26,0.9401
ETR,Utilities,2004,0.7934,39.44,10.251,0.941
ETR,Utilities,2005,0.7628,49.53,10.337,1.1996
ETR,Utilities,2006,0.903,19.67,10.344,1.1413
ETR,Utilities,2007,1.0167,48.99,10.424,1.4147
ETR,Utilities,2008,0.7652,58.05,10.508,1.5413
ETR,Utilities,2009,0.7358,56.84,10.528,1.3949
ETR,Utilities,2010,0.6327,54.93,10.563,1.3907
ETR,Utilities,2011,0.6208,54.93,10.614,1.3823
ETR,Utilities,2012,0.5742,74.02,10.674,1.4649
ETR,Utilities,2013,0.5751,71.7,10.678,1.42
ETR,Utilities,2014,0.6385,65.34,10.748,1.4019
ETR,Utilities,2015,0.5833,69.57,10.707,1.4962
ETR,Utilities,2016,0.6194,69.06,10.734,1.89
ETR,Utilities,2017,0.6716,62.59,10.752,2.0866
ETR,Utilities,2018,0.7127,63.57,10.785,2.0502
ETR,Utilities,2019,0.8502,62.53,10.854,1.9679
ETR,Utilities,2020,0.7604,56.27,10.972,2.2233
ETR,Utilities,2021,0.8443,53.94,10.993,2.3516
ETR,Utilities,2022,0.8666,49.37,10.978,2.0838
ETR,Utilities,2023,0.8053,49.37,10.997,1.8152
ETSY,Retail Trade,2015,1.7995,26.31,6.315,0.1981
ETSY,Retail Trade,2016,2.471,46.89,6.365,0.2029
ETSY,Retail Trade,2017,4.2282,37.96,6.406,0.1773
ETSY,Retail Trade,2018,6.6974,58.7,6.804,0.8544
ETSY,Retail Trade,2019,3.9654,54.93,7.341,2.148
ETSY,Retail Trade,2020,9.7838,55.07,7.785,1.5322
ETSY,Retail Trade,2021,7.8934,48.02,8.251,3.875
EVRG,Utilities,2009,0.6927,27.76,8.926,1.2667
EVRG,Utilities,2010,0.7246,27.76,8.997,1.273
EVRG,Utilities,2011,0.7742,26.65,9.069,1.121
EVRG,Utilities,2012,0.7646,21.24,9.134,1.1961
EVRG,Utilities,2013,0.8081,21.02,9.169,1.1852
EVRG,Utilities,2014,0.8843,19.85,9.244,1.1288
EVRG,Utilities,2015,0.899,19.7,9.279,0.9926
EVRG,Utilities,2016,1.0495,23.1,9.349,1.0684
EVRG,Utilities,2017,1.0,31.78,9.361,1.0547
EVRG,Utilities,2018,0.9013,43.55,10.15,0.8552
EVRG,Utilities,2019,0.9568,45.94,10.165,1.1783
EVRG,Utilities,2020,0.8501,51.22,10.208,1.1977
EVRG,Utilities,2021,0.9477,51.22,10.258,1.2219
EVRG,Utilities,2022,0.9021,69.44,10.292,1.2821
EVRG,Utilities,2023,0.8156,69.44,10.341,1.3736
EW,Manufacturing,2008,2.3191,37.75,7.244,0.1997
EW,Manufacturing,2009,3.1095,36.9,7.387,0.078
EW,Manufacturing,2010,5.2843,38.86,7.477,0.032
EW,Manufacturing,2011,4.1491,41.99,7.591,0.1124
EW,Manufacturing,2012,4.7246,44.56,7.706,0.128
EW,Manufacturing,2013,2.8556,44.56,7.91,0.3804
EW,Manufacturing,2014,4.066,34.3,8.167,0.2729
EW,Manufacturing,2015,4.3387,55.3,8.309,0.2397
EW,Manufacturing,2016,4.5785,70.17,8.414,0.314
EW,Manufacturing,2017,4.3316,71.85,8.647,0.3506
EW,Manufacturing,2018,6.0873,65.01,8.58,0.1891
EW,Manufacturing,2019,7.6231,63.33,8.778,0.1636
EW,Manufacturing,2020,7.9659,65.03,8.887,0.1519
EW,Manufacturing,2021,9.5903,67.71,9.048,0.1183
EW,Manufacturing,2022,5.5564,72.75,9.023,0.1191
EW,Manufacturing,2023,4.9693,72.75,9.145,0.1045
EXC,Utilities,2003,0.895,45.62,10.644,1.8535
EXC,Utilities,2004,1.0012,63.02,10.664,1.4381
EXC,Utilities,2005,1.1648,54.66,10.655,1.5303
EXC,Utilities,2006,1.2292,58.04,10.699,1.308
EXC,Utilities,2007,1.4744,55.49,10.734,1.3502
EXC,Utilities,2008,1.0404,57.42,10.775,1.1905
EXC,Utilities,2009,0.9117,57.42,10.803,0.9964
EXC,Utilities,2010,0.7731,66.1,10.864,0.946
EXC,Utilities,2011,0.7655,66.1,10.917,0.9319
EXC,Utilities,2012,0.5732,60.03,11.272,0.9147
EXC,Utilities,2013,0.5455,68.22,11.289,0.8851
EXC,Utilities,2014,0.6238,64.62,11.372,0.9851
EXC,Utilities,2015,0.5438,63.63,11.466,1.0204
EXC,Utilities,2016,0.598,65.78,11.652,1.39
EXC,Utilities,2017,0.6302,68.9,11.667,1.1917
EXC,Utilities,2018,0.6701,61.15,11.692,1.1874
EXC,Utilities,2019,0.6695,64.9,11.736,1.2205
EXC,Utilities,2020,0.6328,54.52,11.77,1.247
EXC,Utilities,2021,0.7524,53.21,11.798,1.2651
EXC,Utilities,2022,0.8739,60.67,11.465,1.6309
EXC,Utilities,2023,0.7895,60.67,11.528,1.7198
EXPD,Transportation and Warehousing,2023,4.1619,61.53,8.417,0.2208
EXR,Real Estate Rental and Leasing,2015,2.3856,14.75,8.711,1.6924
EXR,Real Estate Rental and Leasing,2016,1.9783,10.87,8.867,1.9182
EXR,Real Estate Rental and Leasing,2017,2.089,12.07,8.917,1.9373
EXR,Real Estate Rental and Leasing,2018,2.0785,38.14,8.968,1.9934
EXR,Real Estate Rental and Leasing,2019,2.2271,33.28,9.052,2.095
EXR,Real Estate Rental and Leasing,2020,2.2652,34.11,9.148,2.3804
EXR,Real Estate Rental and Leasing,2021,3.5018,60.78,9.257,2.0265
EXR,Real Estate Rental and Leasing,2022,2.2533,58.78,9.407,2.3641
EXR,Real Estate Rental and Leasing,2023,1.6488,58.78,10.22,0.7919
F,Manufacturing,2005,0.6222,63.96,12.504,11.4029
F,Manufacturing,2007,0.6567,62.81,12.54,29.9449
F,Manufacturing,2011,0.7871,75.58,12.091,6.6202
F,Manufacturing,2012,0.8179,72.76,12.158,6.5879
F,Manufacturing,2013,0.8689,73.51,12.216,4.347
F,Manufacturing,2014,0.8655,71.8,12.248,4.8043
F,Manufacturing,2015,0.8393,79.06,12.324,4.6384
F,Manufacturing,2016,0.8034,78.32,12.38,4.9013
F,Manufacturing,2017,0.791,78.44,12.46,4.4221
F,Manufacturing,2018,0.7198,82.73,12.455,4.2918
F,Manufacturing,2019,0.7488,82.73,12.463,4.7226
F,Manufacturing,2020,0.7407,76.18,12.496,5.3111
F,Manufacturing,2021,0.8662,76.0,12.457,2.8749
F,Manufacturing,2022,0.7301,72.09,12.452,3.2486
F,Manufacturing,2023,0.7301,72.09,12.518,3.5328
FANG,Mining,2015,1.7997,21.32,7.922,0.2641
FANG,Mining,2016,1.9096,19.78,8.585,0.2991
FANG,Mining,2017,1.785,29.73,8.958,0.2811
FANG,Mining,2018,0.9119,34.55,9.98,0.3259
FANG,Mining,2019,0.8564,47.64,10.066,0.4065
FANG,Mining,2020,0.7643,56.52,9.777,0.6612
FANG,Mining,2021,1.1283,62.99,10.039,0.5532
FANG,Mining,2022,1.1769,61.2,10.174,0.4163
FANG,Mining,2023,1.1847,61.2,10.275,0.3995
FAST,Wholesale Trade,2004,6.0644,12.35,6.647,0.0
FAST,Wholesale Trade,2005,6.6411,10.57,6.791,0.0
FAST,Wholesale Trade,2006,5.2216,16.37,6.946,0.0
FAST,Wholesale Trade,2007,5.1824,14.45,7.059,0.0
FAST,Wholesale Trade,2008,3.9691,20.98,7.173,0.0
FAST,Wholesale Trade,2009,4.625,19.96,7.191,0.0
FAST,Wholesale Trade,2010,6.0156,24.04,7.292,0.0
FAST,Wholesale Trade,2011,7.6419,21.72,7.429,0.0
FAST,Wholesale Trade,2012,7.6189,24.91,7.504,0.0
FAST,Wholesale Trade,2013,6.792,33.11,7.638,0.0
FAST,Wholesale Trade,2014,6.0029,32.81,7.766,0.047
FAST,Wholesale Trade,2015,4.8118,38.12,7.837,0.2026
FAST,Wholesale Trade,2016,5.2362,34.56,7.889,0.2017
FAST,Wholesale Trade,2017,5.5466,37.19,7.976,0.1979
FAST,Wholesale Trade,2018,4.6515,33.12,8.108,0.2171
FAST,Wholesale Trade,2019,5.7382,46.2,8.243,0.2216
FAST,Wholesale Trade,2020,7.2354,42.75,8.285,0.2379
FAST,Wholesale Trade,2021,8.7232,51.25,8.366,0.2093
FAST,Wholesale Trade,2022,6.1146,63.05,8.423,0.2536
FAST,Wholesale Trade,2023,8.421,63.05,8.404,0.1598
FDS,Information,2009,4.0632,26.12,6.451,0.0
FDS,Information,2010,5.2514,21.69,6.469,0.0
FDS,Information,2011,6.0239,27.04,6.488,0.0
FDS,Information,2012,5.8859,27.18,6.543,0.0
FDS,Information,2013,6.4246,25.36,6.537,0.0
FDS,Information,2014,8.0282,34.95,6.497,0.0
FDS,Information,2015,8.9046,33.29,6.602,0.0658
FDS,Information,2016,7.2883,45.08,6.927,0.5798
FDS,Information,2017,4.7467,61.38,7.254,1.0274
FDS,Information,2018,6.5771,54.51,7.258,1.0929
FDS,Information,2019,7.0159,61.94,7.353,0.8541
FDS,Information,2020,6.8165,67.93,7.642,0.9769
FDS,Information,2021,6.8173,67.09,7.707,0.8522
FDS,Information,2022,4.66,68.45,8.298,1.6676
FDS,Information,2023,4.6517,68.45,8.285,1.1358
FDX,Transportation and Warehousing,2001,1.2955,15.87,9.533,0.2759
FDX,Transportation and Warehousing,2002,1.3728,21.51,9.641,0.2768
FDX,Transportation and Warehousing,2003,1.3411,18.5,9.859,0.4464
FDX,Transportation and Warehousing,2004,1.4605,31.76,9.923,0.2916
FDX,Transportation and Warehousing,2005,1.5808,32.62,10.03,0.2121
FDX,Transportation and Warehousing,2006,1.5418,40.54,10.086,0.2091
FDX,Transportation and Warehousing,2007,1.1903,40.54,10.152,0.1382
FDX,Transportation and Warehousing,2008,0.8194,62.84,10.096,0.1896
FDX,Transportation and Warehousing,2009,1.13,66.03,10.123,0.1397
FDX,Transportation and Warehousing,2010,1.1456,66.7,10.218,0.1107
FDX,Transportation and Warehousing,2011,0.9979,63.23,10.306,0.1132
FDX,Transportation and Warehousing,2012,1.0005,70.28,10.421,0.1719
FDX,Transportation and Warehousing,2013,1.3959,72.56,10.406,0.3101
FDX,Transportation and Warehousing,2014,1.518,76.74,10.521,0.4848
FDX,Transportation and Warehousing,2015,1.256,77.21,10.738,1.006
FDX,Transportation and Warehousing,2016,1.3741,80.15,10.79,0.9289
FDX,Transportation and Warehousing,2017,1.5832,76.63,10.865,0.8542
FDX,Transportation and Warehousing,2018,1.0623,75.55,10.904,0.9901
FDX,Transportation and Warehousing,2019,0.9556,72.68,11.206,1.9744
FDX,Transportation and Warehousing,2020,1.4557,73.69,11.324,1.5087
FDX,Transportation and Warehousing,2021,1.1103,69.63,11.362,1.4914
FDX,Transportation and Warehousing,2022,1.0708,69.63,11.375,1.4693
FE,Utilities,2003,0.7194,12.56,10.402,1.4555
FE,Utilities,2004,0.7775,30.42,10.344,1.2952
FE,Utilities,2005,0.8507,38.13,10.369,1.1895
FE,Utilities,2006,0.986,36.61,10.348,1.2739
FE,Utilities,2007,1.0552,39.11,10.376,1.3129
FE,Utilities,2008,0.8586,54.15,10.42,1.6869
FE,Utilities,2009,0.8478,53.94,10.443,1.7435
FE,Utilities,2010,0.7485,52.03,10.458,1.7279
FE,Utilities,2011,0.7578,55.54,10.765,1.3055
FE,Utilities,2012,0.7263,51.77,10.828,1.4634
FE,Utilities,2013,0.6833,50.81,10.828,1.627
FE,Utilities,2014,0.7322,42.12,10.862,1.7535
FE,Utilities,2015,0.6804,41.26,10.863,1.7765
FE,Utilities,2016,0.8402,41.31,10.672,3.6135
FE,Utilities,2017,0.8551,53.98,10.652,5.7317
FE,Utilities,2018,0.9666,59.19,10.598,2.8925
FE,Utilities,2019,1.124,59.19,10.653,3.0496
FE,Utilities,2020,0.9312,72.74,10.702,3.4243
FE,Utilities,2021,1.0539,63.06,10.724,2.7855
FE,Utilities,2022,0.9964,62.56,10.739,2.1591
FE,Utilities,2023,0.9472,62.56,10.795,2.4084
FFIV,"Professional, Scientific, and Technical Services",2009,2.9046,26.1,6.974,0.0
FFIV,"Professional, Scientific, and Technical Services",2010,6.1237,29.16,7.217,0.0
FFIV,"Professional, Scientific, and Technical Services",2011,3.585,35.71,7.358,0.0
FFIV,"Professional, Scientific, and Technical Services",2012,4.3097,35.71,7.555,0.0
FFIV,"Professional, Scientific, and Technical Services",2013,3.0041,40.21,7.71,0.0
FFIV,"Professional, Scientific, and Technical Services",2014,3.9883,40.21,7.689,0.0
FFIV,"Professional, Scientific, and Technical Services",2015,3.5125,39.13,7.746,0.0
FFIV,"Professional, Scientific, and Technical Services",2016,3.5298,46.22,7.743,0.0
FFIV,"Professional, Scientific, and Technical Services",2017,3.0419,52.41,7.816,0.0
FFIV,"Professional, Scientific, and Technical Services",2018,4.6088,62.0,7.865,0.0
FFIV,"Professional, Scientific, and Technical Services",2019,2.5003,66.82,8.129,0.0
FFIV,"Professional, Scientific, and Technical Services",2020,1.7688,74.9,8.451,0.3463
FFIV,"Professional, Scientific, and Technical Services",2021,2.5557,77.41,8.517,0.3031
FFIV,"Professional, Scientific, and Technical Services",2022,1.768,77.41,8.571,0.2692
FFIV,"Professional, Scientific, and Technical Services",2023,1.8714,70.44,8.566,0.1003
FI,Information,2003,1.1809,17.21,8.884,0.381
FI,Information,2004,1.0034,13.35,9.034,0.236
FI,Information,2005,1.4008,13.29,8.706,0.2415
FI,Information,2006,1.5651,24.16,8.734,0.3081
FI,Information,2007,1.2296,17.1,9.38,2.1909
FI,Information,2008,1.0476,17.33,9.141,1.5825
FI,Information,2009,1.3211,11.54,9.033,1.2032
FI,Information,2010,1.4441,14.53,9.022,1.0393
FI,Information,2011,1.3599,14.9,9.053,1.0421
FI,Information,2012,1.6209,15.71,9.047,0.9453
FI,Information,2013,1.9979,15.15,9.16,1.0734
FI,Information,2014,2.2338,21.33,9.142,1.1542
FI,Information,2015,2.6658,29.0,9.142,1.6139
FI,Information,2016,2.819,24.88,9.184,1.7954
FI,Information,2017,3.122,30.5,9.239,1.7942
FI,Information,2018,3.0904,30.93,9.329,2.5988
FI,Information,2019,1.3059,30.93,11.259,0.6866
FI,Information,2020,1.3062,35.07,11.22,0.6582
FI,Information,2021,1.173,57.96,11.242,0.7099
FI,Information,2022,1.0235,61.43,11.337,0.7192
FI,Information,2023,1.1311,61.43,11.417,0.8005
FICO,"Professional, Scientific, and Technical Services",2009,1.2308,27.78,7.173,0.9496
FICO,"Professional, Scientific, and Technical Services",2010,1.338,28.21,7.024,1.0949
FICO,"Professional, Scientific, and Technical Services",2011,1.1701,38.02,7.03,1.0999
FICO,"Professional, Scientific, and Technical Services",2012,1.7659,25.15,7.055,1.0624
FICO,"Professional, Scientific, and Technical Services",2013,2.0602,33.29,7.058,0.8857
FICO,"Professional, Scientific, and Technical Services",2014,1.9389,29.05,7.084,1.201
FICO,"Professional, Scientific, and Technical Services",2015,2.6436,35.27,7.115,1.3913
FICO,"Professional, Scientific, and Technical Services",2016,3.6241,32.26,7.107,1.2779
FICO,"Professional, Scientific, and Technical Services",2017,3.8658,34.81,7.135,1.4179
FICO,"Professional, Scientific, and Technical Services",2018,5.8923,40.23,7.135,2.8966
FICO,"Professional, Scientific, and Technical Services",2019,6.704,44.37,7.268,2.8464
FICO,"Professional, Scientific, and Technical Services",2020,8.288,35.46,7.382,2.8262
FIS,Finance and Insurance,2007,1.2631,27.65,9.19,1.1307
FIS,Finance and Insurance,2008,0.748,39.08,8.925,0.7118
FIS,Finance and Insurance,2009,0.8595,27.78,9.547,0.3915
FIS,Finance and Insurance,2010,0.9505,24.85,9.558,0.8109
FIS,Finance and Insurance,2011,0.9097,40.03,9.536,0.7396
FIS,Finance and Insurance,2012,1.0792,37.22,9.514,0.6604
FIS,Finance and Insurance,2013,1.4375,39.78,9.544,0.6791
FIS,Finance and Insurance,2014,1.5694,37.63,9.583,0.7729
FIS,Finance and Insurance,2015,1.1869,30.31,10.176,1.2352
FIS,Finance and Insurance,2016,1.3556,29.07,10.167,1.0757
FIS,Finance and Insurance,2017,1.6354,44.11,10.107,0.8088
FIS,Finance and Insurance,2018,1.7888,58.55,10.076,0.8796
FIS,Finance and Insurance,2019,1.2687,58.55,11.336,0.4204
FIS,Finance and Insurance,2020,1.292,60.98,11.337,0.4183
FIS,Finance and Insurance,2021,1.0533,64.11,11.326,0.4409
FIS,Finance and Insurance,2022,0.9585,57.03,11.055,0.7551
FIS,Finance and Insurance,2023,0.9865,57.03,10.917,1.013
FITB,Finance and Insurance,2004,0.5334,56.07,11.456,2.6931
FITB,Finance and Insurance,2005,0.4348,38.28,11.564,2.6275
FITB,Finance and Insurance,2006,0.3928,31.27,11.52,1.6753
FITB,Finance and Insurance,2007,0.3192,40.45,11.617,2.4072
FITB,Finance and Insurance,2008,0.2388,50.66,11.693,3.0412
FITB,Finance and Insurance,2009,0.1751,52.79,11.639,1.2241
FITB,Finance and Insurance,2010,0.2081,58.63,11.617,1.0975
FITB,Finance and Insurance,2011,0.2135,53.2,11.67,1.0362
FITB,Finance and Insurance,2012,0.227,51.03,11.711,1.0712
FITB,Finance and Insurance,2013,0.2245,43.92,11.779,0.8334
FITB,Finance and Insurance,2014,0.2412,55.41,11.84,1.1659
FITB,Finance and Insurance,2015,0.2359,51.11,11.857,1.2064
FITB,Finance and Insurance,2016,0.2694,58.28,11.865,1.2139
FITB,Finance and Insurance,2017,0.2823,64.45,11.865,1.2698
FITB,Finance and Insurance,2018,0.22,65.58,11.892,1.1344
FITB,Finance and Insurance,2019,0.2278,72.43,12.04,0.8643
FITB,Finance and Insurance,2020,0.179,78.13,12.229,0.8093
FITB,Finance and Insurance,2021,0.2053,75.66,12.26,0.6769
FITB,Finance and Insurance,2022,0.2013,68.34,12.243,1.2709
FITB,Finance and Insurance,2023,0.2029,68.34,12.276,1.1747
FMC,Manufacturing,2003,0.7967,20.68,7.948,1.7851
FMC,Manufacturing,2004,0.9105,20.68,7.999,1.0536
FMC,Manufacturing,2005,1.0103,42.99,7.916,0.7508
FMC,Manufacturing,2006,1.3027,53.41,7.914,0.6177
FMC,Manufacturing,2007,1.6988,41.13,7.913,0.5123
FMC,Manufacturing,2008,1.2916,32.51,8.004,0.6907
FMC,Manufacturing,2009,1.4947,31.27,8.051,0.5982
FMC,Manufacturing,2010,1.9124,37.06,8.108,0.5638
FMC,Manufacturing,2011,1.8257,43.52,8.228,0.6655
FMC,Manufacturing,2012,2.0626,42.15,8.383,0.652
FMC,Manufacturing,2013,2.2692,42.15,8.563,1.2185
FMC,Manufacturing,2014,1.738,43.7,8.583,1.0968
FMC,Manufacturing,2015,1.1665,48.95,8.752,1.1518
FMC,Manufacturing,2016,1.54,63.64,8.722,0.967
FMC,Manufacturing,2017,1.7272,61.22,9.128,1.1879
FMC,Manufacturing,2018,1.2543,64.48,9.208,0.8736
FMC,Manufacturing,2019,1.6553,66.11,9.198,1.3638
FMC,Manufacturing,2020,1.7976,72.06,9.229,1.163
FMC,Manufacturing,2021,1.6207,80.37,9.267,1.1001
FMC,Manufacturing,2022,1.7042,83.8,9.321,1.0138
FMC,Manufacturing,2023,1.0038,83.8,9.386,0.9307
FOXA,Information,2020,1.1374,25.62,9.987,0.8441
FOXA,Information,2021,1.3018,73.93,10.04,0.7599
FOXA,Information,2022,1.1461,73.93,10.007,0.6807
FOXA,Information,2023,1.1504,74.49,9.993,0.7908
FRT,Real Estate Rental and Leasing,2005,1.9559,37.2,7.763,2.1726
FRT,Real Estate Rental and Leasing,2006,2.3801,34.16,7.897,2.1642
FRT,Real Estate Rental and Leasing,2007,2.1598,33.49,8.003,1.4833
FRT,Real Estate Rental and Leasing,2008,1.7485,32.67,8.037,1.5805
FRT,Real Estate Rental and Leasing,2009,1.8438,49.54,8.078,1.5367
FRT,Real Estate Rental and Leasing,2010,2.0768,47.31,8.058,1.5504
FRT,Real Estate Rental and Leasing,2011,2.1522,45.25,8.205,1.7498
FRT,Real Estate Rental and Leasing,2012,2.2959,42.2,8.268,1.7298
FRT,Real Estate Rental and Leasing,2013,2.1534,37.47,8.347,1.6145
FRT,Real Estate Rental and Leasing,2014,2.5437,38.24,8.422,1.5113
FRT,Real Estate Rental and Leasing,2015,2.6051,47.12,8.499,1.5978
FRT,Real Estate Rental and Leasing,2016,2.4026,52.28,8.598,1.4229
FRT,Real Estate Rental and Leasing,2017,2.0702,54.35,8.744,1.5592
FRT,Real Estate Rental and Leasing,2018,1.9069,59.11,8.747,1.4773
FRT,Real Estate Rental and Leasing,2019,1.9465,63.61,8.824,1.4744
FRT,Real Estate Rental and Leasing,2020,1.4416,75.21,8.937,1.9252
FRT,Real Estate Rental and Leasing,2021,1.9558,76.99,8.939,1.7319
FRT,Real Estate Rental and Leasing,2022,1.5416,80.48,9.016,1.6015
FRT,Real Estate Rental and Leasing,2023,1.5667,80.48,9.04,1.672
FSLR,Manufacturing,2006,3.8704,11.97,6.36,0.1961
FSLR,Manufacturing,2007,15.3858,17.34,7.224,0.0986
FSLR,Manufacturing,2008,5.4176,27.19,7.657,0.1312
FSLR,Manufacturing,2009,3.4967,20.9,8.117,0.066
FSLR,Manufacturing,2010,2.6046,35.9,8.385,0.0687
FSLR,Manufacturing,2011,0.6201,40.16,8.662,0.1821
FSLR,Manufacturing,2012,0.5122,47.89,8.756,0.156
FSLR,Manufacturing,2013,0.8223,46.79,8.837,0.0496
FSLR,Manufacturing,2014,0.6974,48.72,8.814,0.0431
FSLR,Manufacturing,2015,0.9632,50.75,8.898,0.0597
FSLR,Manufacturing,2016,0.5192,65.64,8.835,0.0435
FSLR,Manufacturing,2017,1.09,68.05,8.834,0.084
FSLR,Manufacturing,2018,0.6908,71.26,8.871,0.0896
FSLR,Manufacturing,2019,0.8644,75.75,8.925,0.1168
FSLR,Manufacturing,2020,1.5425,73.43,8.869,0.0874
FSLR,Manufacturing,2021,1.3039,72.6,8.911,0.0669
FSLR,Manufacturing,2022,1.9637,74.27,9.018,0.0401
FSLR,Manufacturing,2023,1.8362,74.27,9.246,0.0934
FTNT,"Professional, Scientific, and Technical Services",2011,4.6007,26.73,6.6,0.0
FTNT,"Professional, Scientific, and Technical Services",2012,3.4552,31.05,6.883,0.0
FTNT,"Professional, Scientific, and Technical Services",2013,2.6446,24.6,7.063,0.0
FTNT,"Professional, Scientific, and Technical Services",2014,3.5817,27.84,7.262,0.0
FTNT,"Professional, Scientific, and Technical Services",2015,2.9838,40.34,7.49,0.0
FTNT,"Professional, Scientific, and Technical Services",2016,2.4361,42.15,7.669,0.0
FTNT,"Professional, Scientific, and Technical Services",2017,3.2486,45.65,7.722,0.0
FTNT,"Professional, Scientific, and Technical Services",2018,3.8853,47.07,8.032,0.0
FTNT,"Professional, Scientific, and Technical Services",2019,4.7296,47.07,8.265,0.0349
FTNT,"Professional, Scientific, and Technical Services",2020,5.9808,60.1,8.305,0.062
FTNT,"Professional, Scientific, and Technical Services",2021,10.0147,57.93,8.686,1.3499
FTV,Manufacturing,2017,2.7827,33.63,9.259,1.0702
FTV,Manufacturing,2018,2.0195,40.11,9.465,0.5201
FTV,Manufacturing,2019,1.847,45.05,9.766,0.8857
FTV,Manufacturing,2020,1.7669,51.9,9.684,0.4943
FTV,Manufacturing,2021,1.9155,52.85,9.709,0.4356
FTV,Manufacturing,2022,1.6421,66.02,9.673,0.3533
FTV,Manufacturing,2023,1.7522,66.02,9.736,0.3692
GD,Manufacturing,2003,1.3556,36.82,9.692,0.6828
GD,Manufacturing,2004,1.3865,41.03,9.772,0.4586
GD,Manufacturing,2005,1.3334,26.85,9.883,0.4041
GD,Manufacturing,2006,1.4726,33.86,10.016,0.283
GD,Manufacturing,2007,1.5055,42.5,10.156,0.2372
GD,Manufacturing,2008,0.9268,36.48,10.253,0.4003
GD,Manufacturing,2009,0.9704,35.29,10.344,0.311
GD,Manufacturing,2010,0.9096,36.95,10.39,0.2405
GD,Manufacturing,2011,0.7912,46.08,10.46,0.297
GD,Manufacturing,2012,0.828,37.15,10.443,0.3432
GD,Manufacturing,2013,1.0629,40.18,10.476,0.2696
GD,Manufacturing,2014,1.4036,51.85,10.473,0.3306
GD,Manufacturing,2015,1.4499,56.21,10.373,0.3165
GD,Manufacturing,2016,1.7067,58.16,10.4,0.3542
GD,Manufacturing,2017,1.8372,62.91,10.464,0.3482
GD,Manufacturing,2018,1.28,56.76,10.723,1.0856
GD,Manufacturing,2019,1.328,63.29,10.796,1.0155
GD,Manufacturing,2020,1.1181,53.12,10.846,0.9407
GD,Manufacturing,2021,1.4189,53.12,10.821,0.7468
GD,Manufacturing,2022,1.5547,67.16,10.851,0.6524
GD,Manufacturing,2023,1.4984,67.16,10.912,0.5204
GE,Manufacturing,2002,0.9077,32.06,13.263,4.3859
GE,Manufacturing,2003,0.9524,27.81,13.381,3.851
GE,Manufacturing,2004,1.0083,35.38,13.529,3.342
GE,Manufacturing,2005,1.0959,74.89,13.42,3.3876
GE,Manufacturing,2006,1.1694,79.06,13.455,3.8549
GE,Manufacturing,2007,1.1119,77.62,13.587,4.4489
GE,Manufacturing,2008,0.8705,87.35,13.59,5.0042
GE,Manufacturing,2009,0.8589,88.64,13.569,4.3498
GE,Manufacturing,2010,0.8956,85.44,13.529,4.0243
GE,Manufacturing,2011,0.8962,85.5,13.483,3.8943
GE,Manufacturing,2012,0.9229,80.91,13.438,3.3656
GE,Manufacturing,2013,1.0129,80.99,13.395,2.9337
GE,Manufacturing,2014,0.9549,82.72,13.382,2.8479
GE,Manufacturing,2015,0.9954,83.52,13.108,2.0177
GE,Manufacturing,2016,1.1295,80.74,12.808,1.7965
GE,Manufacturing,2017,0.7569,81.15,12.843,2.0946
GE,Manufacturing,2018,0.5688,81.35,12.642,3.5499
GE,Manufacturing,2019,0.72,82.78,12.491,3.3219
GE,Manufacturing,2020,0.682,76.89,12.443,2.1999
GE,Manufacturing,2021,0.7133,77.0,12.2,0.9437
GE,Manufacturing,2022,0.671,78.08,12.143,0.9555
GE,Manufacturing,2023,0.9927,78.08,12.002,0.8378
GEHC,Manufacturing,2023,1.3887,37.73,10.388,1.3827
GEN,"Professional, Scientific, and Technical Services",2001,2.6037,28.62,7.825,0.4546
GEN,"Professional, Scientific, and Technical Services",2002,1.9687,16.27,8.091,0.3401
GEN,"Professional, Scientific, and Technical Services",2003,3.3746,36.18,8.402,0.2473
GEN,"Professional, Scientific, and Technical Services",2004,2.6995,37.33,8.633,0.0
GEN,"Professional, Scientific, and Technical Services",2005,1.0066,37.33,9.793,0.0375
GEN,"Professional, Scientific, and Technical Services",2006,0.9949,58.97,9.784,0.181
GEN,"Professional, Scientific, and Technical Services",2007,0.8982,69.98,9.803,0.2096
GEN,"Professional, Scientific, and Technical Services",2008,1.3439,69.98,9.273,0.5319
GEN,"Professional, Scientific, and Technical Services",2010,1.308,69.4,9.451,0.5705
GEN,"Professional, Scientific, and Technical Services",2011,1.1965,80.22,9.474,0.4003
GEN,"Professional, Scientific, and Technical Services",2012,1.413,69.31,9.574,0.5702
GEN,"Professional, Scientific, and Technical Services",2013,1.1799,60.56,9.513,0.3614
GEN,"Professional, Scientific, and Technical Services",2014,1.3661,60.56,9.49,0.3532
GEN,"Professional, Scientific, and Technical Services",2015,1.1435,67.02,9.373,0.6004
GEN,"Professional, Scientific, and Technical Services",2016,1.4768,64.82,9.808,2.3476
GEN,"Professional, Scientific, and Technical Services",2017,1.3425,73.69,9.665,1.0006
GEN,"Professional, Scientific, and Technical Services",2018,1.1881,71.91,9.676,0.7759
GEN,"Professional, Scientific, and Technical Services",2022,1.3044,73.26,9.677,4.4632
GEN,"Professional, Scientific, and Technical Services",2023,1.4336,73.26,9.666,3.9395
GILD,Manufacturing,2005,6.4996,31.22,8.233,0.0994
GILD,Manufacturing,2006,7.6702,34.87,8.315,0.7709
GILD,Manufacturing,2007,7.5761,32.43,8.672,0.376
GILD,Manufacturing,2008,6.8153,21.09,8.856,0.3144
GILD,Manufacturing,2009,4.1334,21.09,9.18,0.1815
GILD,Manufacturing,2010,2.8071,32.77,9.358,0.5931
GILD,Manufacturing,2011,2.221,45.81,9.759,1.1286
GILD,Manufacturing,2012,3.0139,47.44,9.964,0.8834
GILD,Manufacturing,2013,5.4172,50.22,10.021,0.5837
GILD,Manufacturing,2014,4.434,67.42,10.453,0.8041
GILD,Manufacturing,2015,3.2036,68.39,10.856,1.1966
GILD,Manufacturing,2016,2.1088,80.58,10.95,1.3949
GILD,Manufacturing,2017,1.8105,81.73,11.16,1.6408
GILD,Manufacturing,2018,1.6884,83.79,11.062,1.2775
GILD,Manufacturing,2019,1.7457,82.51,11.029,1.124
GILD,Manufacturing,2020,1.5375,84.2,11.133,1.7645
GILD,Manufacturing,2021,1.7415,82.42,11.127,1.295
GILD,Manufacturing,2022,2.1032,82.42,11.054,1.2151
GIS,Manufacturing,2001,1.5803,34.25,9.714,2.6395
GIS,Manufacturing,2002,1.4355,39.61,9.811,2.1214
GIS,Manufacturing,2003,1.392,47.44,9.823,1.5675
GIS,Manufacturing,2004,1.3538,53.87,9.802,1.0909
GIS,Manufacturing,2005,1.3468,54.77,9.81,1.048
GIS,Manufacturing,2006,1.4863,68.6,9.808,1.1668
GIS,Manufacturing,2007,1.4878,73.48,9.854,1.1261
GIS,Manufacturing,2008,1.335,74.95,9.791,1.3673
GIS,Manufacturing,2009,1.686,84.19,9.78,1.1893
GIS,Manufacturing,2010,1.7419,84.25,9.835,1.0816
GIS,Manufacturing,2011,1.5289,84.95,9.957,1.157
GIS,Manufacturing,2012,1.6832,81.31,10.028,1.1944
GIS,Manufacturing,2013,1.8327,73.4,10.05,1.3445
GIS,Manufacturing,2014,1.9505,70.97,9.997,1.846
GIS,Manufacturing,2015,2.1139,73.68,9.986,1.7101
GIS,Manufacturing,2016,1.9353,74.9,9.99,2.1908
GIS,Manufacturing,2017,1.3356,76.58,10.33,2.5759
GIS,Manufacturing,2018,1.4695,74.9,10.313,2.054
GIS,Manufacturing,2019,1.6996,73.54,10.335,1.7272
GIS,Manufacturing,2020,1.6081,75.1,10.369,1.3734
GIS,Manufacturing,2021,1.7307,78.38,10.345,1.1359
GIS,Manufacturing,2022,1.9533,78.38,10.356,1.1546
GL,Finance and Insurance,2002,0.4221,17.51,9.422,0.3147
GL,Finance and Insurance,2003,0.4464,22.15,9.508,0.2703
GL,Finance and Insurance,2004,0.4935,23.81,9.565,0.253
GL,Finance and Insurance,2005,0.4501,31.03,9.6,0.2591
GL,Finance and Insurance,2006,0.4771,34.9,9.614,0.2576
GL,Finance and Insurance,2007,0.4267,22.34,9.632,0.2779
GL,Finance and Insurance,2008,0.3557,24.19,9.513,0.4618
GL,Finance and Insurance,2009,0.2992,22.87,9.682,0.3392
GL,Finance and Insurance,2010,0.3618,19.86,9.69,0.2769
GL,Finance and Insurance,2011,0.3208,29.95,9.75,0.2694
GL,Finance and Insurance,2012,0.329,23.48,9.84,0.3
GL,Finance and Insurance,2013,0.4515,30.84,9.809,0.323
GL,Finance and Insurance,2014,0.4037,33.5,9.914,0.262
GL,Finance and Insurance,2015,0.4145,42.07,9.896,0.3042
GL,Finance and Insurance,2016,0.4713,42.66,9.973,0.306
GL,Finance and Insurance,2017,0.505,47.96,10.064,0.2343
GL,Finance and Insurance,2018,0.4293,48.59,10.047,0.3075
GL,Finance and Insurance,2019,0.4999,51.58,10.165,0.2259
GL,Finance and Insurance,2020,0.4055,51.58,10.277,0.2192
GL,Finance and Insurance,2021,0.3815,60.38,10.301,0.2344
GL,Finance and Insurance,2022,0.538,60.57,10.148,0.4242
GL,Finance and Insurance,2023,0.4824,57.14,10.242,0.4715
GLW,Manufacturing,2002,0.7039,20.61,9.354,0.9187
GLW,Manufacturing,2003,1.5645,25.05,9.283,0.5231
GLW,Manufacturing,2004,1.984,38.74,9.181,0.7175
GLW,Manufacturing,2005,2.8558,40.1,9.324,0.3293
GLW,Manufacturing,2006,2.3725,67.04,9.478,0.2368
GLW,Manufacturing,2007,2.5733,70.85,9.63,0.1619
GLW,Manufacturing,2008,0.8495,63.93,9.866,0.1194
GLW,Manufacturing,2009,1.5023,68.74,9.966,0.1289
GLW,Manufacturing,2010,1.2572,63.02,10.159,0.1197
GLW,Manufacturing,2011,0.792,53.93,10.235,0.1134
GLW,Manufacturing,2012,0.7493,50.27,10.288,0.1609
GLW,Manufacturing,2013,0.9911,51.4,10.257,0.1556
GLW,Manufacturing,2014,1.0803,48.53,10.311,0.1693
GLW,Manufacturing,2015,0.8806,50.34,10.259,0.2718
GLW,Manufacturing,2016,0.9454,61.23,10.236,0.2502
GLW,Manufacturing,2017,1.1848,57.22,10.222,0.3827
GLW,Manufacturing,2018,1.0836,55.77,10.222,0.5219
GLW,Manufacturing,2019,1.0531,55.61,10.272,0.778
GLW,Manufacturing,2020,1.1776,55.61,10.334,0.7941
GLW,Manufacturing,2021,1.2844,69.34,10.314,0.6348
GLW,Manufacturing,2022,1.1561,67.48,10.292,0.651
GLW,Manufacturing,2023,1.1738,67.48,10.258,0.7345
GNRC,Manufacturing,2015,1.6871,26.96,7.492,2.2739
GNRC,Manufacturing,2016,1.9376,24.55,7.529,2.6249
GNRC,Manufacturing,2017,1.9888,25.81,7.611,1.6598
GNRC,Manufacturing,2018,1.6536,26.1,7.794,1.2149
GNRC,Manufacturing,2019,2.712,31.86,7.888,0.9065
GNRC,Manufacturing,2020,4.7109,31.54,8.082,0.6825
GNRC,Manufacturing,2021,4.8194,30.19,8.492,0.4897
GNRC,Manufacturing,2022,1.4928,36.9,8.551,0.6798
GNRC,Manufacturing,2023,1.8498,36.9,8.536,0.7048
GOOGL,Information,2004,15.5314,48.46,8.106,0.0006
GOOGL,Information,2005,11.8348,61.05,9.237,0.0
GOOGL,Information,2006,7.7023,61.68,9.824,0.0
GOOGL,Information,2007,8.5403,56.26,10.14,0.0
GOOGL,Information,2008,3.0517,55.3,10.366,0.0
GOOGL,Information,2009,4.8649,37.22,10.609,0.0
GOOGL,Information,2010,3.3588,43.62,10.966,0.0749
GOOGL,Information,2011,2.9495,47.56,11.192,0.0723
GOOGL,Information,2012,2.5476,49.27,11.449,0.0772
GOOGL,Information,2013,3.4405,43.58,11.617,0.0601
GOOGL,Information,2014,2.7924,43.58,11.784,0.0501
GOOGL,Information,2015,3.6619,62.16,11.901,0.0434
GOOGL,Information,2016,3.2941,62.27,12.029,0.0283
GOOGL,Information,2017,3.7297,62.27,12.192,0.026
GOOGL,Information,2018,3.1395,66.0,12.358,0.0226
GOOGL,Information,2019,3.3994,69.68,12.528,0.0793
GOOGL,Information,2020,3.7867,77.52,12.675,0.1208
GOOGL,Information,2021,5.4185,77.52,12.792,0.1133
GOOGL,Information,2022,3.1858,81.12,12.808,0.117
GOOGL,Information,2023,4.3997,81.12,12.905,0.1063
GPC,Retail Trade,2002,1.5331,5.86,8.299,0.3717
GPC,Retail Trade,2003,1.5683,10.87,8.323,0.2931
GPC,Retail Trade,2004,1.8428,11.09,8.402,0.1969
GPC,Retail Trade,2005,1.6977,18.52,8.47,0.1859
GPC,Retail Trade,2006,1.9098,5.57,8.411,0.1961
GPC,Retail Trade,2007,1.7153,15.68,8.471,0.184
GPC,Retail Trade,2008,1.3657,18.29,8.474,0.2151
GPC,Retail Trade,2009,1.3053,19.75,8.518,0.1907
GPC,Retail Trade,2010,1.5724,16.85,8.606,0.179
GPC,Retail Trade,2011,1.7052,17.36,8.679,0.1796
GPC,Retail Trade,2012,1.5197,12.53,8.826,0.1668
GPC,Retail Trade,2013,1.7652,18.04,8.946,0.2283
GPC,Retail Trade,2014,2.0716,21.06,9.018,0.2319
GPC,Retail Trade,2015,1.6594,20.9,9.005,0.1986
GPC,Retail Trade,2016,1.6992,20.86,9.089,0.274
GPC,Retail Trade,2017,1.384,31.42,9.426,0.951
GPC,Retail Trade,2018,1.3527,31.54,9.448,0.911
GPC,Retail Trade,2019,1.3633,40.44,9.592,1.2307
GPC,Retail Trade,2020,1.3567,43.81,9.506,1.1661
GPC,Retail Trade,2021,1.6313,41.33,9.572,0.9967
GPC,Retail Trade,2022,1.7524,53.01,9.711,1.1744
GPC,Retail Trade,2023,1.3643,53.01,9.796,1.178
GPN,Finance and Insurance,2008,1.8487,16.28,7.425,0.1979
GPN,Finance and Insurance,2009,1.8931,15.84,7.62,0.5809
GPN,Finance and Insurance,2010,1.4323,14.18,8.117,0.5274
GPN,Finance and Insurance,2011,1.4379,17.37,7.897,0.4508
GPN,Finance and Insurance,2012,1.5258,24.06,8.047,1.0042
GPN,Finance and Insurance,2013,1.6309,10.98,8.299,1.8389
GPN,Finance and Insurance,2014,1.5792,11.94,8.665,3.0807
GPN,Finance and Insurance,2015,1.6071,14.96,9.26,1.7818
GPN,Finance and Insurance,2016,1.4435,14.96,9.275,1.8362
GPN,Finance and Insurance,2017,1.6349,14.15,9.473,1.3954
GPN,Finance and Insurance,2018,1.672,24.82,9.49,1.4608
GPN,Finance and Insurance,2019,1.4587,26.2,10.703,0.3617
GPN,Finance and Insurance,2020,1.6848,41.43,10.697,0.3733
GPN,Finance and Insurance,2021,1.1291,45.28,10.721,0.4929
GPN,Finance and Insurance,2022,0.9118,41.44,10.71,0.6602
GPN,Finance and Insurance,2023,1.0056,41.44,10.831,0.7734
GRMN,Manufacturing,2004,5.8982,33.79,7.019,0.0
GRMN,Manufacturing,2005,5.2636,28.78,7.217,0.0
GRMN,Manufacturing,2006,6.3406,42.24,7.548,0.0002
GRMN,Manufacturing,2007,6.3944,36.51,8.099,0.0
GRMN,Manufacturing,2008,1.3133,28.68,7.981,0.0
GRMN,Manufacturing,2009,1.6071,30.62,8.25,0.0
GRMN,Manufacturing,2010,1.5101,48.44,8.291,0.0
GRMN,Manufacturing,2011,1.7332,47.42,8.405,0.0
GRMN,Manufacturing,2012,1.6539,63.02,8.48,0.0
GRMN,Manufacturing,2013,1.8473,49.08,8.493,0.0
GRMN,Manufacturing,2014,2.1592,59.1,8.454,0.0
GRMN,Manufacturing,2015,1.5673,54.84,8.412,0.0
GRMN,Manufacturing,2016,2.0206,59.97,8.417,0.0
GRMN,Manufacturing,2017,2.2375,57.94,8.519,0.0
GRMN,Manufacturing,2018,2.2287,57.75,8.591,0.0
GRMN,Manufacturing,2019,3.0271,61.9,8.727,0.0134
GRMN,Manufacturing,2020,3.2736,64.08,8.858,0.0172
GRMN,Manufacturing,2021,3.3507,60.61,8.969,0.0148
GRMN,Manufacturing,2022,2.3055,64.33,8.953,0.0225
GRMN,Manufacturing,2023,2.8816,64.33,9.06,0.0201
GS,Finance and Insurance,2002,0.7354,51.55,12.781,11.7214
GS,Finance and Insurance,2003,0.7309,28.84,12.909,11.4399
GS,Finance and Insurance,2004,0.6908,56.62,13.183,12.5733
GS,Finance and Insurance,2005,0.7254,63.03,13.469,17.2681
GS,Finance and Insurance,2006,0.7303,62.08,13.639,16.0456
GS,Finance and Insurance,2007,0.6922,46.43,13.929,17.0187
GS,Finance and Insurance,2008,0.6068,47.97,13.693,10.4058
GS,Finance and Insurance,2009,0.7017,71.88,13.652,7.9068
GS,Finance and Insurance,2010,0.7194,59.78,13.723,8.0069
GS,Finance and Insurance,2011,0.6674,58.31,13.736,8.4642
GS,Finance and Insurance,2012,0.6429,56.93,13.752,7.7978
GS,Finance and Insurance,2013,0.6643,59.78,13.723,7.3341
GS,Finance and Insurance,2014,0.6339,63.05,13.66,6.1853
GS,Finance and Insurance,2015,0.6082,67.43,13.666,5.8823
GS,Finance and Insurance,2016,0.6256,59.0,13.665,5.7978
GS,Finance and Insurance,2017,0.6382,66.37,13.729,6.905
GS,Finance and Insurance,2018,0.5767,70.85,13.745,5.9976
GS,Finance and Insurance,2019,0.5468,82.79,13.808,5.8159
GS,Finance and Insurance,2020,0.5251,88.65,13.967,6.0911
GS,Finance and Insurance,2021,0.5128,87.49,14.197,6.2207
GS,Finance and Insurance,2022,0.4797,86.49,14.181,5.3635
GS,Finance and Insurance,2023,0.5219,86.49,14.311,6.8753
GWW,Wholesale Trade,2002,1.9896,18.5,7.799,0.0775
GWW,Wholesale Trade,2003,1.7002,19.58,7.873,0.0808
GWW,Wholesale Trade,2004,2.1516,22.69,7.941,0.0046
GWW,Wholesale Trade,2005,2.0555,23.44,8.042,0.0041
GWW,Wholesale Trade,2006,1.9334,34.5,8.022,0.0044
GWW,Wholesale Trade,2007,2.2837,34.22,8.037,0.0532
GWW,Wholesale Trade,2008,1.8277,46.68,8.165,0.2603
GWW,Wholesale Trade,2009,2.0191,52.06,8.223,0.2428
GWW,Wholesale Trade,2010,2.5807,50.51,8.27,0.2241
GWW,Wholesale Trade,2011,2.8865,43.71,8.459,0.1965
GWW,Wholesale Trade,2012,2.9165,42.78,8.52,0.1867
GWW,Wholesale Trade,2013,3.4425,57.72,8.569,0.167
GWW,Wholesale Trade,2014,3.334,52.11,8.576,0.151
GWW,Wholesale Trade,2015,2.4848,58.96,8.676,0.8774
GWW,Wholesale Trade,2016,2.793,57.88,8.647,1.2498
GWW,Wholesale Trade,2017,2.6963,60.03,8.666,1.3859
GWW,Wholesale Trade,2018,3.0637,71.59,8.678,1.1556
GWW,Wholesale Trade,2019,3.4335,73.87,8.7,1.3175
GWW,Wholesale Trade,2020,3.8227,75.79,8.748,1.4311
GWW,Wholesale Trade,2021,4.4457,75.66,8.794,1.4739
GWW,Wholesale Trade,2022,4.0406,75.62,8.934,1.1086
GWW,Wholesale Trade,2023,5.3542,75.62,9.005,0.8835
HAL,Mining,2002,0.7539,42.95,9.461,0.4286
HAL,Mining,2003,0.9616,38.82,9.646,1.3565
HAL,Mining,2004,1.3484,33.45,9.668,1.0058
HAL,Mining,2005,2.3347,54.09,9.616,0.5016
HAL,Mining,2006,2.0106,78.37,9.73,0.3838
HAL,Mining,2007,2.7519,78.37,9.483,0.4058
HAL,Mining,2008,1.3127,73.28,9.574,0.3381
HAL,Mining,2009,1.9177,73.28,9.713,0.5241
HAL,Mining,2010,2.2397,68.73,9.814,0.3686
HAL,Mining,2011,1.546,74.26,10.072,0.3652
HAL,Mining,2012,1.3516,75.19,10.219,0.3057
HAL,Mining,2013,1.7419,71.61,10.283,0.5755
HAL,Mining,2014,1.2781,68.39,10.381,0.4828
HAL,Mining,2015,1.2042,76.68,10.517,0.9925
HAL,Mining,2016,2.1933,77.18,10.204,1.3154
HAL,Mining,2017,2.137,78.36,10.13,1.3148
HAL,Mining,2018,1.2935,83.89,10.165,1.0982
HAL,Mining,2019,1.2999,86.78,10.142,1.4357
HAL,Mining,2020,1.3397,91.32,9.937,2.2071
HAL,Mining,2021,1.3808,88.09,10.013,1.5388
HAL,Mining,2022,1.9169,86.03,10.054,1.1429
HAL,Mining,2023,1.6655,86.03,10.114,0.9555
HAS,Manufacturing,2002,0.9749,21.81,8.053,0.893
HAS,Manufacturing,2003,1.4055,17.48,8.059,0.5064
HAS,Manufacturing,2004,1.2594,25.41,8.084,0.3932
HAS,Manufacturing,2005,1.2523,30.98,8.102,0.3151
HAS,Manufacturing,2006,1.5765,26.27,8.038,0.3287
HAS,Manufacturing,2007,1.4117,57.72,8.082,0.6175
HAS,Manufacturing,2008,1.508,55.31,8.061,0.5158
HAS,Manufacturing,2009,1.422,56.71,8.268,0.7187
HAS,Manufacturing,2010,1.9289,63.29,8.317,0.8742
HAS,Manufacturing,2011,1.3759,75.7,8.326,1.1155
HAS,Manufacturing,2012,1.4449,77.36,8.372,1.0752
HAS,Manufacturing,2013,1.9549,72.71,8.39,0.8302
HAS,Manufacturing,2014,1.9108,78.38,8.419,1.2366
HAS,Manufacturing,2015,2.1433,84.53,8.46,1.0287
HAS,Manufacturing,2016,2.24,85.66,8.535,0.9239
HAS,Manufacturing,2017,2.4877,88.16,8.574,1.0102
HAS,Manufacturing,2018,2.2711,79.86,8.568,0.9717
HAS,Manufacturing,2019,2.1055,78.23,9.089,1.3991
HAS,Manufacturing,2020,1.6778,77.36,9.289,1.8321
HAS,Manufacturing,2021,1.8201,83.11,9.214,1.3885
HAS,Manufacturing,2022,1.3478,80.56,9.137,1.4467
HAS,Manufacturing,2023,1.6365,80.56,8.786,3.4065
HBAN,Finance and Insurance,2002,0.4026,28.49,10.219,3.0541
HBAN,Finance and Insurance,2003,0.44,17.03,10.325,3.6309
HBAN,Finance and Insurance,2004,0.4073,35.81,10.391,2.9689
HBAN,Finance and Insurance,2005,0.3604,33.86,10.397,2.5363
HBAN,Finance and Insurance,2006,0.3335,33.52,10.472,2.0531
HBAN,Finance and Insurance,2007,0.278,33.85,10.91,1.6471
HBAN,Finance and Insurance,2008,0.2021,33.85,10.903,1.5291
HBAN,Finance and Insurance,2009,0.1414,44.88,10.85,1.2824
HBAN,Finance and Insurance,2010,0.219,41.78,10.893,1.2678
HBAN,Finance and Insurance,2011,0.1705,38.46,10.905,0.9021
HBAN,Finance and Insurance,2012,0.1485,41.42,10.936,0.5468
HBAN,Finance and Insurance,2013,0.2157,41.32,10.993,0.842
HBAN,Finance and Insurance,2014,0.2303,41.32,11.102,1.1332
HBAN,Finance and Insurance,2015,0.2319,46.84,11.171,1.2375
HBAN,Finance and Insurance,2016,0.2643,57.48,11.51,1.2993
HBAN,Finance and Insurance,2017,0.2867,57.48,11.554,1.4638
HBAN,Finance and Insurance,2018,0.2125,80.3,11.597,1.0751
HBAN,Finance and Insurance,2019,0.2575,80.99,11.599,1.1979
HBAN,Finance and Insurance,2020,0.1756,78.69,11.72,0.8105
HBAN,Finance and Insurance,2021,0.1727,74.24,12.067,0.4602
HBAN,Finance and Insurance,2022,0.1775,73.64,12.117,0.7783
HBAN,Finance and Insurance,2023,0.168,73.64,12.151,0.7897
HD,Retail Trade,2002,1.6411,42.22,10.309,0.0671
HD,Retail Trade,2003,2.3643,44.16,10.447,0.0609
HD,Retail Trade,2004,2.3726,47.45,10.569,0.0894
HD,Retail Trade,2005,2.0281,42.57,10.703,0.1518
HD,Retail Trade,2006,1.7588,49.21,10.864,0.4659
HD,Retail Trade,2008,1.1648,66.09,10.625,0.6432
HD,Retail Trade,2009,1.4004,67.15,10.618,0.4993
HD,Retail Trade,2010,1.7303,60.45,10.6,0.5161
HD,Retail Trade,2011,1.9501,68.23,10.61,0.6027
HD,Retail Trade,2012,2.68,68.23,10.623,0.6073
HD,Retail Trade,2013,2.9808,62.85,10.61,1.1759
HD,Retail Trade,2014,3.847,78.28,10.595,1.8448
HD,Retail Trade,2015,4.2014,80.7,10.658,3.3748
HD,Retail Trade,2016,4.4014,83.61,10.668,5.4468
HD,Retail Trade,2017,5.8315,74.11,10.704,18.5887
HD,Retail Trade,2020,4.7477,68.06,11.165,13.1622
HD,Retail Trade,2022,4.9672,68.74,11.244,32.2433
HD,Retail Trade,2023,5.2578,68.74,11.245,50.0412
HES,Mining,2002,0.7467,13.9,9.493,1.1749
HES,Mining,2003,0.6236,13.9,9.546,0.74
HES,Mining,2004,0.6983,23.09,9.7,0.6869
HES,Mining,2005,0.8155,30.03,9.858,0.6035
HES,Mining,2006,0.8654,52.1,10.017,0.465
HES,Mining,2007,1.3898,67.88,10.171,0.4072
HES,Mining,2008,0.7502,68.4,10.261,0.3214
HES,Mining,2009,0.8235,70.65,10.291,0.3338
HES,Mining,2010,0.8879,69.4,10.474,0.3345
HES,Mining,2011,0.6482,73.63,10.575,0.3271
HES,Mining,2012,0.6031,70.45,10.679,0.3846
HES,Mining,2013,0.7672,70.74,10.663,0.2345
HES,Mining,2014,0.7021,74.74,10.56,0.2696
HES,Mining,2015,0.5994,77.26,10.44,0.342
HES,Mining,2016,0.9267,71.12,10.262,0.4683
HES,Mining,2017,0.949,75.71,10.048,0.6314
HES,Mining,2018,0.862,76.34,9.973,0.693
HES,Mining,2019,1.2995,79.63,9.989,0.9084
HES,Mining,2020,1.3432,77.12,9.843,1.6912
HES,Mining,2021,1.5633,75.43,9.929,1.451
HES,Mining,2022,2.4232,73.16,9.985,1.1649
HES,Mining,2023,2.2443,73.16,10.086,1.0681
HIG,Finance and Insurance,2002,0.0878,31.03,12.112,0.408
HIG,Finance and Insurance,2003,0.0991,29.31,12.328,0.4866
HIG,Finance and Insurance,2004,0.0975,46.1,12.467,0.3462
HIG,Finance and Insurance,2005,0.1076,20.98,12.562,0.3111
HIG,Finance and Insurance,2006,0.1057,56.54,12.697,0.231
HIG,Finance and Insurance,2007,0.0907,56.54,12.795,0.2768
HIG,Finance and Insurance,2008,0.043,51.66,12.569,0.8018
HIG,Finance and Insurance,2009,0.0516,66.44,12.637,0.468
HIG,Finance and Insurance,2010,0.0589,65.27,12.671,0.3538
HIG,Finance and Insurance,2011,0.0451,66.52,12.625,0.2921
HIG,Finance and Insurance,2012,0.0572,61.3,12.607,0.3329
HIG,Finance and Insurance,2013,0.083,64.48,12.535,0.3506
HIG,Finance and Insurance,2014,0.0974,56.13,12.409,0.3301
HIG,Finance and Insurance,2015,0.1021,60.53,12.339,0.3311
HIG,Finance and Insurance,2016,0.1034,63.97,12.317,0.3131
HIG,Finance and Insurance,2017,0.1121,76.61,12.325,0.3833
HIG,Finance and Insurance,2018,0.3325,73.69,11.04,0.3721
HIG,Finance and Insurance,2019,0.3799,74.96,11.168,0.3168
HIG,Finance and Insurance,2020,0.2986,79.58,11.213,0.251
HIG,Finance and Insurance,2021,0.3689,81.77,11.246,0.2929
HIG,Finance and Insurance,2022,0.3888,81.96,11.199,0.3379
HIG,Finance and Insurance,2023,0.3712,81.96,11.249,0.3005
HII,Manufacturing,2012,0.6224,29.78,8.763,2.7436
HII,Manufacturing,2013,0.9911,39.98,8.736,1.1696
HII,Manufacturing,2014,1.1376,28.52,8.743,1.2454
HII,Manufacturing,2015,1.1989,36.17,8.704,0.8544
HII,Manufacturing,2016,1.5409,36.06,8.757,0.7731
HII,Manufacturing,2017,1.8684,45.59,8.76,0.7275
HII,Manufacturing,2018,1.4503,38.08,8.761,0.8463
HII,Manufacturing,2019,1.667,34.88,8.858,0.9351
HII,Manufacturing,2020,1.0769,40.85,9.007,0.989
HII,Manufacturing,2021,1.0364,37.86,9.271,1.2621
HII,Manufacturing,2022,1.1428,40.45,9.293,0.918
HII,Manufacturing,2023,1.1601,40.45,9.325,0.6655
HOLX,Manufacturing,2005,4.5614,20.36,5.634,0.0
HOLX,Manufacturing,2006,2.7462,16.34,6.753,0.1058
HOLX,Manufacturing,2007,3.1592,13.99,6.972,0.0139
HOLX,Manufacturing,2008,0.8834,18.51,9.004,0.4813
HOLX,Manufacturing,2009,1.0806,25.48,8.646,0.7711
HOLX,Manufacturing,2010,1.0015,17.75,8.635,0.5497
HOLX,Manufacturing,2011,0.9174,32.68,8.701,0.5189
HOLX,Manufacturing,2012,0.9963,32.49,9.257,1.7128
HOLX,Manufacturing,2013,1.1616,30.91,9.105,2.494
HOLX,Manufacturing,2014,1.3153,24.72,9.038,2.0867
HOLX,Manufacturing,2015,1.9206,32.71,8.945,1.7684
HOLX,Manufacturing,2016,1.9362,43.26,8.898,1.579
HOLX,Manufacturing,2017,1.6899,51.04,8.985,1.2153
HOLX,Manufacturing,2018,1.9958,51.58,8.886,1.3847
HOLX,Manufacturing,2019,2.5809,70.71,8.771,1.4706
HOLX,Manufacturing,2020,2.816,73.85,8.881,1.1634
HOLX,Manufacturing,2021,2.4515,69.46,9.096,0.7454
HOLX,Manufacturing,2022,2.0798,67.78,9.113,0.5992
HOLX,Manufacturing,2023,2.1532,67.78,9.12,0.5789
HON,Manufacturing,2002,0.9288,23.91,10.224,0.5702
HON,Manufacturing,2003,1.1583,34.29,10.287,0.4809
HON,Manufacturing,2004,1.1388,40.06,10.344,0.4686
HON,Manufacturing,2005,1.1149,39.46,10.383,0.4537
HON,Manufacturing,2006,1.3342,40.97,10.34,0.5209
HON,Manufacturing,2007,1.5862,45.18,10.428,0.8303
HON,Manufacturing,2008,0.9155,47.27,10.477,1.1653
HON,Manufacturing,2009,1.0433,37.94,10.491,0.8601
HON,Manufacturing,2010,1.2758,49.96,10.541,0.6229
HON,Manufacturing,2011,1.2475,62.53,10.592,0.6991
HON,Manufacturing,2012,1.3662,64.72,10.642,0.5777
HON,Manufacturing,2013,1.7705,68.14,10.724,0.5055
HON,Manufacturing,2014,1.9106,53.52,10.724,0.4918
HON,Manufacturing,2015,1.8626,63.33,10.806,0.6601
HON,Manufacturing,2016,1.9191,66.66,10.899,0.8144
HON,Manufacturing,2017,2.2402,68.83,10.992,1.0351
HON,Manufacturing,2018,1.9492,74.02,10.964,0.8919
HON,Manufacturing,2019,2.4297,75.03,10.98,0.9034
HON,Manufacturing,2020,2.6542,75.03,11.076,1.3227
HON,Manufacturing,2021,2.5348,82.08,11.074,1.111
HON,Manufacturing,2022,2.6271,80.68,11.039,1.23
HON,Manufacturing,2023,2.5717,80.68,11.027,1.3582
HPE,Manufacturing,2016,0.6725,67.51,11.286,0.5132
HPE,Manufacturing,2017,0.5901,67.51,11.025,0.598
HPE,Manufacturing,2018,0.6099,66.44,10.924,0.5716
HPE,Manufacturing,2019,0.6768,71.12,10.855,0.8083
HPE,Manufacturing,2020,0.5211,76.69,10.897,1.0609
HPE,Manufacturing,2021,0.5814,76.28,10.963,0.73
HPE,Manufacturing,2022,0.5561,75.04,10.953,0.6788
HPE,Manufacturing,2023,0.5816,75.04,10.953,0.638
HPQ,Manufacturing,2003,1.01,49.33,11.221,0.2007
HPQ,Manufacturing,2004,0.8071,63.22,11.24,0.1899
HPQ,Manufacturing,2005,1.0965,82.42,11.256,0.1405
HPQ,Manufacturing,2006,1.3544,87.41,11.314,0.1362
HPQ,Manufacturing,2007,1.5953,84.14,11.393,0.2124
HPQ,Manufacturing,2008,0.9733,80.72,11.638,0.4584
HPQ,Manufacturing,2009,1.1155,71.35,11.651,0.3907
HPQ,Manufacturing,2010,0.9233,79.29,11.732,0.5514
HPQ,Manufacturing,2011,0.6455,79.29,11.772,0.7931
HPQ,Manufacturing,2012,0.5114,72.92,11.597,1.2674
HPQ,Manufacturing,2013,0.6537,73.21,11.568,0.8283
HPQ,Manufacturing,2014,0.8286,71.95,11.544,0.7304
HPQ,Manufacturing,2015,0.6857,70.41,11.579,0.8883
HRL,Manufacturing,2007,1.5822,45.69,8.13,0.2229
HRL,Manufacturing,2008,1.1756,57.51,8.193,0.2242
HRL,Manufacturing,2009,1.4141,64.41,8.214,0.1648
HRL,Manufacturing,2010,1.5927,63.25,8.307,0.1458
HRL,Manufacturing,2011,1.8917,69.5,8.353,0.0941
HRL,Manufacturing,2012,1.7567,72.4,8.426,0.0887
HRL,Manufacturing,2013,2.3818,71.89,8.5,0.0755
HRL,Manufacturing,2014,2.6507,60.4,8.604,0.0693
HRL,Manufacturing,2015,2.9776,58.93,8.723,0.1088
HRL,Manufacturing,2016,3.2333,64.99,8.759,0.0562
HRL,Manufacturing,2017,2.3962,69.08,8.85,0.0506
HRL,Manufacturing,2018,2.9395,68.66,9.005,0.1116
HRL,Manufacturing,2019,2.726,69.38,9.001,0.0422
HRL,Manufacturing,2020,2.7902,68.05,9.201,0.2115
HRL,Manufacturing,2021,2.0757,75.33,9.449,0.4875
HRL,Manufacturing,2022,2.1604,70.31,9.496,0.448
HRL,Manufacturing,2023,1.5791,70.31,9.507,0.4453
HSIC,Wholesale Trade,2007,1.7979,21.78,8.106,0.2565
HSIC,Wholesale Trade,2008,1.0296,24.57,8.189,0.2215
HSIC,Wholesale Trade,2009,1.3126,46.78,8.252,0.1239
HSIC,Wholesale Trade,2010,1.3382,36.9,8.422,0.183
HSIC,Wholesale Trade,2011,1.3154,34.23,8.464,0.1815
HSIC,Wholesale Trade,2012,1.4245,30.75,8.582,0.204
HSIC,Wholesale Trade,2013,1.8256,44.14,8.635,0.1742
HSIC,Wholesale Trade,2014,1.9824,49.51,8.722,0.26
HSIC,Wholesale Trade,2015,2.1287,50.56,8.78,0.2807
HSIC,Wholesale Trade,2016,1.9709,52.9,8.814,0.4364
HSIC,Wholesale Trade,2017,1.5882,56.37,8.963,0.5926
HSIC,Wholesale Trade,2018,1.6296,52.55,9.048,0.6633
HSIC,Wholesale Trade,2019,1.4771,46.03,8.875,0.333
HSIC,Wholesale Trade,2020,1.3544,71.03,8.958,0.2994
HSIC,Wholesale Trade,2021,1.3972,72.35,9.046,0.3552
HSIC,Wholesale Trade,2022,1.3969,68.38,9.06,0.4344
HSIC,Wholesale Trade,2023,1.1848,68.38,9.266,0.7499
HST,Real Estate Rental and Leasing,2005,1.481,36.04,9.017,2.4678
HST,Real Estate Rental and Leasing,2006,1.5812,34.25,9.377,1.1469
HST,Real Estate Rental and Leasing,2007,1.2301,40.46,9.377,1.0526
HST,Real Estate Rental and Leasing,2008,0.8308,40.46,9.389,1.0982
HST,Real Estate Rental and Leasing,2009,1.0657,27.24,9.438,0.9581
HST,Real Estate Rental and Leasing,2010,1.4141,65.31,9.426,0.869
HST,Real Estate Rental and Leasing,2011,1.2372,63.71,9.478,0.8616
HST,Real Estate Rental and Leasing,2012,1.2902,67.94,9.472,0.7928
HST,Real Estate Rental and Leasing,2013,1.5165,67.94,9.458,0.6584
HST,Real Estate Rental and Leasing,2014,1.7988,70.92,9.41,0.5442
HST,Real Estate Rental and Leasing,2015,1.3176,76.19,9.374,0.5687
HST,Real Estate Rental and Leasing,2016,1.5383,80.99,9.342,0.5217
HST,Real Estate Rental and Leasing,2017,1.5928,79.82,9.367,0.567
HST,Real Estate Rental and Leasing,2018,1.3383,86.13,9.4,0.512
HST,Real Estate Rental and Leasing,2019,1.433,89.44,9.418,0.6012
HST,Real Estate Rental and Leasing,2020,1.2778,84.25,9.464,0.9731
HST,Real Estate Rental and Leasing,2021,1.447,86.76,9.422,0.8469
HST,Real Estate Rental and Leasing,2022,1.3231,85.11,9.415,0.7128
HST,Real Estate Rental and Leasing,2023,1.5087,85.11,9.413,0.7194
HSY,Manufacturing,2002,2.8535,15.19,8.155,0.6415
HSY,Manufacturing,2003,3.0575,20.78,8.184,0.7665
HSY,Manufacturing,2004,3.9522,28.93,8.242,1.2053
HSY,Manufacturing,2005,3.5041,28.84,8.365,1.7255
HSY,Manufacturing,2006,3.2613,21.24,8.333,3.0612
HSY,Manufacturing,2007,2.6093,34.54,8.354,3.6031
HSY,Manufacturing,2008,2.7223,34.54,8.198,6.3088
HSY,Manufacturing,2009,2.64,74.64,8.209,2.1404
HSY,Manufacturing,2010,2.933,69.15,8.36,2.0251
HSY,Manufacturing,2011,3.5813,67.52,8.392,2.2239
HSY,Manufacturing,2012,3.8001,66.57,8.467,1.8393
HSY,Manufacturing,2013,4.4296,70.2,8.586,1.2226
HSY,Manufacturing,2014,4.4689,71.84,8.636,1.5013
HSY,Manufacturing,2015,4.0739,71.84,8.584,2.4254
HSY,Manufacturing,2016,4.5135,75.66,8.617,3.7923
HSY,Manufacturing,2017,4.8355,75.1,8.622,3.1906
HSY,Manufacturing,2018,3.4969,76.47,8.949,3.1869
HSY,Manufacturing,2019,4.3209,77.66,9.005,2.5758
HSY,Manufacturing,2020,4.0014,79.05,9.12,2.1577
HSY,Manufacturing,2021,4.346,87.11,9.251,1.9498
HSY,Manufacturing,2022,4.8025,85.27,9.301,1.5511
HSY,Manufacturing,2023,3.6321,85.27,9.385,1.2504
HUBB,Manufacturing,2009,1.3468,31.58,7.81,0.383
HUBB,Manufacturing,2010,1.5697,35.8,7.903,0.4096
HUBB,Manufacturing,2011,1.6005,27.27,7.954,0.4082
HUBB,Manufacturing,2012,1.9036,31.14,7.989,0.3592
HUBB,Manufacturing,2013,2.2093,18.28,8.067,0.3134
HUBB,Manufacturing,2014,2.061,18.28,8.109,0.3108
HUBB,Manufacturing,2015,2.022,47.89,8.074,0.37
HUBB,Manufacturing,2016,2.1204,49.15,8.168,0.6239
HUBB,Manufacturing,2017,2.28,52.37,8.222,0.6457
HUBB,Manufacturing,2018,1.4837,51.19,8.491,1.0071
HUBB,Manufacturing,2019,1.9847,57.27,8.498,0.8591
HUBB,Manufacturing,2020,2.0105,61.03,8.534,0.8198
HUBB,Manufacturing,2021,2.4397,70.65,8.572,0.6864
HUBB,Manufacturing,2022,2.6206,72.08,8.595,0.6599
HUBB,Manufacturing,2023,2.8874,72.08,8.841,0.796
HUM,Health Care and Social Assistance,2002,0.5064,30.36,8.434,0.4356
HUM,Health Care and Social Assistance,2003,0.8616,27.39,8.574,0.4693
HUM,Health Care and Social Assistance,2004,0.9875,59.85,8.641,0.3965
HUM,Health Care and Social Assistance,2005,1.4502,50.37,8.835,0.4426
HUM,Health Care and Social Assistance,2006,1.0644,52.4,9.223,0.5117
HUM,Health Care and Social Assistance,2007,1.1461,52.82,9.463,0.4857
HUM,Health Care and Social Assistance,2008,0.6311,59.96,9.476,0.4346
HUM,Health Care and Social Assistance,2009,0.6463,59.96,9.558,0.2905
HUM,Health Care and Social Assistance,2010,0.6762,53.71,9.687,0.241
HUM,Health Care and Social Assistance,2011,0.9051,62.71,9.782,0.2058
HUM,Health Care and Social Assistance,2012,0.6746,59.46,9.902,0.2951
HUM,Health Care and Social Assistance,2013,0.8922,59.85,9.94,0.2791
HUM,Health Care and Social Assistance,2014,1.0787,78.73,10.063,0.3965
HUM,Health Care and Social Assistance,2015,1.2382,85.42,10.115,0.3982
HUM,Health Care and Social Assistance,2016,1.3606,84.19,10.142,0.383
HUM,Health Care and Social Assistance,2017,1.4377,85.4,10.21,0.4999
HUM,Health Care and Social Assistance,2018,1.7671,86.16,10.143,0.5973
HUM,Health Care and Social Assistance,2019,1.8757,86.72,10.278,0.5079
HUM,Health Care and Social Assistance,2020,1.7161,88.58,10.462,0.5204
HUM,Health Care and Social Assistance,2021,1.645,75.18,10.7,0.8225
HUM,Health Care and Social Assistance,2022,1.7593,71.31,10.67,0.7664
HUM,Health Care and Social Assistance,2023,1.4492,71.31,10.759,0.7532
HWM,Manufacturing,2016,0.8092,74.25,9.905,1.5986
HWM,Manufacturing,2017,1.0665,74.25,9.837,1.4097
HWM,Manufacturing,2018,0.7745,54.61,9.836,1.1472
HWM,Manufacturing,2019,1.1107,52.29,9.774,1.3631
HWM,Manufacturing,2020,1.5353,62.2,9.345,1.4801
HWM,Manufacturing,2021,1.7388,65.68,9.232,1.2586
HWM,Manufacturing,2022,2.001,71.97,9.236,1.2061
HWM,Manufacturing,2023,2.4952,71.97,9.252,0.9631
IBM,"Professional, Scientific, and Technical Services",2002,1.6531,54.73,11.477,1.142
IBM,"Professional, Scientific, and Technical Services",2003,1.7297,76.55,11.557,0.8481
IBM,"Professional, Scientific, and Technical Services",2004,1.6958,63.2,11.601,0.7707
IBM,"Professional, Scientific, and Technical Services",2005,1.4376,69.19,11.569,0.6841
IBM,"Professional, Scientific, and Technical Services",2006,1.6374,61.83,11.545,0.7957
IBM,"Professional, Scientific, and Technical Services",2007,1.5363,61.83,11.699,1.239
IBM,"Professional, Scientific, and Technical Services",2008,1.3387,71.0,11.604,2.5195
IBM,"Professional, Scientific, and Technical Services",2009,1.8067,69.47,11.599,1.153
IBM,"Professional, Scientific, and Technical Services",2010,1.8408,77.25,11.639,1.242
IBM,"Professional, Scientific, and Technical Services",2011,2.106,71.01,11.665,1.5553
IBM,"Professional, Scientific, and Technical Services",2012,2.0744,72.07,11.689,1.764
IBM,"Professional, Scientific, and Technical Services",2013,1.8815,78.71,11.746,1.7426
IBM,"Professional, Scientific, and Technical Services",2014,1.6993,72.91,11.674,3.4382
IBM,"Professional, Scientific, and Technical Services",2015,1.5638,80.88,11.613,2.7969
IBM,"Professional, Scientific, and Technical Services",2016,1.6955,76.03,11.674,2.3111
IBM,"Professional, Scientific, and Technical Services",2017,1.5022,77.08,11.739,2.6614
IBM,"Professional, Scientific, and Technical Services",2018,1.1935,84.8,11.723,2.7276
IBM,"Professional, Scientific, and Technical Services",2019,1.2292,73.75,11.933,3.2704
IBM,"Professional, Scientific, and Technical Services",2020,1.1466,71.72,11.957,3.2271
IBM,"Professional, Scientific, and Technical Services",2021,1.3271,73.7,11.791,2.9173
IBM,"Professional, Scientific, and Technical Services",2022,1.4278,73.81,11.754,2.4614
IBM,"Professional, Scientific, and Technical Services",2023,1.5497,73.81,11.815,2.6599
ICE,Finance and Insurance,2005,7.5924,37.28,5.583,0.0
ICE,Finance and Insurance,2006,12.716,37.94,6.201,0.0
ICE,Finance and Insurance,2007,4.8782,37.94,7.936,0.1502
ICE,Finance and Insurance,2008,0.4242,32.09,9.613,0.1892
ICE,Finance and Insurance,2009,0.3912,26.96,9.994,0.1281
ICE,Finance and Insurance,2010,0.3495,19.86,10.19,0.2083
ICE,Finance and Insurance,2011,0.2661,24.36,10.495,0.2843
ICE,Finance and Insurance,2012,0.2715,22.55,10.524,0.3108
ICE,Finance and Insurance,2013,0.4771,29.72,11.079,0.402
ICE,Finance and Insurance,2014,0.4257,43.71,11.131,0.347
ICE,Finance and Insurance,2015,0.4847,61.79,11.264,0.4935
ICE,Finance and Insurance,2016,0.487,69.73,11.315,0.4049
ICE,Finance and Insurance,2017,0.6036,62.34,11.268,0.3604
ICE,Finance and Insurance,2018,0.5421,68.05,11.438,0.4326
ICE,Finance and Insurance,2019,0.6289,67.72,11.456,0.4725
ICE,Finance and Insurance,2020,0.6466,67.72,11.746,0.8681
ICE,Finance and Insurance,2021,0.4701,65.61,12.173,0.6272
ICE,Finance and Insurance,2022,0.39,69.82,12.177,0.8122
ICE,Finance and Insurance,2023,0.7096,69.82,11.821,0.8933
IDXX,"Professional, Scientific, and Technical Services",2008,2.996,19.31,6.64,0.3571
IDXX,"Professional, Scientific, and Technical Services",2009,4.0018,29.23,6.695,0.2408
IDXX,"Professional, Scientific, and Technical Services",2010,4.5704,27.88,6.799,0.2321
IDXX,"Professional, Scientific, and Technical Services",2011,4.3529,21.37,6.938,0.4567
IDXX,"Professional, Scientific, and Technical Services",2012,4.7778,32.22,7.006,0.3371
IDXX,"Professional, Scientific, and Technical Services",2013,4.8033,29.68,7.115,0.8267
IDXX,"Professional, Scientific, and Technical Services",2014,5.7238,36.0,7.233,7.65
IDXX,"Professional, Scientific, and Technical Services",2019,12.7639,55.86,7.513,6.0315
IDXX,"Professional, Scientific, and Technical Services",2020,19.0523,61.58,7.738,1.5872
IDXX,"Professional, Scientific, and Technical Services",2021,23.2692,75.39,7.799,1.4942
IDXX,"Professional, Scientific, and Technical Services",2022,12.8469,71.45,7.918,2.4149
IDXX,"Professional, Scientific, and Technical Services",2023,14.4648,71.45,8.089,0.719
IEX,Manufacturing,2008,1.1456,20.73,7.685,0.4745
IEX,Manufacturing,2009,1.3928,27.56,7.649,0.3155
IEX,Manufacturing,2010,1.5697,37.05,7.776,0.3837
IEX,Manufacturing,2011,1.3743,27.43,7.95,0.5345
IEX,Manufacturing,2012,1.6643,32.06,7.932,0.5369
IEX,Manufacturing,2013,2.3446,28.99,7.968,0.492
IEX,Manufacturing,2014,2.4054,35.64,7.975,0.5812
IEX,Manufacturing,2015,2.3897,40.67,7.939,0.5826
IEX,Manufacturing,2016,2.5039,40.32,8.057,0.6576
IEX,Manufacturing,2017,3.2299,41.83,8.131,0.4554
IEX,Manufacturing,2018,3.0049,59.69,8.153,0.4255
IEX,Manufacturing,2019,3.6764,57.77,8.246,0.4129
IEX,Manufacturing,2020,3.6895,51.76,8.393,0.4549
IEX,Manufacturing,2021,3.9266,51.74,8.5,0.4642
IEX,Manufacturing,2022,3.4202,56.14,8.615,0.5221
IEX,Manufacturing,2023,3.0497,56.14,8.677,0.4083
IFF,Manufacturing,2002,1.9551,11.32,7.711,1.8389
IFF,Manufacturing,2003,1.8022,7.3,7.744,1.1911
IFF,Manufacturing,2004,2.006,15.68,7.768,0.7523
IFF,Manufacturing,2005,1.5377,21.97,7.878,1.0386
IFF,Manufacturing,2006,2.0989,15.84,7.816,0.8919
IFF,Manufacturing,2007,1.8743,15.84,7.911,1.9648
IFF,Manufacturing,2008,1.3068,32.54,7.919,2.1909
IFF,Manufacturing,2009,1.6138,32.08,7.88,1.3154
IFF,Manufacturing,2010,1.8731,57.87,7.963,0.9221
IFF,Manufacturing,2011,1.7321,65.58,7.995,0.8103
IFF,Manufacturing,2012,1.9887,74.8,8.086,0.8257
IFF,Manufacturing,2013,2.3802,73.68,8.111,0.6376
IFF,Manufacturing,2014,2.6126,74.47,8.159,0.6205
IFF,Manufacturing,2015,2.8602,77.06,8.222,0.6729
IFF,Manufacturing,2016,2.6535,75.45,8.298,0.815
IFF,Manufacturing,2017,2.9762,81.05,8.434,0.9733
IFF,Manufacturing,2018,1.4639,80.75,9.464,0.7547
IFF,Manufacturing,2019,1.389,86.49,9.495,0.7524
IFF,Manufacturing,2020,1.2072,86.21,9.515,0.7488
IFF,Manufacturing,2021,1.2747,80.49,10.588,0.5786
IFF,Manufacturing,2022,1.0837,75.09,10.475,0.6581
IFF,Manufacturing,2023,1.0166,75.09,10.341,0.7407
ILMN,Manufacturing,2008,2.5795,18.41,7.228,0.4714
ILMN,Manufacturing,2010,4.5725,19.03,7.517,0.3256
ILMN,Manufacturing,2011,2.0643,12.12,7.694,0.7562
ILMN,Manufacturing,2012,3.0145,25.4,7.85,0.6412
ILMN,Manufacturing,2013,4.9665,20.72,8.013,0.5667
ILMN,Manufacturing,2014,8.3249,15.94,8.114,0.8826
ILMN,Manufacturing,2015,7.9253,15.94,8.213,0.59
ILMN,Manufacturing,2016,4.6701,21.64,8.362,0.5788
ILMN,Manufacturing,2017,6.3637,49.51,8.567,0.486
ILMN,Manufacturing,2018,6.6226,51.33,8.848,0.5314
ILMN,Manufacturing,2019,6.9227,70.67,8.898,0.4078
ILMN,Manufacturing,2020,7.3732,70.67,8.934,0.4061
ILMN,Manufacturing,2021,4.0921,70.18,9.63,0.2365
ILMN,Manufacturing,2022,2.8977,65.88,9.413,0.5387
ILMN,Manufacturing,2023,2.4133,84.0,9.221,0.3937
INCY,Manufacturing,2015,20.708,23.47,6.915,3.6218
INCY,Manufacturing,2016,11.9537,39.04,7.402,1.5531
INCY,Manufacturing,2017,8.7001,35.22,7.742,0.0147
INCY,Manufacturing,2018,5.1396,45.91,7.881,0.0188
INCY,Manufacturing,2019,5.5297,50.5,8.139,0.0277
INCY,Manufacturing,2020,5.3786,53.19,8.178,0.0236
INCY,Manufacturing,2021,3.3016,53.32,8.504,0.016
INCY,Manufacturing,2022,3.0725,56.32,8.673,0.0127
INCY,Manufacturing,2023,2.0842,56.32,8.822,0.0101
INTC,Manufacturing,2002,2.3457,65.71,10.697,0.0385
INTC,Manufacturing,2003,4.4348,43.07,10.761,0.0307
INTC,Manufacturing,2004,3.0568,51.01,10.782,0.0234
INTC,Manufacturing,2005,3.1079,76.85,10.785,0.0669
INTC,Manufacturing,2006,2.456,79.86,10.787,0.0552
INTC,Manufacturing,2007,2.8253,72.59,10.927,0.0496
INTC,Manufacturing,2008,1.647,91.29,10.834,0.0509
INTC,Manufacturing,2009,2.1639,94.93,10.88,0.0533
INTC,Manufacturing,2010,1.8677,95.16,11.054,0.0428
INTC,Manufacturing,2011,1.808,90.5,11.172,0.1597
INTC,Manufacturing,2012,1.368,91.31,11.343,0.2626
INTC,Manufacturing,2013,1.5414,85.7,11.433,0.2308
INTC,Manufacturing,2014,2.0227,91.39,11.429,0.2451
INTC,Manufacturing,2015,1.7989,90.42,11.543,0.3705
INTC,Manufacturing,2016,1.7367,89.25,11.638,0.3814
INTC,Manufacturing,2017,1.9727,87.51,11.722,0.388
INTC,Manufacturing,2018,1.8622,87.87,11.759,0.3535
INTC,Manufacturing,2019,2.0971,88.54,11.824,0.3813
INTC,Manufacturing,2020,1.5631,88.24,11.939,0.4557
INTC,Manufacturing,2021,1.4737,85.38,12.034,0.4044
INTC,Manufacturing,2022,0.8336,91.56,12.112,0.4186
INTC,Manufacturing,2023,1.3684,91.56,12.163,0.4707
INTU,Information,2003,3.0833,31.75,7.934,0.0
INTU,Information,2004,2.6418,39.68,7.9,0.0032
INTU,Information,2005,3.1691,38.81,7.907,0.0022
INTU,Information,2006,3.8359,37.52,7.927,0.0006
INTU,Information,2007,2.5197,38.59,8.355,0.4915
INTU,Information,2008,2.1036,33.76,8.448,0.4824
INTU,Information,2009,2.193,33.76,8.482,0.3906
INTU,Information,2010,2.5921,51.09,8.556,0.3538
INTU,Information,2011,2.9426,71.8,8.539,0.3819
INTU,Information,2012,3.7642,62.18,8.452,0.1819
INTU,Information,2013,3.5806,64.31,8.61,0.1413
INTU,Information,2014,4.5869,69.93,8.557,0.1621
INTU,Information,2015,6.0131,72.84,8.511,0.2144
INTU,Information,2016,6.9692,77.75,8.355,0.8613
INTU,Information,2017,8.7434,79.11,8.311,0.3604
INTU,Information,2018,10.2854,87.04,8.552,0.1861
INTU,Information,2019,11.5528,79.94,8.746,0.1163
INTU,Information,2020,7.6686,77.59,9.299,0.7121
INTU,Information,2021,9.4925,73.83,9.65,0.2513
INTU,Information,2022,4.9091,82.83,10.23,0.4586
INTU,Information,2023,5.4061,82.83,10.232,0.3873
INVH,Real Estate Rental and Leasing,2018,1.0908,24.38,9.802,1.124
INVH,Real Estate Rental and Leasing,2019,1.421,32.38,9.764,1.0326
INVH,Real Estate Rental and Leasing,2020,1.4223,44.07,9.77,0.9472
INVH,Real Estate Rental and Leasing,2021,1.9025,49.74,9.828,0.8183
INVH,Real Estate Rental and Leasing,2022,1.3978,51.59,9.828,0.7567
INVH,Real Estate Rental and Leasing,2023,1.5314,51.59,9.864,0.8429
IP,Manufacturing,2005,0.9971,54.85,10.267,1.4614
IP,Manufacturing,2006,0.944,54.85,10.087,0.9071
IP,Manufacturing,2007,0.8438,53.24,10.092,0.7634
IP,Manufacturing,2008,0.6361,44.14,10.2,2.8961
IP,Manufacturing,2009,0.8076,47.16,10.148,1.4998
IP,Manufacturing,2010,0.8117,60.87,10.141,1.2688
IP,Manufacturing,2011,0.8462,62.37,10.203,1.4967
IP,Manufacturing,2012,0.9237,70.59,10.378,1.9315
IP,Manufacturing,2013,1.0443,64.69,10.359,1.4227
IP,Manufacturing,2014,1.183,61.92,10.264,2.2332
IP,Manufacturing,2015,1.0181,62.96,10.328,4.0173
IP,Manufacturing,2016,1.1821,66.56,10.415,4.0539
IP,Manufacturing,2017,1.2204,68.74,10.431,2.6753
IP,Manufacturing,2018,0.9864,71.85,10.422,2.3026
IP,Manufacturing,2019,1.0327,68.32,10.418,2.1403
IP,Manufacturing,2020,1.085,71.82,10.365,1.893
IP,Manufacturing,2021,1.0233,72.72,10.136,0.8859
IP,Manufacturing,2022,0.8457,66.4,10.083,0.955
IP,Manufacturing,2023,0.8891,66.4,10.055,0.978
IPG,"Professional, Scientific, and Technical Services",2002,0.6847,25.69,9.375,1.2562
IPG,"Professional, Scientific, and Technical Services",2003,0.7354,34.07,9.412,1.1085
IPG,"Professional, Scientific, and Technical Services",2004,0.648,40.77,9.415,1.6822
IPG,"Professional, Scientific, and Technical Services",2005,0.5348,30.05,9.388,2.1401
IPG,"Professional, Scientific, and Technical Services",2006,0.68,26.91,9.381,1.647
IPG,"Professional, Scientific, and Technical Services",2007,0.4953,26.91,9.43,1.2999
IPG,"Professional, Scientific, and Technical Services",2008,0.3305,41.51,9.403,1.0867
IPG,"Professional, Scientific, and Technical Services",2009,0.4513,41.51,9.414,0.9868
IPG,"Professional, Scientific, and Technical Services",2010,0.5303,51.78,9.478,0.7528
IPG,"Professional, Scientific, and Technical Services",2011,0.4771,56.1,9.463,0.7898
IPG,"Professional, Scientific, and Technical Services",2012,0.5225,56.91,9.51,1.1139
IPG,"Professional, Scientific, and Technical Services",2013,0.7111,53.7,9.465,0.7505
IPG,"Professional, Scientific, and Technical Services",2014,0.8102,54.97,9.453,0.8188
IPG,"Professional, Scientific, and Technical Services",2015,0.8859,61.75,9.44,0.8966
IPG,"Professional, Scientific, and Technical Services",2016,0.8696,58.23,9.432,0.838
IPG,"Professional, Scientific, and Technical Services",2017,0.7166,60.32,9.449,0.6236
IPG,"Professional, Scientific, and Technical Services",2018,0.7457,67.86,9.656,1.5603
IPG,"Professional, Scientific, and Technical Services",2019,0.7866,60.91,9.784,1.8095
IPG,"Professional, Scientific, and Technical Services",2020,0.7964,68.21,9.8,1.7878
IPG,"Professional, Scientific, and Technical Services",2021,0.9827,65.31,9.899,1.3609
IPG,"Professional, Scientific, and Technical Services",2022,0.9236,81.45,9.844,1.2422
IPG,"Professional, Scientific, and Technical Services",2023,0.884,81.45,9.866,1.1848
IQV,"Professional, Scientific, and Technical Services",2016,1.1836,36.98,9.962,0.834
IQV,"Professional, Scientific, and Technical Services",2017,1.3454,42.01,10.032,1.2609
IQV,"Professional, Scientific, and Technical Services",2018,1.5056,48.73,10.023,1.6394
IQV,"Professional, Scientific, and Technical Services",2019,1.8023,61.18,10.054,2.0313
IQV,"Professional, Scientific, and Technical Services",2020,1.9313,63.39,10.109,2.1966
IQV,"Professional, Scientific, and Technical Services",2021,2.6951,60.05,10.114,2.1125
IQV,"Professional, Scientific, and Technical Services",2022,2.0286,64.78,10.14,2.3159
IQV,"Professional, Scientific, and Technical Services",2023,2.1074,64.78,10.192,2.3284
IRM,Real Estate Rental and Leasing,2004,1.4488,12.24,8.399,2.0336
IRM,Real Estate Rental and Leasing,2005,1.697,8.03,8.469,1.8461
IRM,Real Estate Rental and Leasing,2006,1.5657,9.25,8.558,1.7182
IRM,Real Estate Rental and Leasing,2007,1.6956,18.86,8.75,1.8192
IRM,Real Estate Rental and Leasing,2008,1.2958,33.77,8.757,1.799
IRM,Real Estate Rental and Leasing,2009,1.1516,39.18,8.832,1.5187
IRM,Real Estate Rental and Leasing,2010,1.2529,43.23,8.763,1.5387
IRM,Real Estate Rental and Leasing,2011,1.4327,36.17,8.706,2.6922
IRM,Real Estate Rental and Leasing,2012,1.5294,52.37,8.758,3.3262
IRM,Real Estate Rental and Leasing,2013,1.5003,56.14,8.803,3.9832
IRM,Real Estate Rental and Leasing,2014,1.9444,69.98,8.79,5.4458
IRM,Real Estate Rental and Leasing,2015,1.6619,72.86,8.756,9.523
IRM,Real Estate Rental and Leasing,2016,1.5617,73.63,9.158,3.228
IRM,Real Estate Rental and Leasing,2017,1.6154,74.62,9.303,3.0657
IRM,Real Estate Rental and Leasing,2018,1.47,75.13,9.38,4.3217
IRM,Real Estate Rental and Leasing,2019,1.4311,76.33,9.534,7.2519
IRM,Real Estate Rental and Leasing,2020,1.3779,76.81,9.557,9.6753
IRM,Real Estate Rental and Leasing,2021,1.8592,78.41,9.578,13.6725
IRM,Real Estate Rental and Leasing,2022,1.7214,76.1,9.689,20.8694
IRM,Real Estate Rental and Leasing,2023,2.0162,76.1,9.768,69.8677
ISRG,Manufacturing,2007,11.9479,21.73,6.947,0.0
ISRG,Manufacturing,2008,3.3743,29.89,7.296,0.0
ISRG,Manufacturing,2009,6.4552,30.62,7.501,0.0
ISRG,Manufacturing,2010,4.1945,32.0,7.779,0.0
ISRG,Manufacturing,2011,5.9405,24.63,8.027,0.0
ISRG,Manufacturing,2012,4.8563,33.48,8.309,0.0
ISRG,Manufacturing,2013,3.7141,29.99,8.282,0.0
ISRG,Manufacturing,2014,4.8894,36.3,8.284,0.0
ISRG,Manufacturing,2015,4.1624,43.42,8.498,0.0
ISRG,Manufacturing,2016,3.7932,43.62,8.778,0.0
ISRG,Manufacturing,2017,7.1175,42.71,8.658,0.0
ISRG,Manufacturing,2018,6.9885,47.42,8.968,0.0
ISRG,Manufacturing,2019,7.0532,51.36,9.183,0.0092
ISRG,Manufacturing,2020,8.6284,59.65,9.321,0.0082
ISRG,Manufacturing,2021,9.4879,60.82,9.515,0.0073
ISRG,Manufacturing,2022,7.1656,59.26,9.471,0.0085
ISRG,Manufacturing,2023,7.7027,59.26,9.645,0.0067
IT,"Professional, Scientific, and Technical Services",2011,2.497,35.09,7.23,1.1002
IT,"Professional, Scientific, and Technical Services",2012,2.7765,42.15,7.391,0.6685
IT,"Professional, Scientific, and Technical Services",2013,3.7784,41.32,7.486,0.5674
IT,"Professional, Scientific, and Technical Services",2014,4.0828,41.13,7.552,2.5129
IT,"Professional, Scientific, and Technical Services",2016,3.822,44.1,7.77,11.4063
IT,"Professional, Scientific, and Technical Services",2017,1.9859,46.81,8.893,3.334
IT,"Professional, Scientific, and Technical Services",2018,2.2171,55.1,8.733,2.6819
IT,"Professional, Scientific, and Technical Services",2019,2.3537,63.97,8.875,3.295
IT,"Professional, Scientific, and Technical Services",2020,2.3339,65.35,8.898,2.6072
IT,"Professional, Scientific, and Technical Services",2021,4.1526,72.29,8.911,8.7595
IT,"Professional, Scientific, and Technical Services",2022,4.0785,75.29,8.896,13.8649
IT,"Professional, Scientific, and Technical Services",2023,4.9017,75.29,8.966,4.5108
ITW,Manufacturing,2002,2.0208,20.7,9.271,0.2379
ITW,Manufacturing,2003,2.4009,23.83,9.323,0.124
ITW,Manufacturing,2004,2.4849,22.09,9.337,0.1474
ITW,Manufacturing,2005,2.2646,14.19,9.345,0.1605
ITW,Manufacturing,2006,1.9615,22.77,9.538,0.1573
ITW,Manufacturing,2007,1.9761,37.22,9.65,0.2459
ITW,Manufacturing,2008,1.3916,35.97,9.63,0.4798
ITW,Manufacturing,2009,1.6936,27.51,9.685,0.3552
ITW,Manufacturing,2010,1.8098,43.29,9.696,0.302
ITW,Manufacturing,2011,1.478,49.16,9.797,0.3983
ITW,Manufacturing,2012,1.6945,44.33,9.868,0.478
ITW,Manufacturing,2013,2.1295,48.37,9.902,0.6538
ITW,Manufacturing,2014,2.4732,40.02,9.78,1.0936
ITW,Manufacturing,2015,2.6151,45.32,9.663,1.4208
ITW,Manufacturing,2016,3.3097,45.15,9.629,1.8404
ITW,Manufacturing,2017,3.892,49.22,9.728,1.8164
ITW,Manufacturing,2018,3.2917,48.01,9.607,2.268
ITW,Manufacturing,2019,4.3392,54.17,9.62,2.6229
ITW,Manufacturing,2020,4.6681,54.17,9.656,2.6124
ITW,Manufacturing,2021,5.2936,68.18,9.685,2.1741
ITW,Manufacturing,2022,4.8723,61.21,9.644,2.5742
ITW,Manufacturing,2023,5.5915,61.21,9.65,2.7789
J,"Professional, Scientific, and Technical Services",2005,1.7054,17.17,7.764,0.0841
J,"Professional, Scientific, and Technical Services",2006,1.5771,16.53,7.956,0.0647
J,"Professional, Scientific, and Technical Services",2007,2.6929,24.98,8.128,0.0222
J,"Professional, Scientific, and Technical Services",2008,1.5709,31.03,8.361,0.0252
J,"Professional, Scientific, and Technical Services",2009,1.2931,31.03,8.396,0.0069
J,"Professional, Scientific, and Technical Services",2010,1.0574,47.09,8.452,0.0279
J,"Professional, Scientific, and Technical Services",2011,0.776,67.17,8.708,0.1715
J,"Professional, Scientific, and Technical Services",2012,0.8453,66.99,8.83,0.1419
J,"Professional, Scientific, and Technical Services",2013,1.1131,61.65,8.892,0.1039
J,"Professional, Scientific, and Technical Services",2014,0.8556,62.13,9.042,0.1792
J,"Professional, Scientific, and Technical Services",2015,0.6688,62.13,8.96,0.1393
J,"Professional, Scientific, and Technical Services",2016,0.9026,60.74,8.904,0.0909
J,"Professional, Scientific, and Technical Services",2017,0.9827,62.17,8.907,0.0538
J,"Professional, Scientific, and Technical Services",2018,1.0305,61.22,9.445,0.3676
J,"Professional, Scientific, and Technical Services",2019,1.1829,65.47,9.347,0.2452
J,"Professional, Scientific, and Technical Services",2020,1.1828,65.47,9.422,0.443
J,"Professional, Scientific, and Technical Services",2021,1.4288,79.21,9.591,0.6438
J,"Professional, Scientific, and Technical Services",2022,1.2269,80.22,9.593,0.6873
J,"Professional, Scientific, and Technical Services",2023,1.4207,77.78,9.59,0.5454
JBHT,Transportation and Warehousing,2008,2.1998,33.42,7.492,1.1975
JBHT,Transportation and Warehousing,2009,2.5155,36.54,7.527,0.8775
JBHT,Transportation and Warehousing,2010,2.861,36.8,7.582,1.1417
JBHT,Transportation and Warehousing,2011,2.6548,33.67,7.726,1.32
JBHT,Transportation and Warehousing,2012,3.1254,31.89,7.81,0.8655
JBHT,Transportation and Warehousing,2013,3.4657,42.6,7.944,0.6997
JBHT,Transportation and Warehousing,2014,3.1659,38.15,8.131,0.775
JBHT,Transportation and Warehousing,2015,2.575,41.25,8.199,0.7729
JBHT,Transportation and Warehousing,2016,3.0793,42.0,8.25,0.6975
JBHT,Transportation and Warehousing,2017,3.0692,49.43,8.404,0.5902
JBHT,Transportation and Warehousing,2018,2.2122,46.53,8.535,0.5468
JBHT,Transportation and Warehousing,2019,2.5268,60.92,8.607,0.6265
JBHT,Transportation and Warehousing,2020,2.6784,66.19,8.688,0.5542
JBHT,Transportation and Warehousing,2021,3.38,71.05,8.824,0.4758
JBHT,Transportation and Warehousing,2022,2.5248,77.33,8.96,0.4285
JBHT,Transportation and Warehousing,2023,2.6406,77.33,9.052,0.47
JBL,Manufacturing,2003,1.928,31.75,8.085,0.4056
JBL,Manufacturing,2004,1.3403,29.98,8.111,0.1702
JBL,Manufacturing,2005,1.5568,25.88,8.313,0.1533
JBL,Manufacturing,2006,1.0788,33.85,8.596,0.1714
JBL,Manufacturing,2007,0.9219,38.84,8.748,0.5167
JBL,Manufacturing,2008,0.6895,38.52,8.858,0.5043
JBL,Manufacturing,2009,0.6605,57.33,8.579,0.8601
JBL,Manufacturing,2010,0.5252,53.98,8.759,0.7519
JBL,Manufacturing,2011,0.6538,44.0,8.862,0.6356
JBL,Manufacturing,2012,0.8163,48.75,8.962,0.7963
JBL,Manufacturing,2013,0.7147,51.61,9.122,0.8162
JBL,Manufacturing,2014,0.6924,48.09,9.045,0.7505
JBL,Manufacturing,2015,0.5609,59.06,9.17,0.7216
JBL,Manufacturing,2016,0.5892,65.32,9.242,0.8694
JBL,Manufacturing,2017,0.6894,68.05,9.314,0.883
JBL,Manufacturing,2018,0.613,66.21,9.396,1.2915
JBL,Manufacturing,2019,0.5335,72.42,9.47,1.3227
JBL,Manufacturing,2020,0.5864,68.65,9.575,1.827
JBL,Manufacturing,2021,0.7545,65.92,9.72,1.7032
JBL,Manufacturing,2022,0.6035,72.42,9.889,1.5214
JBL,Manufacturing,2023,0.9553,72.42,9.874,1.2331
JCI,Manufacturing,2002,0.7881,33.82,9.321,0.5731
JCI,Manufacturing,2003,0.8291,51.53,9.482,0.5623
JCI,Manufacturing,2004,0.8934,50.83,9.622,0.513
JCI,Manufacturing,2005,0.8864,61.53,9.689,0.3867
JCI,Manufacturing,2006,0.8571,54.44,9.995,0.6449
JCI,Manufacturing,2007,1.1531,84.67,10.09,0.496
JCI,Manufacturing,2008,0.875,83.12,10.126,0.4185
JCI,Manufacturing,2009,0.874,75.59,10.089,0.434
JCI,Manufacturing,2010,0.9299,83.78,10.156,0.3365
JCI,Manufacturing,2011,0.7778,90.42,10.298,0.466
JCI,Manufacturing,2012,0.8018,83.08,10.338,0.5251
JCI,Manufacturing,2013,1.0758,79.86,10.358,0.4465
JCI,Manufacturing,2014,1.0963,81.44,10.398,0.5906
JCI,Manufacturing,2015,1.1251,85.28,10.298,0.637
JCI,Manufacturing,2016,0.9469,74.8,11.055,0.678
JCI,Manufacturing,2017,0.9822,76.29,10.857,0.6638
JCI,Manufacturing,2018,0.8888,88.4,10.795,0.5195
JCI,Manufacturing,2019,0.9778,85.58,10.652,0.3652
JCI,Manufacturing,2020,0.948,76.19,10.617,0.5173
JCI,Manufacturing,2021,1.3694,76.64,10.643,0.519
JCI,Manufacturing,2022,1.0466,76.64,10.649,0.6287
JCI,Manufacturing,2023,1.0997,78.48,10.651,0.6196
JKHY,"Professional, Scientific, and Technical Services",2015,2.8766,17.34,7.516,0.0531
JKHY,"Professional, Scientific, and Technical Services",2016,3.7829,25.2,7.504,0.0002
JKHY,"Professional, Scientific, and Technical Services",2017,4.239,25.27,7.554,0.0484
JKHY,"Professional, Scientific, and Technical Services",2018,4.9066,29.9,7.626,0.0
JKHY,"Professional, Scientific, and Technical Services",2019,4.719,33.81,7.689,0.0
JKHY,"Professional, Scientific, and Technical Services",2020,5.8353,24.9,7.795,0.0443
JKHY,"Professional, Scientific, and Technical Services",2021,5.2484,46.72,7.756,0.1221
JKHY,"Professional, Scientific, and Technical Services",2022,5.4106,55.13,7.806,0.1205
JKHY,"Professional, Scientific, and Technical Services",2023,4.5146,55.13,7.928,0.2022
JNJ,Manufacturing,2002,4.0331,78.64,10.61,0.1824
JNJ,Manufacturing,2003,3.2617,65.78,10.784,0.1524
JNJ,Manufacturing,2005,3.1271,63.23,10.969,0.0709
JNJ,Manufacturing,2006,2.8007,69.61,11.164,0.1677
JNJ,Manufacturing,2007,2.4579,70.5,11.302,0.2202
JNJ,Manufacturing,2008,2.0908,79.72,11.349,0.2788
JNJ,Manufacturing,2009,2.0273,79.72,11.458,0.2874
JNJ,Manufacturing,2010,1.8086,86.16,11.542,0.2965
JNJ,Manufacturing,2011,1.7448,92.21,11.641,0.3439
JNJ,Manufacturing,2012,1.7383,82.75,11.706,0.2494
JNJ,Manufacturing,2013,2.0841,89.87,11.796,0.2455
JNJ,Manufacturing,2014,2.3628,90.69,11.784,0.269
JNJ,Manufacturing,2015,2.2702,90.69,11.801,0.2791
JNJ,Manufacturing,2016,2.4003,91.06,11.858,0.3852
JNJ,Manufacturing,2017,2.6025,84.63,11.966,0.5748
JNJ,Manufacturing,2018,2.4455,85.07,11.938,0.5101
JNJ,Manufacturing,2019,2.6164,84.64,11.969,0.4823
JNJ,Manufacturing,2020,2.5705,84.64,12.072,0.5573
JNJ,Manufacturing,2021,2.6563,86.71,12.112,0.456
JNJ,Manufacturing,2022,2.6756,87.06,12.141,0.5164
JNJ,Manufacturing,2023,2.4267,83.9,12.029,0.4265
JNPR,Manufacturing,2005,1.6286,25.46,8.991,0.058
JNPR,Manufacturing,2007,2.5789,41.39,8.837,0.0746
JNPR,Manufacturing,2008,1.2833,31.41,8.88,0.0
JNPR,Manufacturing,2009,1.8248,31.41,8.935,0.0
JNPR,Manufacturing,2010,2.2907,51.2,9.044,0.0
JNPR,Manufacturing,2011,1.1762,56.03,9.209,0.1409
JNPR,Manufacturing,2012,1.1187,57.23,9.193,0.1428
JNPR,Manufacturing,2013,1.1792,47.99,9.242,0.1368
JNPR,Manufacturing,2014,1.266,44.99,9.036,0.2742
JNPR,Manufacturing,2015,1.461,57.84,9.062,0.436
JNPR,Manufacturing,2016,1.3426,59.42,9.175,0.4424
JNPR,Manufacturing,2017,1.2846,66.94,9.194,0.4734
JNPR,Manufacturing,2018,1.2304,69.53,9.145,0.4559
JNPR,Manufacturing,2019,1.1493,79.53,9.087,0.4087
JNPR,Manufacturing,2020,1.0361,83.79,9.146,0.515
JNPR,Manufacturing,2021,1.5034,76.37,9.092,0.4346
JNPR,Manufacturing,2022,1.2959,71.18,9.141,0.3947
JNPR,Manufacturing,2023,1.1755,71.18,9.161,0.3887
JPM,Finance and Insurance,2002,0.3798,34.47,13.539,5.8166
JPM,Finance and Insurance,2003,0.3457,25.99,13.555,4.2409
JPM,Finance and Insurance,2004,0.3404,33.81,13.962,2.4227
JPM,Finance and Insurance,2005,0.3408,33.69,13.997,2.5231
JPM,Finance and Insurance,2006,0.3788,37.46,14.117,2.977
JPM,Finance and Insurance,2007,0.3698,37.46,14.262,3.4954
JPM,Finance and Insurance,2008,0.3454,73.24,14.593,4.6943
JPM,Finance and Insurance,2009,0.3885,78.38,14.525,3.9772
JPM,Finance and Insurance,2010,0.3697,63.31,14.566,3.6659
JPM,Finance and Insurance,2011,0.2954,66.48,14.633,3.094
JPM,Finance and Insurance,2012,0.313,72.66,14.674,2.9287
JPM,Finance and Insurance,2013,0.3124,71.38,14.697,2.6742
JPM,Finance and Insurance,2014,0.3101,71.37,14.761,2.6674
JPM,Finance and Insurance,2015,0.3061,77.84,14.671,2.1579
JPM,Finance and Insurance,2016,0.3222,81.52,14.728,2.1714
JPM,Finance and Insurance,2017,0.3399,85.66,14.745,2.1548
JPM,Finance and Insurance,2018,0.3254,79.87,14.78,2.3156
JPM,Finance and Insurance,2019,0.3552,83.9,14.804,2.2386
JPM,Finance and Insurance,2020,0.277,85.51,15.035,2.2087
JPM,Finance and Insurance,2021,0.2734,81.31,15.136,2.1492
JPM,Finance and Insurance,2022,0.2576,78.8,15.115,2.0786
JPM,Finance and Insurance,2023,0.2971,78.8,15.17,2.2029
K,Manufacturing,2002,1.9271,14.23,9.232,6.3867
K,Manufacturing,2003,2.0297,8.9,9.233,3.5784
K,Manufacturing,2004,2.162,8.9,9.286,2.1637
K,Manufacturing,2005,2.1204,26.11,9.266,2.1472
K,Manufacturing,2006,2.3297,22.61,9.279,2.4418
K,Manufacturing,2007,2.2534,58.13,9.341,2.0713
K,Manufacturing,2008,2.0287,58.13,9.301,3.7721
K,Manufacturing,2009,2.2477,67.97,9.324,2.1501
K,Manufacturing,2010,2.075,60.4,9.38,2.7377
K,Manufacturing,2011,2.0254,67.78,9.384,3.4295
K,Manufacturing,2012,1.8495,69.6,9.628,3.2683
K,Manufacturing,2013,1.9077,70.94,9.647,2.0773
K,Manufacturing,2014,2.0241,70.94,9.626,2.6443
K,Manufacturing,2015,2.1658,70.98,9.633,3.6485
K,Manufacturing,2016,2.2267,76.8,9.623,4.0681
K,Manufacturing,2017,1.964,77.43,9.702,3.896
K,Manufacturing,2018,1.6027,78.54,9.786,3.4191
K,Manufacturing,2019,1.827,82.75,9.774,3.083
K,Manufacturing,2020,1.6399,82.75,9.798,2.6067
K,Manufacturing,2021,1.635,83.0,9.808,2.0777
K,Manufacturing,2022,1.7042,75.64,9.825,1.8196
K,Manufacturing,2023,1.6368,75.64,9.656,2.0554
KDP,Manufacturing,2009,4.0521,31.95,6.702,0.1322
KDP,Manufacturing,2010,3.2813,59.53,7.223,0.507
KDP,Manufacturing,2011,4.6714,52.42,8.07,0.3047
KDP,Manufacturing,2012,1.1495,58.74,8.193,0.2351
KDP,Manufacturing,2013,3.076,61.96,8.233,0.0952
KDP,Manufacturing,2014,4.461,60.64,8.476,0.0805
KDP,Manufacturing,2015,2.1091,59.16,8.294,0.1666
KEY,Finance and Insurance,2002,0.4015,7.99,11.353,3.4455
KEY,Finance and Insurance,2003,0.392,12.84,11.344,3.0001
KEY,Finance and Insurance,2004,0.3672,23.95,11.416,2.7408
KEY,Finance and Insurance,2005,0.3645,25.86,11.442,2.7052
KEY,Finance and Insurance,2006,0.3741,21.46,11.433,2.5143
KEY,Finance and Insurance,2007,0.3146,28.43,11.513,2.8837
KEY,Finance and Insurance,2008,0.2798,28.43,11.557,3.3786
KEY,Finance and Insurance,2009,0.1985,55.5,11.443,1.7175
KEY,Finance and Insurance,2010,0.235,46.43,11.428,1.6453
KEY,Finance and Insurance,2011,0.2128,60.19,11.394,1.2032
KEY,Finance and Insurance,2012,0.1853,64.84,11.399,0.8761
KEY,Finance and Insurance,2013,0.2311,62.48,11.44,0.9516
KEY,Finance and Insurance,2014,0.2219,62.48,11.449,0.8666
KEY,Finance and Insurance,2015,0.2325,68.12,11.463,1.0607
KEY,Finance and Insurance,2016,0.2522,69.42,11.824,1.0824
KEY,Finance and Insurance,2017,0.268,76.74,11.833,1.0962
KEY,Finance and Insurance,2018,0.2125,75.99,11.847,1.0318
KEY,Finance and Insurance,2019,0.235,68.31,11.884,0.9438
KEY,Finance and Insurance,2020,0.1844,62.6,12.046,0.9576
KEY,Finance and Insurance,2021,0.1876,70.57,12.135,0.8683
KEY,Finance and Insurance,2022,0.2404,72.39,12.154,2.6813
KEY,Finance and Insurance,2023,0.1948,72.39,12.146,1.9109
KEYS,Manufacturing,2016,1.7557,73.64,8.244,0.7277
KEYS,Manufacturing,2017,1.7464,76.65,8.688,0.8883
KEYS,Manufacturing,2018,2.1392,74.31,8.67,0.7374
KEYS,Manufacturing,2019,3.1245,74.09,8.798,0.5965
KEYS,Manufacturing,2020,2.9613,72.51,8.884,0.6008
KEYS,Manufacturing,2021,4.4743,74.85,8.959,0.5346
KEYS,Manufacturing,2022,4.0779,68.15,8.999,0.485
KEYS,Manufacturing,2023,2.6836,68.15,9.069,0.4353
KIM,Real Estate Rental and Leasing,2002,1.2729,31.03,8.231,0.8272
KIM,Real Estate Rental and Leasing,2003,1.5433,29.48,8.435,1.0093
KIM,Real Estate Rental and Leasing,2004,1.8187,29.73,8.466,0.9476
KIM,Real Estate Rental and Leasing,2005,1.8081,30.46,8.619,1.1277
KIM,Real Estate Rental and Leasing,2006,1.8888,35.24,8.971,1.0656
KIM,Real Estate Rental and Leasing,2007,1.4749,35.33,9.116,1.0829
KIM,Real Estate Rental and Leasing,2008,1.0122,22.13,9.148,1.1465
KIM,Real Estate Rental and Leasing,2009,0.9763,22.21,9.226,0.9139
KIM,Real Estate Rental and Leasing,2010,1.1583,33.31,9.194,0.8225
KIM,Real Estate Rental and Leasing,2011,1.1153,44.35,9.171,0.8781
KIM,Real Estate Rental and Leasing,2012,1.2395,34.47,9.184,0.8804
KIM,Real Estate Rental and Leasing,2013,1.2742,46.79,9.176,0.9113
KIM,Real Estate Rental and Leasing,2014,1.4558,64.16,9.239,0.9677
KIM,Real Estate Rental and Leasing,2015,1.4382,70.06,9.336,1.0654
KIM,Real Estate Rental and Leasing,2016,1.4033,68.62,9.326,0.9639
KIM,Real Estate Rental and Leasing,2017,1.1225,74.35,9.373,1.0157
KIM,Real Estate Rental and Leasing,2018,1.0044,80.18,9.306,0.9138
KIM,Real Estate Rental and Leasing,2019,1.3049,81.78,9.305,1.1117
KIM,Real Estate Rental and Leasing,2020,1.0284,82.98,9.36,0.9722
KIM,Real Estate Rental and Leasing,2021,1.2364,81.94,9.823,0.77
KIM,Real Estate Rental and Leasing,2022,1.144,80.33,9.788,0.7665
KIM,Real Estate Rental and Leasing,2023,1.147,80.33,9.813,0.8137
KLAC,Manufacturing,2003,3.1075,9.69,7.961,0.0
KLAC,Manufacturing,2004,2.7463,21.74,8.172,0.0
KLAC,Manufacturing,2005,2.1545,22.38,8.291,0.0
KLAC,Manufacturing,2006,1.8091,16.0,8.429,0.0
KLAC,Manufacturing,2007,2.2745,39.7,8.439,0.0
KLAC,Manufacturing,2008,1.6149,35.56,8.486,0.2497
KLAC,Manufacturing,2009,1.4003,33.03,8.191,0.3411
KLAC,Manufacturing,2010,1.39,42.62,8.271,0.3319
KLAC,Manufacturing,2011,1.6065,49.28,8.45,0.2609
KLAC,Manufacturing,2012,1.7562,55.28,8.537,0.2252
KLAC,Manufacturing,2013,1.8851,59.6,8.573,0.2146
KLAC,Manufacturing,2014,2.3049,58.78,8.62,0.2038
KLAC,Manufacturing,2015,2.4996,54.36,8.482,7.5703
KLAC,Manufacturing,2016,2.9188,58.34,8.51,4.4375
KLAC,Manufacturing,2017,3.1241,55.15,8.618,2.2093
KLAC,Manufacturing,2018,3.2454,52.57,8.634,1.3807
KLAC,Manufacturing,2019,2.4725,56.05,9.106,1.2874
KLAC,Manufacturing,2020,3.6426,58.51,9.136,1.3392
KLAC,Manufacturing,2021,5.1676,57.42,9.237,1.0498
KLAC,Manufacturing,2022,4.1296,55.41,9.441,4.8341
KLAC,Manufacturing,2023,5.1441,55.41,9.552,2.0766
KMB,Manufacturing,2002,1.8079,41.67,9.654,0.6956
KMB,Manufacturing,2003,1.9808,51.71,9.728,0.5318
KMB,Manufacturing,2004,2.0738,49.89,9.742,0.5299
KMB,Manufacturing,2005,1.9227,65.26,9.699,0.6868
KMB,Manufacturing,2006,2.025,52.34,9.745,0.5908
KMB,Manufacturing,2007,1.8806,62.97,9.822,1.0513
KMB,Manufacturing,2008,1.5356,66.14,9.803,1.5382
KMB,Manufacturing,2009,1.6643,70.63,9.863,0.9993
KMB,Manufacturing,2010,1.5664,76.13,9.897,0.9234
KMB,Manufacturing,2011,1.819,84.11,9.872,1.1682
KMB,Manufacturing,2012,1.9652,66.73,9.897,1.2407
KMB,Manufacturing,2013,2.4071,69.3,9.848,1.1864
KMB,Manufacturing,2014,3.1667,61.89,9.65,9.5418
KMB,Manufacturing,2017,3.2862,69.55,9.626,11.8045
KMB,Manufacturing,2020,3.1153,77.61,9.771,14.2492
KMB,Manufacturing,2021,3.2089,77.84,9.789,17.6984
KMB,Manufacturing,2022,3.046,74.5,9.796,16.3181
KMB,Manufacturing,2023,2.8487,74.5,9.761,9.2459
KMX,Retail Trade,2004,2.812,22.15,7.165,0.2421
KMX,Retail Trade,2005,2.3453,38.02,7.306,0.2032
KMX,Retail Trade,2006,3.1173,38.02,7.542,0.1487
KMX,Retail Trade,2007,1.8608,33.56,7.755,0.2202
KMX,Retail Trade,2008,1.0152,43.0,7.775,0.2116
KMX,Retail Trade,2009,1.8208,47.24,7.846,0.0779
KMX,Retail Trade,2010,1.7593,56.33,8.831,1.7646
KMX,Retail Trade,2011,1.4431,53.57,9.028,1.8902
KMX,Retail Trade,2012,1.5054,58.8,9.199,2.0565
KMX,Retail Trade,2013,1.5648,60.0,9.368,2.2862
KMX,Retail Trade,2014,1.7522,49.76,9.488,2.8856
KMX,Retail Trade,2015,1.3579,55.96,9.581,3.6691
KMX,Retail Trade,2016,1.4871,44.24,9.698,3.9149
KMX,Retail Trade,2017,1.3867,48.63,9.769,3.9551
KMX,Retail Trade,2018,1.3145,48.63,9.837,4.2313
KMX,Retail Trade,2019,1.4312,44.46,9.956,4.2277
KMX,Retail Trade,2020,1.6321,53.57,9.978,3.5872
KMX,Retail Trade,2021,1.4063,59.81,10.179,3.7113
KMX,Retail Trade,2022,1.1469,56.65,10.173,3.4056
KMX,Retail Trade,2023,1.1759,56.65,10.211,3.2155
KO,Manufacturing,2002,4.64,34.04,10.106,0.4539
KO,Manufacturing,2003,4.7301,37.29,10.216,0.3849
KO,Manufacturing,2004,3.4316,42.43,10.352,0.4505
KO,Manufacturing,2005,3.4388,86.52,10.29,0.3485
KO,Manufacturing,2006,3.8856,87.63,10.308,0.2708
KO,Manufacturing,2007,3.5033,85.1,10.675,0.429
KO,Manufacturing,2008,2.8129,82.2,10.61,0.4549
KO,Manufacturing,2009,2.9408,82.2,10.793,0.4782
KO,Manufacturing,2010,2.3884,86.12,11.197,0.7553
KO,Manufacturing,2011,2.3371,73.53,11.289,0.9031
KO,Manufacturing,2012,2.2584,72.86,11.364,0.9945
KO,Manufacturing,2013,2.431,76.93,11.408,1.1177
KO,Manufacturing,2014,2.4568,72.74,11.43,1.3768
KO,Manufacturing,2015,2.5526,73.27,11.409,1.7302
KO,Manufacturing,2016,2.5609,77.38,11.377,1.982
KO,Manufacturing,2017,2.7656,72.11,11.384,2.7932
KO,Manufacturing,2018,2.9519,67.8,11.329,2.5649
KO,Manufacturing,2019,3.2536,66.06,11.367,2.3263
KO,Manufacturing,2020,3.2113,82.95,11.377,2.3014
KO,Manufacturing,2021,3.1829,82.24,11.455,1.9232
KO,Manufacturing,2022,3.4055,79.62,11.438,1.6844
KO,Manufacturing,2023,3.0429,79.62,11.49,1.674
KR,Retail Trade,2002,0.9955,25.18,9.909,2.227
KR,Retail Trade,2003,1.0659,24.79,9.941,2.0989
KR,Retail Trade,2004,0.9965,56.91,9.928,2.2517
KR,Retail Trade,2005,1.0026,48.84,9.927,1.6474
KR,Retail Trade,2006,1.1835,48.84,9.962,1.4341
KR,Retail Trade,2007,1.1209,44.16,10.012,1.6526
KR,Retail Trade,2008,0.9765,68.42,10.052,1.5578
KR,Retail Trade,2009,0.9446,59.88,10.047,1.6672
KR,Retail Trade,2010,0.9002,58.92,10.065,1.4902
KR,Retail Trade,2011,0.9156,66.31,10.064,2.051
KR,Retail Trade,2012,0.9377,66.31,10.113,2.1105
KR,Retail Trade,2013,1.0126,70.84,10.285,2.1007
KR,Retail Trade,2014,1.482,65.53,10.327,2.1537
KR,Retail Trade,2015,1.4635,69.59,10.431,1.7711
KR,Retail Trade,2016,1.2452,67.48,10.505,2.1017
KR,Retail Trade,2017,1.1292,67.48,10.524,2.2492
KR,Retail Trade,2018,0.9926,83.65,10.548,1.9311
KR,Retail Trade,2019,0.9356,79.46,10.72,2.462
KR,Retail Trade,2020,0.9605,85.87,10.793,2.1499
KR,Retail Trade,2021,1.062,80.55,10.801,2.1625
KR,Retail Trade,2022,1.0553,80.48,10.812,2.0327
KR,Retail Trade,2023,1.0389,80.48,10.83,1.6571
L,Finance and Insurance,2002,0.2049,6.45,11.164,0.5522
L,Finance and Insurance,2003,0.1982,30.57,11.263,0.5665
L,Finance and Insurance,2004,0.2846,31.61,11.207,0.6506
L,Finance and Insurance,2005,0.3339,31.67,11.166,0.4563
L,Finance and Insurance,2006,0.4129,40.2,11.25,0.5559
L,Finance and Insurance,2007,0.4459,40.55,11.24,0.4126
L,Finance and Insurance,2008,0.2942,38.11,11.154,0.6291
L,Finance and Insurance,2009,0.3367,23.19,11.213,0.5613
L,Finance and Insurance,2010,0.3357,28.35,11.242,0.5137
L,Finance and Insurance,2011,0.3175,27.28,11.23,0.4779
L,Finance and Insurance,2012,0.3146,25.17,11.29,0.4733
L,Finance and Insurance,2013,0.3693,24.3,11.289,0.5574
L,Finance and Insurance,2014,0.3361,24.53,11.269,0.5533
L,Finance and Insurance,2015,0.3109,30.8,11.239,0.6026
L,Finance and Insurance,2016,0.3465,31.73,11.246,0.5934
L,Finance and Insurance,2017,0.3537,28.18,11.285,0.6006
L,Finance and Insurance,2018,0.3266,44.37,11.269,0.6143
L,Finance and Insurance,2019,0.3344,46.26,11.317,0.6395
L,Finance and Insurance,2020,0.2833,46.26,11.293,0.5941
L,Finance and Insurance,2021,0.2915,39.3,11.31,0.5291
L,Finance and Insurance,2022,0.307,40.76,11.232,0.645
L,Finance and Insurance,2023,0.3137,40.76,11.28,0.5977
LDOS,"Professional, Scientific, and Technical Services",2008,1.0423,68.21,8.527,0.5355
LDOS,"Professional, Scientific, and Technical Services",2009,1.552,72.51,8.575,0.4828
LDOS,"Professional, Scientific, and Technical Services",2010,1.2615,73.26,8.736,0.7435
LDOS,"Professional, Scientific, and Technical Services",2011,0.9355,65.47,8.805,0.8492
LDOS,"Professional, Scientific, and Technical Services",2012,0.9253,65.47,8.678,0.4958
LDOS,"Professional, Scientific, and Technical Services",2013,1.1918,67.43,8.334,0.8357
LDOS,"Professional, Scientific, and Technical Services",2014,1.2891,75.99,8.096,1.1683
LDOS,"Professional, Scientific, and Technical Services",2016,1.2,83.88,9.12,1.0485
LDOS,"Professional, Scientific, and Technical Services",2017,1.4306,77.64,9.104,0.9231
LDOS,"Professional, Scientific, and Technical Services",2018,1.2339,80.48,9.079,0.9444
LDOS,"Professional, Scientific, and Technical Services",2019,1.8412,80.48,9.145,1.0091
LDOS,"Professional, Scientific, and Technical Services",2020,1.6275,79.01,9.434,1.4073
LDOS,"Professional, Scientific, and Technical Services",2021,1.3763,80.24,9.493,1.3528
LDOS,"Professional, Scientific, and Technical Services",2022,1.5325,80.24,9.478,1.3073
LEN,Construction,2003,1.4787,13.27,8.821,0.7025
LEN,Construction,2004,1.0846,19.15,9.123,0.7208
LEN,Construction,2005,1.0326,19.15,9.437,0.7355
LEN,Construction,2006,0.9724,15.61,9.426,0.66
LEN,Construction,2007,0.5899,13.54,9.116,0.7422
LEN,Construction,2008,0.5269,22.52,8.913,1.0563
LEN,Construction,2009,0.7275,22.97,8.898,1.2191
LEN,Construction,2010,0.7951,21.45,9.081,1.5915
LEN,Construction,2011,0.8746,22.15,9.122,1.6831
LEN,Construction,2012,1.1893,16.46,9.246,1.4752
LEN,Construction,2013,1.0941,16.46,9.33,1.2052
LEN,Construction,2014,1.2119,19.54,9.469,1.2466
LEN,Construction,2015,1.2114,21.04,9.576,1.1781
LEN,Construction,2016,1.0578,21.04,9.64,0.8932
LEN,Construction,2017,1.229,26.72,9.839,1.0127
LEN,Construction,2018,0.8392,25.22,10.26,0.6938
LEN,Construction,2019,0.9679,23.82,10.287,0.6002
LEN,Construction,2020,1.0444,22.31,10.307,0.4193
LEN,Construction,2021,1.1442,22.31,10.411,0.3143
LEN,Construction,2022,0.8375,37.78,10.545,0.2638
LEN,Construction,2023,1.047,37.78,10.577,0.1933
LH,Health Care and Social Assistance,2002,1.5149,35.65,7.868,0.3246
LH,Health Care and Social Assistance,2003,1.8098,37.62,8.136,0.4664
LH,Health Care and Social Assistance,2004,2.2567,40.67,8.189,0.4463
LH,Health Care and Social Assistance,2005,2.0551,34.45,8.263,0.6115
LH,Health Care and Social Assistance,2006,2.5335,29.69,8.294,0.5857
LH,Health Care and Social Assistance,2007,2.3009,40.76,8.382,0.9662
LH,Health Care and Social Assistance,2008,1.8611,39.71,8.449,1.0195
LH,Health Care and Social Assistance,2009,1.9172,50.23,8.484,0.6621
LH,Health Care and Social Assistance,2010,1.8086,57.78,8.73,0.8873
LH,Health Care and Social Assistance,2011,1.732,54.53,8.722,0.8872
LH,Health Care and Social Assistance,2012,1.5826,50.65,8.824,0.977
LH,Health Care and Social Assistance,2013,1.5548,49.4,8.849,1.2044
LH,Health Care and Social Assistance,2014,1.6651,52.3,8.896,1.0742
LH,Health Care and Social Assistance,2015,1.3319,52.32,9.563,1.2978
LH,Health Care and Social Assistance,2016,1.336,55.06,9.564,1.0624
LH,Health Care and Social Assistance,2017,1.3892,63.6,9.715,0.9901
LH,Health Care and Social Assistance,2018,1.1465,75.0,9.692,0.8692
LH,Health Care and Social Assistance,2019,1.305,69.97,9.801,0.9393
LH,Health Care and Social Assistance,2020,1.3254,65.24,9.907,0.7219
LH,Health Care and Social Assistance,2021,1.7461,69.82,9.923,0.6174
LH,Health Care and Social Assistance,2022,1.3428,75.97,9.911,0.6235
LH,Health Care and Social Assistance,2023,1.4962,75.97,9.725,0.7561
LHX,Manufacturing,2006,1.978,18.25,8.053,0.4218
LHX,Manufacturing,2007,1.8605,38.4,8.391,0.5929
LHX,Manufacturing,2008,1.6652,32.76,8.425,0.372
LHX,Manufacturing,2009,1.1219,32.76,8.404,0.6868
LHX,Manufacturing,2010,1.3762,48.68,8.463,0.5514
LHX,Manufacturing,2011,1.2344,39.15,8.728,0.8282
LHX,Manufacturing,2012,1.2052,25.71,8.629,1.0559
LHX,Manufacturing,2013,1.4411,33.83,8.488,1.1113
LHX,Manufacturing,2014,1.9524,32.71,8.503,0.8957
LHX,Manufacturing,2015,1.1218,32.71,9.483,1.5355
LHX,Manufacturing,2016,1.2435,46.86,9.392,1.4781
LHX,Manufacturing,2017,1.6927,48.08,9.219,1.3764
LHX,Manufacturing,2018,2.1228,44.79,9.194,1.1409
LHX,Manufacturing,2019,2.5644,44.79,9.222,1.0473
LHX,Manufacturing,2020,1.2751,48.42,10.518,0.3748
LHX,Manufacturing,2021,1.4176,66.87,10.455,0.4132
LHX,Manufacturing,2022,1.4197,67.65,10.42,0.4269
LHX,Manufacturing,2023,1.2936,67.65,10.638,0.7434
LIN,Manufacturing,2005,1.9558,51.29,9.258,0.8834
LIN,Manufacturing,2006,2.0,67.38,9.315,0.6954
LIN,Manufacturing,2007,2.4046,49.75,9.502,0.8152
LIN,Manufacturing,2008,1.7803,79.33,9.477,1.2534
LIN,Manufacturing,2009,2.0722,82.76,9.569,0.9511
LIN,Manufacturing,2010,2.2639,73.2,9.634,0.9594
LIN,Manufacturing,2011,2.3523,71.9,9.702,1.1957
LIN,Manufacturing,2012,2.1992,68.33,9.803,1.2141
LIN,Manufacturing,2013,2.3232,66.51,9.916,1.3332
LIN,Manufacturing,2014,2.3601,68.41,9.894,1.6465
LIN,Manufacturing,2015,2.0963,69.06,9.816,2.1032
LIN,Manufacturing,2016,2.2193,71.33,9.87,1.895
LIN,Manufacturing,2017,2.611,76.54,9.925,1.4955
LIN,Manufacturing,2018,1.0782,86.34,11.444,0.2965
LIN,Manufacturing,2019,1.486,86.36,11.369,0.3043
LIN,Manufacturing,2020,1.7581,84.49,11.388,0.364
LIN,Manufacturing,2021,2.3459,89.77,11.31,0.3455
LIN,Manufacturing,2022,2.2524,88.78,11.285,0.4694
LIN,Manufacturing,2023,2.7033,88.78,11.3,0.5115
LLY,Manufacturing,2002,3.8672,30.91,9.854,0.5927
LLY,Manufacturing,2003,3.7412,27.79,9.984,0.5002
LLY,Manufacturing,2004,2.7539,38.63,10.121,0.5964
LLY,Manufacturing,2005,2.7741,57.68,10.11,0.6021
LLY,Manufacturing,2006,2.7597,45.54,9.997,0.3382
LLY,Manufacturing,2007,2.3603,47.98,10.199,0.3708
LLY,Manufacturing,2008,1.8691,61.02,10.282,1.5533
LLY,Manufacturing,2009,1.6718,61.02,10.221,0.6995
LLY,Manufacturing,2010,1.4693,72.49,10.342,0.5577
LLY,Manufacturing,2011,1.5754,68.26,10.424,0.516
LLY,Manufacturing,2012,1.7288,75.26,10.446,0.3746
LLY,Manufacturing,2013,1.6914,69.39,10.47,0.2957
LLY,Manufacturing,2014,2.1849,64.94,10.523,0.5241
LLY,Manufacturing,2015,2.7242,66.89,10.479,0.5475
LLY,Manufacturing,2016,2.2573,71.53,10.566,0.7357
LLY,Manufacturing,2017,2.275,70.38,10.714,1.1773
LLY,Manufacturing,2018,2.9449,72.11,10.69,1.2993
LLY,Manufacturing,2019,3.4384,69.66,10.579,6.0623
LLY,Manufacturing,2020,3.6383,69.66,10.75,2.9416
LLY,Manufacturing,2021,5.4602,65.43,10.796,1.8804
LLY,Manufacturing,2022,6.9825,65.98,10.81,1.5248
LLY,Manufacturing,2023,8.585,65.98,11.067,2.3418
LMT,Manufacturing,2002,1.3156,28.84,10.157,1.2928
LMT,Manufacturing,2003,1.114,28.74,10.173,0.9189
LMT,Manufacturing,2004,1.1525,23.45,10.149,0.7291
LMT,Manufacturing,2005,1.1705,44.18,10.231,0.6338
LMT,Manufacturing,2006,1.5312,38.5,10.248,0.6448
LMT,Manufacturing,2007,1.6421,44.31,10.272,0.4495
LMT,Manufacturing,2008,1.102,59.59,10.417,1.3281
LMT,Manufacturing,2009,0.9444,59.59,10.466,1.2235
LMT,Manufacturing,2010,0.8329,59.84,10.465,1.3536
LMT,Manufacturing,2011,0.8555,63.52,10.543,6.4535
LMT,Manufacturing,2012,0.9295,53.47,10.562,161.7436
LMT,Manufacturing,2013,1.4805,53.47,10.496,1.2509
LMT,Manufacturing,2014,1.7974,74.97,10.521,1.8144
LMT,Manufacturing,2015,1.6499,74.2,10.802,4.9277
LMT,Manufacturing,2016,1.8097,82.74,10.775,9.452
LMT,Manufacturing,2018,1.9539,79.71,10.712,10.1176
LMT,Manufacturing,2019,2.5833,81.18,10.769,4.3985
LMT,Manufacturing,2020,2.215,75.14,10.834,2.2085
LMT,Manufacturing,2021,2.1508,70.9,10.837,1.1955
LMT,Manufacturing,2022,2.6538,70.7,10.876,1.8092
LMT,Manufacturing,2023,2.429,70.7,10.868,2.7266
LNT,Utilities,2005,0.7307,35.37,8.953,0.9705
LNT,Utilities,2006,0.8587,40.62,8.866,0.64
LNT,Utilities,2007,0.8549,44.16,8.88,0.6176
LNT,Utilities,2008,0.6333,50.61,9.012,0.698
LNT,Utilities,2009,0.6689,46.43,9.109,0.9724
LNT,Utilities,2010,0.7357,41.17,9.136,0.9511
LNT,Utilities,2011,0.7953,41.53,9.179,0.9317
LNT,Utilities,2012,0.763,35.89,9.286,1.0704
LNT,Utilities,2013,0.8405,39.44,9.316,1.1019
LNT,Utilities,2014,0.9349,43.35,9.4,1.1432
LNT,Utilities,2015,0.8868,43.35,9.433,1.0728
LNT,Utilities,2016,0.9863,61.25,9.501,1.1818
LNT,Utilities,2017,1.0671,60.57,9.56,1.2629
LNT,Utilities,2018,1.0319,57.05,9.644,1.2962
LNT,Utilities,2019,1.1946,58.77,9.723,1.2572
LNT,Utilities,2020,1.1325,59.46,9.782,1.2625
LNT,Utilities,2021,1.2562,64.59,9.828,1.3204
LNT,Utilities,2022,1.1276,70.45,9.912,1.4133
LNT,Utilities,2023,1.0746,70.45,9.964,1.4319
LOW,Retail Trade,2002,1.8959,17.61,9.687,0.4595
LOW,Retail Trade,2003,2.4104,27.98,9.854,0.3642
LOW,Retail Trade,2004,2.2538,29.74,9.962,0.3199
LOW,Retail Trade,2005,2.1654,29.74,10.112,0.247
LOW,Retail Trade,2006,2.0112,29.07,10.232,0.2821
LOW,Retail Trade,2007,1.4647,45.24,10.338,0.415
LOW,Retail Trade,2008,1.0071,47.27,10.395,0.3356
LOW,Retail Trade,2009,1.111,52.08,10.404,0.2664
LOW,Retail Trade,2010,1.1915,51.05,10.425,0.3629
LOW,Retail Trade,2011,1.2194,51.05,10.421,0.4613
LOW,Retail Trade,2012,1.5756,69.14,10.394,0.655
LOW,Retail Trade,2013,1.7781,75.23,10.396,0.8876
LOW,Retail Trade,2014,2.401,79.49,10.368,1.1403
LOW,Retail Trade,2015,2.4902,78.52,10.35,1.6526
LOW,Retail Trade,2016,2.2956,78.52,10.446,2.44
LOW,Retail Trade,2017,2.9447,81.62,10.471,2.8938
LOW,Retail Trade,2018,2.7022,79.51,10.449,4.452
LOW,Retail Trade,2019,2.8487,77.47,10.583,12.0436
LOW,Retail Trade,2020,3.1706,81.49,10.752,18.2401
LRCX,Manufacturing,2005,2.7438,21.49,7.279,0.0
LRCX,Manufacturing,2006,3.0148,23.82,7.746,0.2507
LRCX,Manufacturing,2007,3.1403,22.27,7.65,0.2125
LRCX,Manufacturing,2008,1.7215,18.99,7.94,0.1722
LRCX,Manufacturing,2009,1.7092,14.82,7.577,0.0318
LRCX,Manufacturing,2010,1.9362,22.41,7.819,0.0128
LRCX,Manufacturing,2011,1.5319,38.69,8.308,0.3009
LRCX,Manufacturing,2012,1.0391,34.4,8.988,0.248
LRCX,Manufacturing,2013,1.1759,49.26,8.889,0.2905
LRCX,Manufacturing,2014,1.5397,48.07,8.986,0.2655
LRCX,Manufacturing,2015,1.6293,52.73,9.145,0.4627
LRCX,Manufacturing,2016,1.4505,58.06,9.415,0.7351
LRCX,Manufacturing,2017,2.1089,63.85,9.403,0.3951
LRCX,Manufacturing,2018,2.3667,65.15,9.432,0.3717
LRCX,Manufacturing,2019,2.6347,64.46,9.393,0.9606
LRCX,Manufacturing,2020,3.6399,70.05,9.586,1.1569
LRCX,Manufacturing,2021,6.1597,74.94,9.674,0.857
LRCX,Manufacturing,2022,3.6984,74.56,9.752,0.8322
LRCX,Manufacturing,2023,4.842,74.56,9.841,0.6393
LULU,Retail Trade,2010,9.7932,27.52,6.213,0.0
LULU,Retail Trade,2011,12.3356,19.81,6.599,0.0
LULU,Retail Trade,2012,9.4818,19.81,6.958,0.0
LULU,Retail Trade,2013,5.3122,21.38,7.131,0.0
LULU,Retail Trade,2014,7.2538,27.02,7.167,0.0
LULU,Retail Trade,2015,6.4847,36.88,7.181,0.0
LULU,Retail Trade,2016,5.5833,41.39,7.413,0.0
LULU,Retail Trade,2017,5.3,37.05,7.6,0.0
LULU,Retail Trade,2018,9.2833,37.05,7.642,0.0
LULU,Retail Trade,2019,9.7351,40.25,8.096,0.379
LULU,Retail Trade,2020,10.4279,47.08,8.339,0.3122
LULU,Retail Trade,2021,8.8557,57.01,8.506,0.3215
LULU,Retail Trade,2022,7.1593,56.46,8.632,0.3399
LULU,Retail Trade,2023,8.2749,56.46,8.867,0.3316
LUV,Transportation and Warehousing,2002,1.3937,14.5,9.1,0.3807
LUV,Transportation and Warehousing,2003,1.4455,16.62,9.198,0.3044
LUV,Transportation and Warehousing,2004,1.2901,21.74,9.336,0.3342
LUV,Transportation and Warehousing,2005,1.0667,22.75,9.562,0.2989
LUV,Transportation and Warehousing,2006,1.017,27.31,9.507,0.2619
LUV,Transportation and Warehousing,2007,0.6592,54.17,9.727,0.3013
LUV,Transportation and Warehousing,2008,0.7017,52.38,9.569,0.7391
LUV,Transportation and Warehousing,2009,0.8413,52.38,9.566,0.6431
LUV,Transportation and Warehousing,2010,0.846,62.34,9.646,0.5419
LUV,Transportation and Warehousing,2011,0.5736,70.9,9.802,0.5454
LUV,Transportation and Warehousing,2012,0.5718,65.33,9.831,0.4511
LUV,Transportation and Warehousing,2013,0.828,63.82,9.87,0.3844
LUV,Transportation and Warehousing,2014,1.5487,66.6,9.913,0.3973
LUV,Transportation and Warehousing,2015,1.4576,63.22,9.967,0.4319
LUV,Transportation and Warehousing,2016,1.4621,65.09,10.056,0.4013
LUV,Transportation and Warehousing,2017,1.6802,64.06,10.131,0.3517
LUV,Transportation and Warehousing,2018,1.1074,69.86,10.175,0.3427
LUV,Transportation and Warehousing,2019,1.2363,68.91,10.162,0.4064
LUV,Transportation and Warehousing,2020,1.1484,67.19,10.451,1.3744
LUV,Transportation and Warehousing,2021,1.0365,68.25,10.5,1.1793
LUV,Transportation and Warehousing,2022,0.8321,76.79,10.474,0.8825
LUV,Transportation and Warehousing,2023,0.7243,76.79,10.505,0.8749
LVS,Accommodation and Food Services,2005,4.0242,14.67,8.264,1.0147
LVS,Accommodation and Food Services,2006,5.0323,12.59,8.872,1.9963
LVS,Accommodation and Food Services,2007,3.8532,16.59,9.347,3.3502
LVS,Accommodation and Food Services,2008,0.8328,13.34,9.749,2.539
LVS,Accommodation and Food Services,2009,1.0155,11.74,9.932,1.7579
LVS,Accommodation and Food Services,2010,2.0267,23.69,9.954,1.5708
LVS,Accommodation and Food Services,2011,1.8596,36.03,10.01,1.278
LVS,Accommodation and Food Services,2012,2.1783,43.79,10.006,1.4486
LVS,Accommodation and Food Services,2013,3.271,54.1,10.031,1.2733
LVS,Accommodation and Food Services,2014,2.523,46.36,10.015,1.3853
LVS,Accommodation and Food Services,2015,2.111,49.08,9.952,1.3889
LVS,Accommodation and Food Services,2016,2.5432,53.01,9.927,1.5533
LVS,Accommodation and Food Services,2017,3.118,51.66,9.937,1.4847
LVS,Accommodation and Food Services,2018,2.3217,59.92,10.023,2.1086
LVS,Accommodation and Food Services,2019,2.8249,62.45,10.052,2.4725
LVS,Accommodation and Food Services,2020,2.8767,56.44,9.943,4.82
LVS,Accommodation and Food Services,2021,2.1795,68.63,9.906,7.4965
LVS,Accommodation and Food Services,2022,2.3996,70.38,10.001,4.1608
LVS,Accommodation and Food Services,2023,2.3591,70.38,9.989,3.4726
LW,Wholesale Trade,2019,2.6777,63.13,8.447,15.4712
LW,Wholesale Trade,2020,3.5507,65.63,8.345,6.0067
LW,Wholesale Trade,2021,3.0416,58.09,8.328,7.9198
LW,Wholesale Trade,2022,3.0394,58.09,8.783,2.5637
LYB,Manufacturing,2011,0.9865,44.05,10.036,0.3806
LYB,Manufacturing,2012,1.5375,47.25,10.095,0.395
LYB,Manufacturing,2013,1.8278,47.25,10.215,0.4676
LYB,Manufacturing,2014,1.8848,46.96,10.098,0.8548
LYB,Manufacturing,2015,2.0335,49.61,10.033,1.2256
LYB,Manufacturing,2016,1.8616,58.76,10.062,1.485
LYB,Manufacturing,2017,1.9897,59.73,10.174,0.9631
LYB,Manufacturing,2018,1.4368,61.26,10.25,0.9152
LYB,Manufacturing,2019,1.4805,53.7,10.323,1.6846
LYB,Manufacturing,2020,1.3588,53.7,10.475,2.1941
LYB,Manufacturing,2021,1.1973,76.47,10.512,1.1468
LYB,Manufacturing,2022,1.106,78.54,10.501,1.0444
LYB,Manufacturing,2023,1.1852,78.54,10.519,1.0055
LYV,"Arts, Entertainment, and Recreation",2015,1.1403,26.75,8.725,1.6533
LYV,"Arts, Entertainment, and Recreation",2016,1.1444,29.38,8.819,2.0542
LYV,"Arts, Entertainment, and Recreation",2017,1.4869,23.54,8.923,1.9471
LYV,"Arts, Entertainment, and Recreation",2018,1.5492,33.99,9.047,2.5615
LYV,"Arts, Entertainment, and Recreation",2019,1.8295,47.45,9.303,4.1939
MA,Finance and Insurance,2006,2.6607,8.1,8.534,0.0971
MA,Finance and Insurance,2007,4.5494,8.1,8.742,0.0759
MA,Finance and Insurance,2008,2.8785,20.81,8.776,0.0876
MA,Finance and Insurance,2009,4.4498,29.49,8.919,0.0062
MA,Finance and Insurance,2013,7.0084,59.82,9.564,0.0059
MA,Finance and Insurance,2014,6.5791,55.93,9.638,0.2277
MA,Finance and Insurance,2015,6.8837,59.61,9.697,0.5488
MA,Finance and Insurance,2016,6.2582,62.49,9.835,0.9171
MA,Finance and Insurance,2017,7.7331,75.11,9.968,0.9941
MA,Finance and Insurance,2018,8.0743,71.62,10.121,1.1755
MA,Finance and Insurance,2019,10.6044,68.36,10.283,1.5763
MA,Finance and Insurance,2020,10.9799,70.68,10.422,2.1159
MA,Finance and Insurance,2021,9.7367,72.65,10.537,2.0067
MA,Finance and Insurance,2022,8.9666,69.0,10.564,2.3488
MA,Finance and Insurance,2023,9.7774,69.0,10.656,2.3749
MAA,Real Estate Rental and Leasing,2015,1.5006,34.95,8.832,1.1455
MAA,Real Estate Rental and Leasing,2016,1.3456,35.02,9.359,0.7027
MAA,Real Estate Rental and Leasing,2017,1.3862,30.32,9.349,0.7101
MAA,Real Estate Rental and Leasing,2018,1.362,40.52,9.335,0.7363
MAA,Real Estate Rental and Leasing,2019,1.741,57.89,9.326,0.7395
MAA,Real Estate Rental and Leasing,2020,1.7048,70.28,9.323,0.7825
MAA,Real Estate Rental and Leasing,2021,2.7478,65.34,9.331,0.7622
MAA,Real Estate Rental and Leasing,2022,2.008,62.53,9.327,0.74
MAA,Real Estate Rental and Leasing,2023,1.764,62.53,9.349,0.7495
MAS,Manufacturing,2002,1.2389,27.29,9.397,0.876
MAS,Manufacturing,2003,1.3784,41.5,9.405,0.7665
MAS,Manufacturing,2004,1.6415,39.33,9.437,0.7868
MAS,Manufacturing,2005,1.3853,31.98,9.438,0.9792
MAS,Manufacturing,2006,1.3343,35.01,9.419,1.1136
MAS,Manufacturing,2007,1.0859,55.56,9.297,1.0157
MAS,Manufacturing,2008,0.8328,53.74,9.157,1.4006
MAS,Manufacturing,2009,0.9599,53.74,9.124,1.5093
MAS,Manufacturing,2010,1.0456,75.34,9.005,2.961
MAS,Manufacturing,2011,1.0513,72.62,8.895,7.6376
MAS,Manufacturing,2012,1.3734,66.49,8.836,11.2671
MAS,Manufacturing,2013,1.6422,66.44,8.844,6.4056
MAS,Manufacturing,2014,1.6908,31.96,8.877,3.7056
MAS,Manufacturing,2020,2.9714,70.12,8.662,15.2974
MCD,Accommodation and Food Services,2002,1.2671,53.93,10.085,0.9707
MCD,Accommodation and Food Services,2003,1.6087,46.09,10.147,0.8121
MCD,Accommodation and Food Services,2004,1.7937,47.25,10.234,0.6492
MCD,Accommodation and Food Services,2005,1.7585,70.37,10.309,0.6695
MCD,Accommodation and Food Services,2006,2.1291,75.75,10.276,0.5456
MCD,Accommodation and Food Services,2007,2.6521,68.52,10.288,0.6087
MCD,Accommodation and Food Services,2008,2.796,73.33,10.256,0.7635
MCD,Accommodation and Food Services,2009,2.5743,75.98,10.316,0.7538
MCD,Accommodation and Food Services,2010,2.8891,83.11,10.373,0.7862
MCD,Accommodation and Food Services,2011,3.4852,77.32,10.404,0.8687
MCD,Accommodation and Food Services,2012,2.8847,69.11,10.474,0.8914
MCD,Accommodation and Food Services,2013,3.0095,76.7,10.509,0.8826
MCD,Accommodation and Food Services,2014,3.0691,69.98,10.442,1.1662
MCD,Accommodation and Food Services,2015,3.4596,63.54,10.544,3.4033
MCHP,Manufacturing,2003,3.3647,27.44,7.392,0.0
MCHP,Manufacturing,2004,2.9978,20.27,7.505,0.0306
MCHP,Manufacturing,2005,3.4132,27.89,7.762,0.1558
MCHP,Manufacturing,2006,3.4041,25.94,7.727,0.0
MCHP,Manufacturing,2007,2.8593,29.24,7.829,1.1099
MCHP,Manufacturing,2008,2.074,28.62,7.792,1.1599
MCHP,Manufacturing,2009,2.2094,29.1,7.831,0.2222
MCHP,Manufacturing,2010,2.5444,63.29,7.996,0.1916
MCHP,Manufacturing,2011,2.4451,59.81,8.034,0.1784
MCHP,Manufacturing,2012,2.1311,65.84,8.256,0.5086
MCHP,Manufacturing,2013,2.5993,67.16,8.311,0.478
MCHP,Manufacturing,2014,2.4491,63.25,8.472,0.8935
MCHP,Manufacturing,2015,2.2128,64.89,8.625,1.1544
MCHP,Manufacturing,2016,2.5827,66.55,8.947,0.9021
MCHP,Manufacturing,2017,2.972,64.24,9.019,0.9355
MCHP,Manufacturing,2018,1.6358,65.05,9.817,1.9493
MCHP,Manufacturing,2019,1.5066,63.84,9.766,1.7226
MCHP,Manufacturing,2020,3.1268,57.38,9.71,1.6993
MCHP,Manufacturing,2021,3.0566,66.74,9.693,1.3317
MCHP,Manufacturing,2022,3.1947,62.46,9.703,1.0133
MCHP,Manufacturing,2023,3.4212,62.46,9.672,0.9254
MCK,Wholesale Trade,2004,0.6663,45.64,9.84,0.2295
MCK,Wholesale Trade,2005,0.8028,45.01,9.951,0.1678
MCK,Wholesale Trade,2006,0.803,45.01,10.083,0.3121
MCK,Wholesale Trade,2007,0.6627,47.66,10.111,0.2936
MCK,Wholesale Trade,2008,0.4751,64.45,10.137,0.4051
MCK,Wholesale Trade,2009,0.7133,65.81,10.247,0.3048
MCK,Wholesale Trade,2010,0.7746,62.52,10.338,0.5546
MCK,Wholesale Trade,2011,0.7435,57.26,10.407,0.5826
MCK,Wholesale Trade,2012,0.8446,59.82,10.457,0.6893
MCK,Wholesale Trade,2013,0.9951,58.99,10.854,1.2578
MCK,Wholesale Trade,2014,1.1569,55.4,10.894,1.2303
MCK,Wholesale Trade,2015,0.7697,55.62,10.943,0.9137
MCK,Wholesale Trade,2016,0.6532,63.36,11.018,0.7702
MCK,Wholesale Trade,2017,0.6018,65.9,11.008,0.8038
MCK,Wholesale Trade,2018,0.5,59.56,10.997,0.9383
MCK,Wholesale Trade,2019,0.5113,65.26,11.023,1.8462
MCO,Administrative and Support and Waste… Services,2004,9.617,30.24,7.227,0.9449
MCO,Administrative and Support and Waste… Services,2005,12.4417,24.88,7.284,0.9696
MCO,Administrative and Support and Waste… Services,2006,13.047,32.28,7.312,1.7921
MCO,Administrative and Support and Waste… Services,2012,3.2582,35.91,8.284,4.3385
MCO,Administrative and Support and Waste… Services,2013,4.2983,47.05,8.388,6.2368
MCO,Administrative and Support and Waste… Services,2018,3.4081,66.12,9.162,12.3418
MCO,Administrative and Support and Waste… Services,2019,4.9405,73.93,9.236,10.0572
MCO,Administrative and Support and Waste… Services,2020,4.9355,72.66,9.426,4.4251
MCO,Administrative and Support and Waste… Services,2021,5.4823,69.26,9.594,2.9237
MCO,Administrative and Support and Waste… Services,2022,4.1052,69.26,9.571,3.1215
MCO,Administrative and Support and Waste… Services,2023,5.381,67.19,9.59,2.2348
MDLZ,Manufacturing,2002,1.4329,18.11,10.953,0.5591
MDLZ,Manufacturing,2003,1.1629,35.43,10.99,0.4719
MDLZ,Manufacturing,2004,1.2222,41.77,11.001,0.4185
MDLZ,Manufacturing,2005,1.0106,78.71,10.962,0.3785
MDLZ,Manufacturing,2006,1.2456,76.85,10.925,0.379
MDLZ,Manufacturing,2007,1.0451,70.68,11.127,0.7697
MDLZ,Manufacturing,2008,0.9465,70.68,11.052,0.9122
MDLZ,Manufacturing,2009,0.8868,87.17,11.108,0.7339
MDLZ,Manufacturing,2010,0.8795,83.59,11.465,0.8016
MDLZ,Manufacturing,2011,0.9909,82.24,11.449,0.7647
MDLZ,Manufacturing,2012,0.8569,75.62,11.232,0.603
MDLZ,Manufacturing,2013,1.0657,78.12,11.192,0.5289
MDLZ,Manufacturing,2014,1.1544,75.62,11.11,0.6018
MDLZ,Manufacturing,2015,1.3724,71.58,11.048,0.5497
MDLZ,Manufacturing,2016,1.3805,70.41,11.027,0.6836
MDLZ,Manufacturing,2017,1.2889,70.05,11.053,0.676
MDLZ,Manufacturing,2018,1.2188,69.68,11.047,0.7166
MDLZ,Manufacturing,2019,1.519,75.63,11.075,0.6969
MDLZ,Manufacturing,2020,1.5291,73.25,11.124,0.7508
MDLZ,Manufacturing,2021,1.6757,79.57,11.114,0.7126
MDLZ,Manufacturing,2022,1.6111,79.57,11.173,0.8784
MDLZ,Manufacturing,2023,1.6498,79.5,11.176,0.7098
MDT,Manufacturing,2001,5.2119,35.43,9.297,0.3927
MDT,Manufacturing,2002,4.9119,46.25,9.419,0.2992
MDT,Manufacturing,2003,4.4922,50.57,9.555,0.2599
MDT,Manufacturing,2004,3.9855,53.29,9.718,0.2346
MDT,Manufacturing,2005,3.3473,54.69,9.887,0.8445
MDT,Manufacturing,2006,3.4137,51.0,9.879,0.5545
MDT,Manufacturing,2007,2.7787,60.73,10.008,0.5999
MDT,Manufacturing,2008,1.8196,69.95,10.072,0.5634
MDT,Manufacturing,2009,2.0456,69.67,10.243,0.6507
MDT,Manufacturing,2010,1.7918,68.3,10.323,0.6159
MDT,Manufacturing,2011,1.519,70.09,10.407,0.6213
MDT,Manufacturing,2012,1.667,73.75,10.459,0.5705
MDT,Manufacturing,2013,1.863,75.96,10.544,0.6135
MDT,Manufacturing,2014,1.3313,61.04,11.578,0.6798
MDT,Manufacturing,2015,1.4228,70.55,11.511,0.6
MDT,Manufacturing,2016,1.475,75.22,11.511,0.6649
MDT,Manufacturing,2017,1.4692,76.29,11.423,0.5078
MDT,Manufacturing,2018,1.6098,77.66,11.404,0.5056
MDT,Manufacturing,2019,1.7276,71.31,11.415,0.5074
MDT,Manufacturing,2020,2.1867,69.21,11.441,0.5329
MDT,Manufacturing,2021,1.801,74.51,11.418,0.4754
MDT,Manufacturing,2022,1.6103,78.84,11.418,0.4936
MET,Finance and Insurance,2002,0.0946,53.63,12.533,0.4198
MET,Finance and Insurance,2003,0.1074,53.63,12.697,0.455
MET,Finance and Insurance,2004,0.1088,39.3,12.785,0.4002
MET,Finance and Insurance,2005,0.1055,45.58,13.085,0.4713
MET,Finance and Insurance,2006,0.1134,41.3,13.176,0.4582
MET,Finance and Insurance,2007,0.1174,52.81,13.233,0.5873
MET,Finance and Insurance,2008,0.0976,52.81,13.126,0.8965
MET,Finance and Insurance,2009,0.1145,39.32,13.198,0.9913
MET,Finance and Insurance,2010,0.1238,45.09,13.502,0.9603
MET,Finance and Insurance,2011,0.0947,55.99,13.592,0.7145
MET,Finance and Insurance,2012,0.0824,55.99,13.637,0.5115
MET,Finance and Insurance,2013,0.098,55.24,13.694,0.4259
MET,Finance and Insurance,2014,0.0942,55.24,13.713,0.33
MET,Finance and Insurance,2015,0.0893,49.0,13.685,0.3746
MET,Finance and Insurance,2016,0.0924,52.95,13.709,0.3563
MET,Finance and Insurance,2017,0.1017,51.21,13.487,0.3481
MET,Finance and Insurance,2018,0.0824,52.96,13.441,0.3281
MET,Finance and Insurance,2019,0.0893,56.14,13.515,0.2948
MET,Finance and Insurance,2020,0.0785,56.14,13.586,0.2745
MET,Finance and Insurance,2021,0.0936,69.29,13.541,0.2888
MET,Finance and Insurance,2022,0.1143,69.29,13.41,0.7338
MET,Finance and Insurance,2023,0.1004,65.27,13.441,0.6895
META,Information,2012,4.3367,29.62,9.623,0.2004
META,Information,2013,7.8048,32.85,9.792,0.0308
META,Information,2014,5.4364,32.38,10.601,0.0065
META,Information,2015,6.033,32.38,10.808,0.0071
META,Information,2016,5.1236,35.16,11.082,0.0019
META,Information,2017,6.0677,53.43,11.345,0.001
META,Information,2018,3.8489,43.12,11.486,0.0059
META,Information,2019,4.4719,48.79,11.801,0.1096
META,Information,2020,4.955,48.79,11.979,0.0871
META,Information,2021,5.6413,64.32,12.02,0.1157
META,Information,2022,1.8406,64.32,12.132,0.217
META,Information,2023,4.1129,66.79,12.344,0.2476
MGM,Accommodation and Food Services,2002,0.9822,13.13,9.26,1.9602
MGM,Accommodation and Food Services,2003,1.019,13.13,9.279,2.1829
MGM,Accommodation and Food Services,2004,1.4102,8.62,9.316,1.9712
MGM,Accommodation and Food Services,2005,1.1021,26.43,9.938,3.8203
MGM,Accommodation and Food Services,2006,1.3221,28.46,10.005,3.3765
MGM,Accommodation and Food Services,2007,1.578,27.27,10.031,1.845
MGM,Accommodation and Food Services,2008,0.7422,34.27,10.055,3.3894
MGM,Accommodation and Food Services,2009,0.8031,34.47,10.022,3.6327
MGM,Accommodation and Food Services,2010,1.0181,36.68,9.85,4.0188
MGM,Accommodation and Food Services,2011,0.6688,55.25,10.232,2.2134
MGM,Accommodation and Food Services,2012,0.7337,57.48,10.177,3.113
MGM,Accommodation and Food Services,2013,0.9568,53.67,10.17,3.1786
MGM,Accommodation and Food Services,2014,0.9241,57.92,10.193,3.4643
MGM,Accommodation and Food Services,2015,1.0131,58.01,10.135,2.4831
MGM,Accommodation and Food Services,2016,1.049,61.74,10.246,2.0902
MGM,Accommodation and Food Services,2017,1.0912,63.27,10.281,1.6957
MGM,Accommodation and Food Services,2018,0.9244,62.32,10.316,2.3235
MGM,Accommodation and Food Services,2019,0.9549,64.72,10.43,2.0201
MGM,Accommodation and Food Services,2020,1.0026,63.27,10.505,3.2304
MGM,Accommodation and Food Services,2021,1.1036,71.84,10.619,4.08
MGM,Accommodation and Food Services,2022,1.0241,71.84,10.73,7.0543
MGM,Accommodation and Food Services,2023,1.0912,72.45,10.654,8.3021
MHK,Manufacturing,2004,1.5859,25.77,8.39,0.3343
MHK,Manufacturing,2005,1.1486,19.09,8.986,1.0929
MHK,Manufacturing,2006,0.969,23.06,9.009,0.7676
MHK,Manufacturing,2007,0.8488,38.77,9.069,0.4847
MHK,Manufacturing,2008,0.7613,42.02,8.771,0.6238
MHK,Manufacturing,2009,0.803,36.74,8.763,0.585
MHK,Manufacturing,2010,0.9098,51.38,8.716,0.5054
MHK,Manufacturing,2011,0.9217,53.8,8.733,0.4696
MHK,Manufacturing,2012,1.2159,51.15,8.749,0.3786
MHK,Manufacturing,2013,1.5423,55.38,9.047,0.5106
MHK,Manufacturing,2014,1.6411,58.26,9.022,0.5137
MHK,Manufacturing,2015,1.7315,63.32,9.205,0.6621
MHK,Manufacturing,2016,1.6943,61.72,9.233,0.4369
MHK,Manufacturing,2017,1.9269,62.68,9.401,0.3927
MHK,Manufacturing,2018,0.8955,56.08,9.48,0.4402
MHK,Manufacturing,2019,0.9471,56.09,9.502,0.3584
MHK,Manufacturing,2020,0.9058,51.97,9.57,0.36
MHK,Manufacturing,2021,1.0322,58.94,9.563,0.3241
MHK,Manufacturing,2022,0.6882,58.94,9.555,0.4023
MHK,Manufacturing,2023,0.7186,65.14,9.515,0.4135
MKC,Manufacturing,2003,2.1208,11.66,7.672,0.8204
MKC,Manufacturing,2004,2.3536,17.7,7.77,0.7173
MKC,Manufacturing,2005,2.0723,23.69,7.729,0.7126
MKC,Manufacturing,2006,2.2151,18.85,7.851,0.6975
MKC,Manufacturing,2007,2.0112,18.85,7.933,0.6664
MKC,Manufacturing,2008,1.5875,38.17,8.077,1.1743
MKC,Manufacturing,2009,1.6807,46.82,8.128,0.7426
MKC,Manufacturing,2010,1.9704,45.33,8.137,0.6056
MKC,Manufacturing,2011,1.8896,45.33,8.316,0.7817
MKC,Manufacturing,2012,2.3349,51.0,8.335,0.6963
MKC,Manufacturing,2013,2.31,51.0,8.401,0.6381
MKC,Manufacturing,2014,2.4531,57.56,8.393,0.7169
MKC,Manufacturing,2015,2.736,52.96,8.414,0.8356
MKC,Manufacturing,2016,2.7771,52.96,8.442,0.8897
MKC,Manufacturing,2017,1.7729,64.72,9.248,1.9638
MKC,Manufacturing,2018,2.3899,72.0,9.236,1.4811
MKC,Manufacturing,2019,2.588,72.0,9.246,1.2555
MKC,Manufacturing,2020,2.4813,72.05,9.4,1.285
MKC,Manufacturing,2021,2.199,72.05,9.465,1.2294
MKC,Manufacturing,2022,2.1492,80.13,9.482,1.1495
MKTX,Finance and Insurance,2015,9.5082,49.14,6.085,0.0
MKTX,Finance and Insurance,2016,10.4461,54.69,6.269,0.0
MKTX,Finance and Insurance,2017,13.0585,53.29,6.365,0.0
MKTX,Finance and Insurance,2018,11.4353,48.56,6.545,0.0
MKTX,Finance and Insurance,2019,15.1633,49.32,6.862,0.1272
MKTX,Finance and Insurance,2020,16.3567,54.77,7.194,0.098
MKTX,Finance and Insurance,2021,10.2475,53.73,7.333,0.0849
MKTX,Finance and Insurance,2022,6.582,53.73,7.383,0.0765
MKTX,Finance and Insurance,2023,5.5476,49.98,7.608,0.0618
MLM,Mining,2004,1.3849,22.68,7.765,0.6278
MLM,Mining,2005,1.7368,26.76,7.797,0.6117
MLM,Mining,2006,2.1444,21.34,7.827,0.5697
MLM,Mining,2007,2.4629,28.92,7.895,1.1959
MLM,Mining,2008,1.7758,25.09,8.017,1.3312
MLM,Mining,2009,1.6394,28.67,8.083,0.9166
MLM,Mining,2010,1.7033,33.73,8.031,0.7246
MLM,Mining,2011,1.4322,30.76,8.054,0.7522
MLM,Mining,2012,1.7036,30.66,8.059,0.7429
MLM,Mining,2013,1.7385,28.06,8.089,0.6787
MLM,Mining,2014,1.2099,26.53,8.918,0.3694
MLM,Mining,2015,1.4945,32.83,8.848,0.3939
MLM,Mining,2016,2.15,37.63,8.896,0.4111
MLM,Mining,2017,1.8836,36.74,9.104,0.6497
MLM,Mining,2018,1.4527,41.88,9.164,0.6331
MLM,Mining,2019,2.0449,41.25,9.223,0.6109
MLM,Mining,2020,1.9659,41.25,9.267,0.5278
MLM,Mining,2021,2.3085,44.57,9.574,0.8781
MLM,Mining,2022,1.7751,44.57,9.615,0.7849
MLM,Mining,2023,2.3648,42.29,9.624,0.6131
MMC,Finance and Insurance,2002,2.0429,29.05,9.536,0.6843
MMC,Finance and Insurance,2003,1.8988,29.05,9.619,0.6159
MMC,Finance and Insurance,2004,1.2357,36.1,9.817,1.0536
MMC,Finance and Insurance,2005,1.2782,5.64,9.792,1.034
MMC,Finance and Insurance,2006,1.2071,34.21,9.806,0.8543
MMC,Finance and Insurance,2007,1.0161,33.24,9.762,0.494
MMC,Finance and Insurance,2008,1.0577,23.38,9.629,0.6295
MMC,Finance and Insurance,2009,0.9968,23.38,9.638,0.6163
MMC,Finance and Insurance,2010,1.1634,55.33,9.636,0.4764
MMC,Finance and Insurance,2011,1.2927,49.94,9.646,0.4977
MMC,Finance and Insurance,2012,1.3336,49.07,9.698,0.446
MMC,Finance and Insurance,2013,1.7312,47.88,9.74,0.3738
MMC,Finance and Insurance,2014,1.9229,38.39,9.789,0.4802
MMC,Finance and Insurance,2015,1.831,42.62,9.81,0.6777
MMC,Finance and Insurance,2016,2.176,39.51,9.809,0.7763
MMC,Finance and Insurance,2017,2.2953,41.37,9.925,0.7456
MMC,Finance and Insurance,2018,2.132,49.74,9.979,0.7754
MMC,Finance and Insurance,2019,2.243,51.22,10.353,1.8252
MMC,Finance and Insurance,2020,2.2083,56.02,10.406,1.4915
MMC,Finance and Insurance,2021,2.928,52.87,10.445,1.1956
MMC,Finance and Insurance,2022,2.8502,52.87,10.418,1.2806
MMC,Finance and Insurance,2023,2.2623,63.09,10.78,1.2662
MMM,Manufacturing,2002,3.3589,48.79,9.638,0.5635
MMM,Manufacturing,2003,3.9591,41.61,9.776,0.3814
MMM,Manufacturing,2004,3.2053,54.69,9.938,0.2787
MMM,Manufacturing,2005,2.9697,65.78,9.929,0.2416
MMM,Manufacturing,2006,2.8575,56.7,9.966,0.3633
MMM,Manufacturing,2007,2.6235,74.22,10.114,0.4247
MMM,Manufacturing,2008,1.8273,77.65,10.148,0.6859
MMM,Manufacturing,2009,2.3693,78.06,10.213,0.4557
MMM,Manufacturing,2010,2.2214,86.84,10.314,0.3541
MMM,Manufacturing,2011,1.9625,86.84,10.361,0.3401
MMM,Manufacturing,2012,2.0625,86.04,10.43,0.3455
MMM,Manufacturing,2013,2.9536,88.23,10.421,0.3466
MMM,Manufacturing,2014,3.5582,90.0,10.35,0.5261
MMM,Manufacturing,2015,3.1369,86.51,10.396,0.9261
MMM,Manufacturing,2016,3.5936,88.13,10.401,1.1357
MMM,Manufacturing,2017,4.0547,88.71,10.545,1.2115
MMM,Manufacturing,2018,3.4125,87.06,10.505,1.5003
MMM,Manufacturing,2019,2.7491,88.86,10.707,2.1166
MMM,Manufacturing,2020,2.5507,92.06,10.765,1.5369
MMM,Manufacturing,2021,2.547,88.84,10.759,1.2174
MMM,Manufacturing,2022,1.7809,88.84,10.746,1.1456
MMM,Manufacturing,2023,1.5275,90.73,10.831,3.5061
MNST,Manufacturing,2008,3.9768,21.81,6.636,0.0022
MNST,Manufacturing,2009,4.2315,14.79,6.685,0.0004
MNST,Manufacturing,2010,4.2991,14.53,6.987,0.0003
MNST,Manufacturing,2011,5.8933,9.28,7.217,0.0
MNST,Manufacturing,2012,8.3959,17.04,6.95,0.0
MNST,Manufacturing,2013,7.9588,14.08,7.259,0.0
MNST,Manufacturing,2014,9.3728,14.45,7.57,0.0
MNST,Manufacturing,2015,5.3256,14.45,8.644,0.0
MNST,Manufacturing,2016,6.0483,22.85,8.332,0.0
MNST,Manufacturing,2017,7.4809,30.91,8.474,0.0
MNST,Manufacturing,2018,5.9113,33.81,8.418,0.0
MNST,Manufacturing,2019,6.6281,37.09,8.547,0.0072
MNST,Manufacturing,2020,7.8772,37.09,8.733,0.0041
MNST,Manufacturing,2021,6.5163,41.85,8.962,0.0034
MNST,Manufacturing,2022,6.399,42.89,9.023,0.0054
MO,Manufacturing,2002,1.2105,51.65,11.38,1.1972
MO,Manufacturing,2003,1.4079,44.21,11.474,0.9785
MO,Manufacturing,2004,1.464,41.27,11.529,0.7482
MO,Manufacturing,2005,1.6663,57.23,11.589,0.6759
MO,Manufacturing,2006,1.9053,56.88,11.555,0.472
MO,Manufacturing,2007,2.9775,40.23,10.955,0.5953
MO,Manufacturing,2008,1.4153,40.23,10.212,2.6429
MO,Manufacturing,2009,1.4372,59.94,10.51,2.9393
MO,Manufacturing,2010,1.7009,81.15,10.529,2.3486
MO,Manufacturing,2011,2.0103,86.67,10.518,3.7198
MO,Manufacturing,2012,2.1813,82.7,10.472,4.3807
MO,Manufacturing,2013,2.6119,84.39,10.459,3.5244
MO,Manufacturing,2014,3.2437,80.38,10.448,4.8749
MO,Manufacturing,2015,3.9039,80.38,10.39,4.4858
MO,Manufacturing,2016,3.163,86.3,10.735,1.087
MO,Manufacturing,2017,3.4643,88.0,10.674,0.9036
MO,Manufacturing,2018,2.1263,88.8,10.927,1.7411
MO,Manufacturing,2019,2.4512,89.58,10.805,4.5069
MO,Manufacturing,2020,2.2286,82.82,10.767,10.3808
MOH,Health Care and Social Assistance,2015,0.7567,28.89,8.791,1.0334
MOH,Health Care and Social Assistance,2016,0.636,31.39,8.916,0.9976
MOH,Health Care and Social Assistance,2017,0.7992,28.56,9.044,1.6223
MOH,Health Care and Social Assistance,2018,1.211,29.39,8.875,0.8852
MOH,Health Care and Social Assistance,2019,1.4704,30.6,8.823,0.7995
MOH,Health Care and Social Assistance,2020,1.5724,38.28,9.162,1.1641
MOH,Health Care and Social Assistance,2021,1.7192,50.69,9.41,0.9662
MOH,Health Care and Social Assistance,2022,1.7609,50.69,9.418,0.8539
MOH,Health Care and Social Assistance,2023,1.5758,51.36,9.609,0.5957
MOS,Manufacturing,2004,0.9122,28.15,9.041,0.8304
MOS,Manufacturing,2005,0.9949,34.08,9.073,0.7393
MOS,Manufacturing,2006,1.9475,22.0,9.123,0.5642
MOS,Manufacturing,2007,4.838,22.9,9.378,0.2305
MOS,Manufacturing,2008,2.028,30.4,9.447,0.164
MOS,Manufacturing,2009,1.7241,51.24,9.45,0.1541
MOS,Manufacturing,2010,2.0569,51.61,9.667,0.0715
MOS,Manufacturing,2011,1.2785,63.85,9.723,0.0879
MOS,Manufacturing,2012,1.4916,73.32,9.803,0.0804
MOS,Manufacturing,2013,1.1849,73.32,9.881,0.2683
MOS,Manufacturing,2014,1.1273,77.18,9.814,0.3581
MOS,Manufacturing,2015,0.7802,73.63,9.765,0.4049
MOS,Manufacturing,2016,0.8367,68.86,9.732,0.3984
MOS,Manufacturing,2017,0.764,68.78,9.833,0.5436
MOS,Manufacturing,2018,0.7848,67.26,9.909,0.4356
MOS,Manufacturing,2019,0.6739,69.33,9.868,0.5235
MOS,Manufacturing,2020,0.6809,69.9,9.893,0.4959
MOS,Manufacturing,2021,0.8574,69.73,10.0,0.4155
MOS,Manufacturing,2022,0.7989,69.73,10.06,0.3159
MOS,Manufacturing,2023,0.6762,72.05,10.045,0.325
MPC,Manufacturing,2011,0.5901,61.06,10.156,0.3479
MPC,Manufacturing,2012,0.8941,58.53,10.212,0.2874
MPC,Manufacturing,2013,1.0794,56.59,10.254,0.311
MPC,Manufacturing,2014,1.0298,60.61,10.324,0.6173
MPC,Manufacturing,2015,0.915,59.81,10.672,0.9009
MPC,Manufacturing,2016,0.8366,61.95,10.701,0.7798
MPC,Manufacturing,2017,0.9177,61.95,10.801,0.9225
MPC,Manufacturing,2018,0.7279,59.71,11.44,0.7825
MPC,Manufacturing,2019,0.7145,64.39,11.498,0.9295
MPC,Manufacturing,2020,0.7048,68.97,11.352,1.4908
MPC,Manufacturing,2021,0.7491,76.48,11.355,1.0266
MPC,Manufacturing,2022,0.8982,76.48,11.406,1.007
MPC,Manufacturing,2023,0.9664,78.05,11.362,1.1679
MPWR,Manufacturing,2015,5.8629,25.46,6.067,0.0
MPWR,Manufacturing,2016,6.5388,28.27,6.237,0.0
MPWR,Manufacturing,2017,7.1651,24.52,6.481,0.0
MPWR,Manufacturing,2018,6.2276,19.81,6.676,0.0
MPWR,Manufacturing,2019,8.1212,32.85,6.863,0.003
MPWR,Manufacturing,2020,13.7206,34.39,7.097,0.0032
MPWR,Manufacturing,2021,14.3933,34.39,7.369,0.0047
MPWR,Manufacturing,2023,12.4481,41.91,7.797,0.0038
MRK,Manufacturing,2002,2.8518,62.95,10.77,0.4697
MRK,Manufacturing,2003,2.6964,61.52,10.611,0.4363
MRK,Manufacturing,2004,1.8288,67.81,10.659,0.3975
MRK,Manufacturing,2005,1.7282,58.82,10.711,0.452
MRK,Manufacturing,2006,2.274,60.38,10.705,0.3893
MRK,Manufacturing,2007,2.7297,61.57,10.786,0.3156
MRK,Manufacturing,2008,1.4898,78.21,10.762,0.3327
MRK,Manufacturing,2009,1.1708,79.85,11.627,0.299
MRK,Manufacturing,2010,1.2191,84.51,11.569,0.3289
MRK,Manufacturing,2011,1.2571,75.66,11.563,0.3213
MRK,Manufacturing,2012,1.3613,77.82,11.572,0.3879
MRK,Manufacturing,2013,1.6241,78.26,11.568,0.5036
MRK,Manufacturing,2014,1.8567,70.82,11.496,0.44
MRK,Manufacturing,2015,1.7038,72.2,11.531,0.5935
MRK,Manufacturing,2016,1.9571,79.92,11.466,0.6197
MRK,Manufacturing,2017,2.0046,81.47,11.384,0.7109
MRK,Manufacturing,2018,2.7011,74.47,11.322,0.9406
MRK,Manufacturing,2019,3.0602,79.41,11.343,1.0557
MRK,Manufacturing,2020,2.6251,79.34,11.425,1.3214
MRK,Manufacturing,2021,2.1604,75.1,11.568,0.907
MRK,Manufacturing,2022,2.8725,75.1,11.601,0.6955
MRK,Manufacturing,2023,2.9273,75.14,11.578,0.9651
MRNA,"Professional, Scientific, and Technical Services",2019,4.2271,46.89,7.371,0.1157
MRNA,"Professional, Scientific, and Technical Services",2020,5.7108,52.97,8.901,0.0928
MRNA,"Professional, Scientific, and Technical Services",2021,4.1862,69.65,10.113,0.0648
MRNA,"Professional, Scientific, and Technical Services",2022,2.7208,69.65,10.16,0.0628
MRNA,"Professional, Scientific, and Technical Services",2023,2.1292,78.8,9.822,0.0897
MRO,Mining,2002,0.627,76.04,9.788,0.8994
MRO,Mining,2003,0.7509,66.83,9.877,0.7172
MRO,Mining,2004,0.7306,64.29,10.061,0.5022
MRO,Mining,2005,0.9255,60.45,10.258,0.3428
MRO,Mining,2006,1.158,39.56,10.336,0.2418
MRO,Mining,2007,1.1868,76.05,10.663,0.3753
MRO,Mining,2008,0.6228,83.28,10.662,0.3356
MRO,Mining,2009,0.6518,77.39,10.759,0.3894
MRO,Mining,2010,0.6836,77.37,10.82,0.3322
MRO,Mining,2011,0.8103,74.28,10.354,0.2807
MRO,Mining,2012,0.8093,71.25,10.472,0.3772
MRO,Mining,2013,0.8759,65.55,10.481,0.341
MRO,Mining,2014,0.7077,67.26,10.492,0.304
MRO,Mining,2015,0.489,67.3,10.383,0.3922
MRO,Mining,2016,0.7055,67.01,10.345,0.4147
MRO,Mining,2017,0.9033,66.87,9.999,0.4693
MRO,Mining,2018,0.8088,61.71,9.967,0.4534
MRO,Mining,2019,0.8159,64.1,9.916,0.4698
MRO,Mining,2020,0.6017,71.98,9.796,0.5247
MRO,Mining,2021,0.9596,69.38,9.741,0.3843
MRO,Mining,2022,1.1639,69.38,9.9,0.5329
MRO,Mining,2023,1.0021,67.87,9.882,0.5066
MS,Finance and Insurance,2002,0.7156,36.97,13.18,15.069
MS,Finance and Insurance,2003,0.6899,48.12,13.309,14.311
MS,Finance and Insurance,2004,0.6436,50.22,13.561,15.7376
MS,Finance and Insurance,2005,0.6513,42.41,13.709,18.0222
MS,Finance and Insurance,2006,0.6288,56.82,13.929,18.2355
MS,Finance and Insurance,2007,0.5529,56.82,13.86,17.3125
MS,Finance and Insurance,2008,0.6234,62.86,13.398,12.4784
MS,Finance and Insurance,2009,0.6518,73.25,13.556,12.4703
MS,Finance and Insurance,2010,0.6354,73.57,13.602,9.9145
MS,Finance and Insurance,2011,0.583,74.02,13.528,6.7396
MS,Finance and Insurance,2012,0.5791,71.31,13.568,6.8399
MS,Finance and Insurance,2013,0.5607,66.51,13.632,6.4738
MS,Finance and Insurance,2014,0.5091,69.22,13.594,5.1227
MS,Finance and Insurance,2015,0.4608,66.91,13.577,4.46
MS,Finance and Insurance,2016,0.4989,73.25,13.611,4.7903
MS,Finance and Insurance,2017,0.5302,68.57,13.655,5.1944
MS,Finance and Insurance,2018,0.4874,65.85,13.657,4.8598
MS,Finance and Insurance,2019,0.4943,61.28,13.705,4.9444
MS,Finance and Insurance,2020,0.4824,60.7,13.925,4.4767
MS,Finance and Insurance,2021,0.5072,68.81,13.988,4.3883
MS,Finance and Insurance,2022,0.491,68.81,13.981,4.7822
MS,Finance and Insurance,2023,0.5206,59.99,13.993,5.2032
MSCI,Information,2009,2.9763,7.27,7.09,0.7489
MSCI,Information,2010,1.7643,13.0,8.014,1.1691
MSCI,Information,2011,1.6387,13.63,8.037,0.8249
MSCI,Information,2012,1.5158,15.96,8.013,0.5997
MSCI,Information,2013,1.9047,15.62,8.05,0.5124
MSCI,Information,2014,2.1135,23.41,7.97,0.5583
MSCI,Information,2015,2.8171,25.79,8.054,1.752
MSCI,Information,2016,3.006,45.11,8.034,6.5339
MSCI,Information,2017,4.1152,55.55,8.094,5.1821
MSFT,Information,2002,4.3334,30.68,11.122,0.0
MSFT,Information,2003,3.4707,21.29,11.284,0.0
MSFT,Information,2004,3.3577,49.73,11.434,0.0
MSFT,Information,2006,3.3686,50.51,11.15,0.0
MSFT,Information,2007,4.3759,82.06,11.054,0.0
MSFT,Information,2008,3.4584,85.69,11.195,0.0
MSFT,Information,2009,2.7925,88.47,11.263,0.1456
MSFT,Information,2010,2.3851,92.6,11.363,0.1286
MSFT,Information,2011,2.1131,92.53,11.596,0.2088
MSFT,Information,2012,2.2126,88.01,11.706,0.18
MSFT,Information,2013,2.1294,92.28,11.867,0.1976
MSFT,Information,2014,2.1244,92.39,12.057,0.2522
MSFT,Information,2015,2.2113,92.84,12.08,0.4407
MSFT,Information,2016,2.3439,91.29,12.174,0.7566
MSFT,Information,2017,2.5718,90.59,12.393,1.2253
MSFT,Information,2018,3.2627,93.03,12.464,1.0579
MSFT,Information,2019,3.8747,92.89,12.566,0.8449
MSFT,Information,2020,5.3861,93.23,12.616,0.6941
MSFT,Information,2021,6.349,92.71,12.718,0.5795
MSFT,Information,2022,5.4692,88.11,12.807,0.4708
MSFT,Information,2023,6.3361,88.11,12.929,0.3852
MSI,Manufacturing,2002,0.9415,41.08,10.347,0.8277
MSI,Manufacturing,2003,1.2711,35.14,10.377,0.635
MSI,Manufacturing,2004,1.5344,46.92,10.338,0.3972
MSI,Manufacturing,2005,1.7042,52.76,10.481,0.2551
MSI,Manufacturing,2006,1.3911,53.5,10.561,0.2565
MSI,Manufacturing,2007,1.1669,72.32,10.458,0.2799
MSI,Manufacturing,2008,0.512,80.52,10.235,0.4401
MSI,Manufacturing,2009,0.8531,70.65,10.15,0.3991
MSI,Manufacturing,2010,0.9442,75.31,10.149,0.2571
MSI,Manufacturing,2011,1.1697,62.09,9.542,0.2944
MSI,Manufacturing,2012,1.3594,69.3,9.448,0.5706
MSI,Manufacturing,2013,1.6572,72.65,9.38,0.6726
MSI,Manufacturing,2014,1.7408,73.61,9.252,1.2431
MSI,Manufacturing,2022,3.8799,86.22,9.458,56.4741
MSI,Manufacturing,2023,4.393,81.92,9.498,9.047
MTB,Finance and Insurance,2002,0.4591,13.49,10.41,2.4913
MTB,Finance and Insurance,2003,0.4372,28.03,10.816,1.7452
MTB,Finance and Insurance,2004,0.4435,30.96,10.877,1.929
MTB,Finance and Insurance,2005,0.4274,36.13,10.918,1.9314
MTB,Finance and Insurance,2006,0.4109,30.89,10.952,1.5897
MTB,Finance and Insurance,2007,0.3869,29.2,11.08,2.4887
MTB,Finance and Insurance,2008,0.3255,30.55,11.095,2.4263
MTB,Finance and Insurance,2009,0.2989,31.79,11.14,1.806
MTB,Finance and Insurance,2010,0.2824,31.0,11.128,1.1537
MTB,Finance and Insurance,2011,0.219,33.77,11.263,0.8884
MTB,Finance and Insurance,2012,0.2205,34.86,11.327,0.609
MTB,Finance and Insurance,2013,0.2415,29.61,11.352,0.5151
MTB,Finance and Insurance,2014,0.2671,36.6,11.479,0.8285
MTB,Finance and Insurance,2015,0.2616,42.96,11.718,0.8557
MTB,Finance and Insurance,2016,0.2761,45.12,11.724,0.6331
MTB,Finance and Insurance,2017,0.2865,45.12,11.683,0.5537
MTB,Finance and Insurance,2018,0.272,45.69,11.696,0.9026
MTB,Finance and Insurance,2019,0.2478,51.86,11.694,0.5209
MTB,Finance and Insurance,2020,0.149,67.37,11.868,0.3286
MTB,Finance and Insurance,2021,0.153,71.7,11.952,0.2454
MTB,Finance and Insurance,2022,0.1633,71.7,12.21,0.3531
MTB,Finance and Insurance,2023,0.1777,84.43,12.247,0.5706
MTCH,Information,2015,1.3003,6.65,8.558,0.991
MTCH,Information,2016,1.438,9.19,8.444,0.8573
MTCH,Information,2017,2.0614,14.15,8.677,0.8202
MTCH,Information,2018,2.5586,21.4,8.836,0.7947
MTCH,Information,2019,2.9346,23.47,9.028,1.1473
MTD,Manufacturing,2008,1.6351,25.55,7.416,0.9023
MTD,Manufacturing,2009,2.2385,25.55,7.449,0.4128
MTD,Manufacturing,2010,2.4459,32.89,7.733,0.8829
MTD,Manufacturing,2011,2.3468,26.13,7.698,0.6465
MTD,Manufacturing,2012,2.9598,28.75,7.658,0.4699
MTD,Manufacturing,2013,3.5146,55.32,7.675,0.4417
MTD,Manufacturing,2014,4.4768,55.14,7.605,0.6281
MTD,Manufacturing,2015,4.8445,51.22,7.61,1.019
MTD,Manufacturing,2016,5.4389,46.33,7.681,2.0555
MTD,Manufacturing,2017,6.5899,46.33,7.844,1.7904
MTD,Manufacturing,2018,5.7774,71.11,7.87,1.7535
MTD,Manufacturing,2019,7.3558,68.24,7.934,3.279
MTD,Manufacturing,2020,10.0137,70.59,7.943,5.0713
MTD,Manufacturing,2021,12.195,70.74,8.11,10.5057
MTD,Manufacturing,2022,9.7731,70.74,8.158,85.9393
MU,Manufacturing,2002,1.4472,22.32,8.93,0.0847
MU,Manufacturing,2003,1.3985,23.96,8.876,0.252
MU,Manufacturing,2005,1.0685,28.73,8.988,0.208
MU,Manufacturing,2006,1.1164,32.95,9.411,0.0855
MU,Manufacturing,2007,0.7573,31.56,9.604,0.3282
MU,Manufacturing,2008,0.4506,35.36,9.505,0.4571
MU,Manufacturing,2011,0.5345,37.31,9.599,0.2442
MU,Manufacturing,2012,0.6778,33.16,9.57,0.4405
MU,Manufacturing,2013,1.0666,41.89,9.858,0.6803
MU,Manufacturing,2014,1.8552,35.98,10.021,0.6275
MU,Manufacturing,2016,0.9826,47.81,10.223,0.8204
MU,Manufacturing,2017,1.3212,57.3,10.473,0.5979
MU,Manufacturing,2018,1.5126,67.11,10.678,0.1436
MU,Manufacturing,2019,1.1439,71.63,10.797,0.1631
MU,Manufacturing,2020,1.0773,71.63,10.891,0.184
MU,Manufacturing,2021,1.526,72.64,10.983,0.167
MU,Manufacturing,2022,1.0473,72.99,11.102,0.1518
MU,Manufacturing,2023,1.413,67.99,11.071,0.3173
NCLH,Transportation and Warehousing,2014,1.4541,25.8,9.356,1.7574
NCLH,Transportation and Warehousing,2015,1.6101,28.88,9.414,1.6921
NCLH,Transportation and Warehousing,2016,1.2381,50.93,9.471,1.4101
NCLH,Transportation and Warehousing,2017,1.3109,50.93,9.554,1.097
NCLH,Transportation and Warehousing,2018,1.0337,49.98,9.629,1.0887
NCLH,Transportation and Warehousing,2019,1.1684,49.09,9.722,1.0817
NCLH,Transportation and Warehousing,2020,1.0889,65.68,9.82,2.7581
NCLH,Transportation and Warehousing,2021,1.1638,73.62,9.838,5.4063
NCLH,Transportation and Warehousing,2022,1.0458,73.62,9.829,207.7428
NCLH,Transportation and Warehousing,2023,1.193,74.65,9.878,48.9576
NDAQ,Finance and Insurance,2008,0.5914,27.2,9.449,0.5938
NDAQ,Finance and Insurance,2009,0.5859,44.56,9.28,0.4246
NDAQ,Finance and Insurance,2010,0.6129,41.09,9.693,1.2213
NDAQ,Finance and Insurance,2011,0.7179,30.44,9.553,1.1781
NDAQ,Finance and Insurance,2012,0.6696,48.85,9.12,0.3794
NDAQ,Finance and Insurance,2013,0.7454,41.71,9.44,0.4259
NDAQ,Finance and Insurance,2014,0.8611,48.57,9.4,0.3993
NDAQ,Finance and Insurance,2015,1.0052,46.61,9.381,0.4215
NDAQ,Finance and Insurance,2016,1.0448,67.19,9.557,0.6635
NDAQ,Finance and Insurance,2017,1.0814,62.08,9.667,0.7146
NDAQ,Finance and Insurance,2018,1.1021,66.44,9.661,0.7031
NDAQ,Finance and Insurance,2019,1.5413,74.23,9.541,0.6702
NDAQ,Finance and Insurance,2020,1.5501,76.25,9.797,0.929
NDAQ,Finance and Insurance,2021,2.0511,76.89,9.909,0.9778
NDAQ,Finance and Insurance,2022,1.7282,76.89,9.946,0.96
NDAQ,Finance and Insurance,2023,1.374,77.59,10.383,1.0108
NDSN,Manufacturing,2012,2.4283,45.33,7.512,0.9699
NDSN,Manufacturing,2013,2.594,45.11,7.622,0.7526
NDSN,Manufacturing,2014,2.454,32.22,7.732,0.9018
NDSN,Manufacturing,2015,2.2103,30.03,7.767,1.7139
NDSN,Manufacturing,2016,2.7812,31.04,7.792,1.173
NDSN,Manufacturing,2017,2.6093,40.02,8.136,1.3825
NDSN,Manufacturing,2018,2.4691,41.63,8.138,0.915
NDSN,Manufacturing,2019,2.9266,38.41,8.165,0.7963
NDSN,Manufacturing,2020,3.3971,38.41,8.209,0.7099
NDSN,Manufacturing,2021,4.1506,64.64,8.24,0.4407
NDSN,Manufacturing,2022,3.5888,64.64,8.248,0.375
NDSN,Manufacturing,2023,2.6623,66.54,8.566,0.717
NEE,Utilities,2002,0.9642,36.34,9.893,1.2664
NEE,Utilities,2003,0.8192,34.1,10.201,1.4368
NEE,Utilities,2004,0.8351,31.93,10.252,1.2928
NEE,Utilities,2005,0.8185,47.29,10.404,1.2474
NEE,Utilities,2006,0.9557,44.28,10.491,1.242
NEE,Utilities,2007,1.0295,54.02,10.6,1.276
NEE,Utilities,2008,0.8404,57.73,10.71,1.4627
NEE,Utilities,2009,0.8407,57.73,10.788,1.4567
NEE,Utilities,2010,0.8058,71.73,10.878,1.4399
NEE,Utilities,2011,0.8445,65.45,10.954,1.537
NEE,Utilities,2012,0.8798,65.67,11.073,1.7027
NEE,Utilities,2013,0.9475,67.13,11.146,1.5757
NEE,Utilities,2014,1.0158,69.41,11.224,1.4573
NEE,Utilities,2015,0.9406,74.31,11.32,1.3151
NEE,Utilities,2016,0.9639,72.79,11.407,1.267
NEE,Utilities,2017,1.1106,74.72,11.491,1.2437
NEE,Utilities,2018,1.1649,71.45,11.549,1.1045
NEE,Utilities,2019,1.368,76.22,11.676,1.1507
NEE,Utilities,2020,1.5609,78.02,11.757,1.3171
NEE,Utilities,2021,1.6897,76.97,11.856,1.4738
NEE,Utilities,2022,1.4539,76.97,11.976,1.6561
NEE,Utilities,2023,1.1147,72.43,12.087,1.5423
NEM,Mining,2006,1.4241,66.45,9.655,0.2047
NEM,Mining,2007,1.6055,76.79,9.655,0.3892
NEM,Mining,2008,1.3921,78.51,9.67,0.4987
NEM,Mining,2009,1.2568,81.51,10.012,0.4493
NEM,Mining,2010,1.3525,81.68,10.153,0.3328
NEM,Mining,2011,1.2376,85.22,10.221,0.3344
NEM,Mining,2012,0.9904,83.65,10.297,0.4573
NEM,Mining,2013,0.735,81.17,10.117,0.6646
NEM,Mining,2014,0.645,82.82,10.123,0.6469
NEM,Mining,2015,0.626,80.04,10.134,0.5494
NEM,Mining,2016,1.0788,81.79,9.954,0.4305
NEM,Mining,2017,1.1704,82.12,9.931,0.3832
NEM,Mining,2018,1.0972,87.72,9.939,0.4057
NEM,Mining,2019,1.0511,86.56,10.596,0.3225
NEM,Mining,2020,1.3228,85.15,10.63,0.296
NEM,Mining,2021,1.3663,84.64,10.611,0.2862
NEM,Mining,2022,1.132,84.64,10.558,0.3168
NEM,Mining,2023,1.029,90.16,10.924,0.3251
NFLX,Information,2009,4.6812,22.65,6.522,1.195
NFLX,Information,2010,9.6837,11.07,6.89,0.814
NFLX,Information,2011,1.3921,11.21,8.029,0.6753
NFLX,Information,2012,1.4017,7.11,8.286,0.5574
NFLX,Information,2013,4.1526,6.57,8.596,0.3979
NFLX,Information,2014,3.0565,15.07,8.862,0.5004
NFLX,Information,2015,5.0299,15.04,9.23,1.0665
NFLX,Information,2016,4.1662,15.92,9.517,1.2554
NFLX,Information,2017,4.7175,20.84,9.853,1.8145
NFLX,Information,2018,4.8979,21.49,10.165,1.9776
NFLX,Information,2019,4.6609,31.5,10.433,2.1593
NFLX,Information,2020,6.5681,26.32,10.578,1.6729
NFLX,Information,2021,6.4053,26.77,10.705,1.1431
NFLX,Information,2022,3.0509,26.77,10.791,0.8149
NFLX,Information,2023,4.672,39.97,10.794,0.8244
NI,Utilities,2002,0.7389,25.54,9.735,1.7985
NI,Utilities,2003,0.7556,21.47,9.719,1.5398
NI,Utilities,2004,0.7422,24.28,9.74,1.3461
NI,Utilities,2005,0.6847,21.55,9.796,1.3399
NI,Utilities,2006,0.7175,32.06,9.807,1.283
NI,Utilities,2007,0.6592,34.17,9.798,1.3177
NI,Utilities,2008,0.5284,36.77,9.905,1.6022
NI,Utilities,2009,0.573,36.77,9.866,1.3983
NI,Utilities,2010,0.6152,47.52,9.9,1.4935
NI,Utilities,2011,0.7082,47.52,9.938,1.5916
NI,Utilities,2012,0.7245,53.59,9.992,1.4589
NI,Utilities,2013,0.8452,56.54,10.028,1.5007
NI,Utilities,2014,0.9413,61.01,10.121,1.6193
NI,Utilities,2015,0.7532,55.3,9.77,1.8081
NI,Utilities,2016,0.8059,62.04,9.836,1.9427
NI,Utilities,2017,0.8844,62.04,9.902,2.0838
NI,Utilities,2018,0.8518,70.79,9.99,1.8749
NI,Utilities,2019,0.8979,65.83,10.028,1.901
NI,Utilities,2020,0.8518,65.46,10.001,2.0086
NI,Utilities,2021,0.8704,65.46,10.092,1.8212
NI,Utilities,2022,0.8473,65.18,10.194,1.883
NKE,Manufacturing,2004,2.5275,38.67,9.082,0.1352
NKE,Manufacturing,2005,2.155,64.69,9.197,0.1129
NKE,Manufacturing,2006,2.7144,64.69,9.277,0.077
NKE,Manufacturing,2007,2.7487,61.9,9.429,0.0799
NKE,Manufacturing,2008,2.1518,61.83,9.492,0.0934
NKE,Manufacturing,2009,2.4706,59.06,9.576,0.0607
NKE,Manufacturing,2010,2.6794,70.94,9.616,0.0674
NKE,Manufacturing,2011,3.2287,63.12,9.646,0.0371
NKE,Manufacturing,2012,3.2184,67.95,9.775,0.1317
NKE,Manufacturing,2013,3.6764,64.93,9.831,0.1337
NKE,Manufacturing,2014,4.0924,75.41,9.98,0.0996
NKE,Manufacturing,2015,4.4377,65.44,9.971,0.1689
NKE,Manufacturing,2016,3.9066,70.98,10.054,0.3064
NKE,Manufacturing,2017,5.2699,71.16,10.023,0.3883
NKE,Manufacturing,2018,5.2466,71.08,10.074,0.3848
NKE,Manufacturing,2019,5.3156,71.79,10.353,1.6158
NKE,Manufacturing,2020,6.0452,73.0,10.538,1.0036
NKE,Manufacturing,2021,4.9438,73.26,10.605,0.8263
NKE,Manufacturing,2022,4.6202,73.26,10.533,0.8672
NOC,Manufacturing,2002,0.6467,34.62,10.652,0.6719
NOC,Manufacturing,2003,0.7133,23.91,10.405,0.3947
NOC,Manufacturing,2004,0.7589,31.07,10.415,0.3298
NOC,Manufacturing,2005,0.7709,33.39,10.44,0.3265
NOC,Manufacturing,2006,0.8726,29.3,10.374,0.2716
NOC,Manufacturing,2007,0.9281,46.62,10.416,0.2491
NOC,Manufacturing,2008,0.6184,46.62,10.315,0.3309
NOC,Manufacturing,2009,0.7085,67.34,10.317,0.3385
NOC,Manufacturing,2010,0.7535,72.35,10.355,0.3562
NOC,Manufacturing,2011,0.7397,64.99,10.143,0.382
NOC,Manufacturing,2012,0.7573,68.26,10.187,0.4136
NOC,Manufacturing,2013,1.1701,66.4,10.18,0.5584
NOC,Manufacturing,2014,1.3265,65.3,10.188,0.8194
NOC,Manufacturing,2015,1.6667,74.51,10.105,1.1818
NOC,Manufacturing,2016,1.8657,79.7,10.151,1.3444
NOC,Manufacturing,2017,1.9674,81.07,10.461,2.166
NOC,Manufacturing,2018,1.4973,76.73,10.536,1.7831
NOC,Manufacturing,2019,1.7811,77.6,10.623,1.7517
NOC,Manufacturing,2020,1.5159,79.51,10.703,1.57
NOC,Manufacturing,2021,1.765,72.72,10.659,1.1339
NOC,Manufacturing,2022,2.2526,72.72,10.686,0.9796
NOC,Manufacturing,2023,1.8546,70.77,10.748,1.0847
NOW,"Professional, Scientific, and Technical Services",2014,7.4297,26.86,7.262,1.0352
NOW,"Professional, Scientific, and Technical Services",2015,7.9644,24.17,7.499,0.8372
NOW,"Professional, Scientific, and Technical Services",2016,6.3698,19.66,7.618,1.3123
NOW,"Professional, Scientific, and Technical Services",2017,7.0329,26.6,8.131,2.0089
NOW,"Professional, Scientific, and Technical Services",2018,8.4405,31.22,8.263,0.5955
NOW,"Professional, Scientific, and Technical Services",2019,9.0693,35.76,8.703,0.5314
NOW,"Professional, Scientific, and Technical Services",2020,12.6142,51.02,9.073,0.7533
NOW,"Professional, Scientific, and Technical Services",2021,12.2043,54.08,9.287,0.5992
NOW,"Professional, Scientific, and Technical Services",2022,6.0911,54.08,9.495,0.4436
NOW,"Professional, Scientific, and Technical Services",2023,8.45,59.51,9.763,0.2994
NSC,Transportation and Warehousing,2006,1.0266,45.77,10.167,0.7003
NSC,Transportation and Warehousing,2007,0.9804,55.85,10.171,0.6683
NSC,Transportation and Warehousing,2008,0.9138,55.85,10.177,0.7078
NSC,Transportation and Warehousing,2009,0.973,63.16,10.217,0.7038
NSC,Transportation and Warehousing,2010,1.05,60.77,10.247,0.6709
NSC,Transportation and Warehousing,2011,1.1124,60.77,10.259,0.7742
NSC,Transportation and Warehousing,2012,0.9306,64.88,10.32,0.9032
NSC,Transportation and Warehousing,2013,1.1777,62.41,10.388,0.8487
NSC,Transportation and Warehousing,2014,1.2964,62.57,10.412,0.75
NSC,Transportation and Warehousing,2015,1.038,63.89,10.442,0.8511
NSC,Transportation and Warehousing,2016,1.2002,70.32,10.46,0.8455
NSC,Transportation and Warehousing,2017,1.4363,71.97,10.483,0.6184
NSC,Transportation and Warehousing,2018,1.4216,67.35,10.498,0.7437
NSC,Transportation and Warehousing,2019,1.6634,65.77,10.543,0.8571
NSC,Transportation and Warehousing,2020,1.9374,64.81,10.544,0.9227
NSC,Transportation and Warehousing,2021,2.2416,64.26,10.558,1.084
NSC,Transportation and Warehousing,2022,1.8601,64.26,10.568,1.2665
NSC,Transportation and Warehousing,2023,1.7154,66.69,10.637,1.4166
NTAP,Manufacturing,2001,5.2742,12.12,7.011,0.0
NTAP,Manufacturing,2002,3.4243,22.72,7.185,0.0
NTAP,Manufacturing,2003,3.5438,20.65,7.538,0.0
NTAP,Manufacturing,2004,4.1247,14.93,7.772,0.0
NTAP,Manufacturing,2005,4.3663,9.63,8.09,0.156
NTAP,Manufacturing,2006,3.7563,24.68,8.205,0.0428
NTAP,Manufacturing,2007,2.0737,26.7,8.312,0.1015
NTAP,Manufacturing,2008,1.3421,27.82,8.608,0.761
NTAP,Manufacturing,2009,2.0236,31.97,8.779,0.4353
NTAP,Manufacturing,2010,2.3979,35.13,9.048,0.3084
NTAP,Manufacturing,2011,1.6111,27.65,9.162,0.28
NTAP,Manufacturing,2012,1.307,33.45,9.327,0.4775
NTAP,Manufacturing,2013,1.3614,26.13,9.129,0.2629
NTAP,Manufacturing,2014,1.3385,51.86,9.149,0.4357
NTAP,Manufacturing,2015,0.8949,47.93,9.214,0.8119
NTAP,Manufacturing,2016,1.3529,56.56,9.158,0.7637
NTAP,Manufacturing,2017,1.9703,57.49,9.197,0.9318
NTAP,Manufacturing,2018,2.2054,55.58,9.076,1.645
NTAP,Manufacturing,2019,1.5152,56.56,8.926,7.4876
NTAP,Manufacturing,2020,2.0655,65.74,9.144,4.0175
NTAP,Manufacturing,2021,1.9006,67.05,9.213,3.5084
NTAP,Manufacturing,2022,1.6314,66.25,9.192,2.3158
NTRS,Finance and Insurance,2002,0.414,23.48,10.584,2.988
NTRS,Finance and Insurance,2003,0.4814,37.21,10.632,3.1969
NTRS,Finance and Insurance,2004,0.4234,38.26,10.721,2.5878
NTRS,Finance and Insurance,2005,0.3776,45.84,10.886,2.4626
NTRS,Finance and Insurance,2006,0.3962,27.02,11.014,2.7329
NTRS,Finance and Insurance,2007,0.3823,51.06,11.122,1.9851
NTRS,Finance and Insurance,2008,0.2476,69.1,11.315,1.7741
NTRS,Finance and Insurance,2009,0.3299,67.33,11.316,2.2864
NTRS,Finance and Insurance,2010,0.2781,65.85,11.337,1.4489
NTRS,Finance and Insurance,2011,0.17,71.13,11.515,1.0513
NTRS,Finance and Insurance,2012,0.184,71.25,11.487,0.7907
NTRS,Finance and Insurance,2013,0.2148,69.62,11.542,0.9383
NTRS,Finance and Insurance,2014,0.2058,57.57,11.608,0.8551
NTRS,Finance and Insurance,2015,0.211,55.06,11.668,0.9738
NTRS,Finance and Insurance,2016,0.236,56.76,11.727,1.0005
NTRS,Finance and Insurance,2017,0.2524,52.51,11.839,1.328
NTRS,Finance and Insurance,2018,0.2449,57.46,11.792,1.4612
NTRS,Finance and Insurance,2019,0.2534,60.8,11.826,1.2619
NTRS,Finance and Insurance,2020,0.1706,66.37,12.044,0.8888
NTRS,Finance and Insurance,2021,0.181,72.37,12.122,0.7573
NTRS,Finance and Insurance,2022,0.2188,72.37,11.951,1.4914
NTRS,Finance and Insurance,2023,0.2337,71.09,11.924,1.628
NUE,Manufacturing,2002,0.9412,18.57,8.385,0.3851
NUE,Manufacturing,2003,1.1808,22.77,8.41,0.3858
NUE,Manufacturing,2004,1.5118,22.52,8.721,0.2672
NUE,Manufacturing,2005,1.579,17.32,8.873,0.2158
NUE,Manufacturing,2006,2.2032,16.33,8.973,0.1911
NUE,Manufacturing,2007,1.967,39.6,9.193,0.4446
NUE,Manufacturing,2008,1.2816,42.86,9.538,0.4131
NUE,Manufacturing,2009,1.4139,65.98,9.439,0.4178
NUE,Manufacturing,2010,1.3024,51.17,9.541,0.603
NUE,Manufacturing,2011,1.1541,52.4,9.587,0.5729
NUE,Manufacturing,2012,1.2274,48.8,9.558,0.479
NUE,Manufacturing,2013,1.4077,50.47,9.629,0.5767
NUE,Manufacturing,2014,1.2971,51.47,9.656,0.5928
NUE,Manufacturing,2015,1.2103,61.86,9.565,0.5977
NUE,Manufacturing,2016,1.5324,57.29,9.631,0.5529
NUE,Manufacturing,2017,1.5158,57.29,9.67,0.4343
NUE,Manufacturing,2018,1.1229,52.58,9.794,0.4382
NUE,Manufacturing,2019,1.1699,48.43,9.817,0.4321
NUE,Manufacturing,2020,1.0689,54.3,9.91,0.5039
NUE,Manufacturing,2021,1.428,54.3,10.159,0.4123
NUE,Manufacturing,2022,1.238,55.09,10.388,0.3691
NUE,Manufacturing,2023,1.4027,54.57,10.473,0.3319
NVDA,Manufacturing,2001,6.7466,13.97,7.315,0.4055
NVDA,Manufacturing,2002,1.1991,17.84,7.388,0.333
NVDA,Manufacturing,2003,2.6135,21.61,7.244,0.0046
NVDA,Manufacturing,2004,2.3521,15.81,7.395,0.0007
NVDA,Manufacturing,2005,3.9442,22.05,7.578,0.0
NVDA,Manufacturing,2006,4.1358,39.57,7.892,0.0
NVDA,Manufacturing,2007,3.6554,46.73,8.229,0.0
NVDA,Manufacturing,2008,1.2855,43.67,8.117,0.0111
NVDA,Manufacturing,2009,2.4168,60.7,8.185,0.0096
NVDA,Manufacturing,2010,3.1374,57.02,8.411,0.0079
NVDA,Manufacturing,2011,1.6326,63.48,8.622,0.0057
NVDA,Manufacturing,2012,1.1826,75.88,8.766,0.0044
NVDA,Manufacturing,2013,1.4197,78.29,8.889,0.3089
NVDA,Manufacturing,2014,1.6479,74.46,8.882,0.3173
NVDA,Manufacturing,2015,2.3352,73.31,8.905,0.3184
NVDA,Manufacturing,2016,6.7736,77.02,9.194,0.484
NVDA,Manufacturing,2017,13.4289,75.76,9.327,0.2677
NVDA,Manufacturing,2018,6.7033,74.52,9.495,0.2128
NVDA,Manufacturing,2019,8.5093,79.34,9.759,0.2166
NVDA,Manufacturing,2020,11.4572,77.33,10.268,0.4569
NVDA,Manufacturing,2021,14.1546,76.08,10.696,0.4446
NVDA,Manufacturing,2022,11.991,75.3,10.626,0.5444
NVDA,Manufacturing,2023,23.2333,75.3,11.093,0.2572
NVR,Construction,2004,2.9651,11.2,7.483,0.2561
NVR,Construction,2005,1.9448,18.95,7.727,0.6839
NVR,Construction,2006,1.5829,16.21,7.814,0.3096
NVR,Construction,2007,1.3574,19.0,7.694,0.2535
NVR,Construction,2008,1.3003,14.32,7.651,0.1531
NVR,Construction,2009,1.8268,15.2,7.781,0.0842
NVR,Construction,2010,1.7759,19.17,7.723,0.0573
NVR,Construction,2011,1.9224,26.83,7.484,0.0048
NVR,Construction,2012,1.9676,20.35,7.865,0.4082
NVR,Construction,2013,2.0722,14.88,7.818,0.4777
NVR,Construction,2014,2.451,16.86,7.763,0.533
NVR,Construction,2015,2.78,25.54,7.83,0.4836
NVR,Construction,2016,2.5568,27.72,7.88,0.4572
NVR,Construction,2017,4.5315,30.05,8.003,0.3719
NVR,Construction,2018,2.943,27.32,8.06,0.3305
NVR,Construction,2019,3.813,25.23,8.245,0.2951
NVR,Construction,2020,2.8875,25.23,8.662,0.5176
NVR,Construction,2021,3.7663,29.5,8.672,0.535
NVR,Construction,2022,2.8035,29.95,8.641,0.2916
NVR,Construction,2023,3.5439,34.29,8.795,0.2358
NWSA,Information,2014,0.63,29.41,9.71,0.0
NWSA,Information,2015,0.5622,40.96,9.622,0.0
NWSA,Information,2016,0.4493,39.65,9.647,0.0322
NWSA,Information,2017,0.5739,52.86,9.585,0.0351
NWSA,Information,2018,0.6723,52.86,9.702,0.2101
NWSA,Information,2019,0.595,49.89,9.662,0.1589
NWSA,Information,2020,0.6673,49.89,9.565,0.3345
NWSA,Information,2021,1.1209,49.26,9.727,0.435
NWSA,Information,2022,0.77,68.35,9.754,0.5054
NWSA,Information,2023,0.9078,68.35,9.736,0.5217
NXPI,Manufacturing,2014,3.158,52.84,8.838,7.4331
NXPI,Manufacturing,2015,1.4429,61.69,10.179,0.8
NXPI,Manufacturing,2016,1.6892,65.71,10.123,0.8401
NXPI,Manufacturing,2017,1.9426,62.77,10.088,0.4853
NXPI,Manufacturing,2018,1.3381,74.29,9.977,0.7
NXPI,Manufacturing,2019,2.1704,76.84,9.904,0.808
NXPI,Manufacturing,2020,2.6424,79.04,9.896,0.8772
NXPI,Manufacturing,2021,3.4106,78.59,9.946,1.6558
NXPI,Manufacturing,2022,2.2562,78.59,10.053,1.5334
NXPI,Manufacturing,2023,2.8951,78.27,10.1,1.3228
O,Real Estate Rental and Leasing,2009,1.3918,30.34,7.978,0.9189
O,Real Estate Rental and Leasing,2010,1.5945,29.86,8.171,0.8729
O,Real Estate Rental and Leasing,2011,1.5189,42.26,8.394,0.9115
O,Real Estate Rental and Leasing,2012,1.5156,42.99,8.602,1.1954
O,Real Estate Rental and Leasing,2013,1.2003,42.52,9.203,0.7738
O,Real Estate Rental and Leasing,2014,1.4224,44.78,9.307,0.8792
O,Real Estate Rental and Leasing,2015,1.498,54.05,9.381,0.742
O,Real Estate Rental and Leasing,2016,1.5813,59.55,9.484,0.8637
O,Real Estate Rental and Leasing,2017,1.5879,62.13,9.551,0.8298
O,Real Estate Rental and Leasing,2018,1.681,54.25,9.633,0.8043
O,Real Estate Rental and Leasing,2019,1.7566,69.11,9.828,0.8215
O,Real Estate Rental and Leasing,2020,1.514,77.28,9.94,0.8136
O,Real Estate Rental and Leasing,2021,1.351,82.56,10.672,0.6366
O,Real Estate Rental and Leasing,2022,1.2176,82.56,10.813,0.6478
O,Real Estate Rental and Leasing,2023,1.1284,80.01,10.964,0.6675
ODFL,Transportation and Warehousing,2015,2.0758,20.06,7.811,0.0794
ODFL,Transportation and Warehousing,2016,2.6613,25.05,7.9,0.0567
ODFL,Transportation and Warehousing,2017,3.5626,30.49,8.029,0.0417
ODFL,Transportation and Warehousing,2018,2.8421,40.55,8.173,0.0168
ODFL,Transportation and Warehousing,2019,3.8129,38.15,8.293,0.0362
ODFL,Transportation and Warehousing,2020,5.2761,38.52,8.382,0.062
ODFL,Transportation and Warehousing,2021,8.5907,35.79,8.481,0.0551
ODFL,Transportation and Warehousing,2022,6.5054,35.79,8.484,0.0542
ODFL,Transportation and Warehousing,2023,8.0486,36.32,8.615,0.0471
OKE,Mining,2008,0.7279,39.34,9.482,3.1131
OKE,Mining,2009,0.7955,45.68,9.459,2.4847
OKE,Mining,2010,0.865,54.32,9.433,1.9957
OKE,Mining,2011,1.0723,55.55,9.525,2.5623
OKE,Mining,2012,1.0157,50.97,9.671,3.4482
OKE,Mining,2013,1.196,56.27,9.782,3.5631
OKE,Mining,2014,1.2174,48.67,9.636,13.9481
OKE,Mining,2015,0.9163,52.45,9.645,26.744
OKE,Mining,2016,1.3344,48.75,9.689,50.0195
OKE,Mining,2017,1.7758,48.75,9.732,1.6533
OKE,Mining,2018,1.7323,68.77,9.811,1.4258
OKE,Mining,2019,2.0181,62.0,9.99,2.0477
OKE,Mining,2020,1.3621,68.69,10.047,2.3768
OKE,Mining,2021,1.6922,61.63,10.07,2.287
OKE,Mining,2022,1.768,61.63,10.101,2.1133
OKE,Mining,2023,1.4166,69.33,10.698,1.3203
OMC,"Professional, Scientific, and Technical Services",2006,1.1376,36.43,9.807,0.7921
OMC,"Professional, Scientific, and Technical Services",2007,0.9563,44.5,9.866,0.7519
OMC,"Professional, Scientific, and Technical Services",2008,0.6573,44.5,9.76,0.8831
OMC,"Professional, Scientific, and Technical Services",2009,0.8021,47.34,9.794,0.5486
OMC,"Professional, Scientific, and Technical Services",2010,0.8332,42.85,9.882,0.9013
OMC,"Professional, Scientific, and Technical Services",2011,0.7528,43.11,9.928,0.9271
OMC,"Professional, Scientific, and Technical Services",2012,0.7946,39.33,10.006,1.3039
OMC,"Professional, Scientific, and Technical Services",2013,1.0522,44.28,10.003,1.1431
OMC,"Professional, Scientific, and Technical Services",2014,1.1011,39.63,9.979,1.6236
OMC,"Professional, Scientific, and Technical Services",2015,1.0296,55.65,10.004,1.8875
OMC,"Professional, Scientific, and Technical Services",2016,1.0791,47.16,10.05,2.3235
OMC,"Professional, Scientific, and Technical Services",2017,0.8741,53.97,10.124,1.9254
OMC,"Professional, Scientific, and Technical Services",2018,0.87,59.23,10.111,1.9706
OMC,"Professional, Scientific, and Technical Services",2019,0.9124,67.12,10.196,2.3996
OMC,"Professional, Scientific, and Technical Services",2020,0.7498,66.76,10.227,2.3732
OMC,"Professional, Scientific, and Technical Services",2021,0.7809,71.32,10.255,2.1016
OMC,"Professional, Scientific, and Technical Services",2022,0.8605,71.32,10.204,2.0608
OMC,"Professional, Scientific, and Technical Services",2023,0.8504,68.58,10.242,1.8585
ON,Manufacturing,2009,1.9475,52.97,7.789,0.9477
ON,Manufacturing,2010,1.7827,59.43,7.979,0.6507
ON,Manufacturing,2011,1.2079,64.24,8.264,0.8221
ON,Manufacturing,2012,1.2547,61.36,8.11,0.7434
ON,Manufacturing,2013,1.4031,61.47,8.089,0.648
ON,Manufacturing,2014,1.4622,55.28,8.249,0.7332
ON,Manufacturing,2015,1.4037,55.28,8.261,0.8667
ON,Manufacturing,2016,1.2951,59.44,8.843,1.9868
ON,Manufacturing,2017,1.6475,65.13,8.881,1.0623
ON,Manufacturing,2018,1.265,72.68,8.934,0.8721
ON,Manufacturing,2019,1.6325,76.07,9.039,1.1287
ON,Manufacturing,2020,1.9749,76.07,9.067,1.0285
ON,Manufacturing,2021,3.3914,73.5,9.172,0.7137
ON,Manufacturing,2022,2.5422,73.5,9.391,0.5676
ON,Manufacturing,2023,2.9693,69.12,9.489,0.4656
ORCL,Information,2002,6.1831,20.27,9.311,0.0519
ORCL,Information,2003,4.6322,30.19,9.454,0.0215
ORCL,Information,2004,3.3213,59.64,9.937,0.2632
ORCL,Information,2005,2.766,61.89,10.276,0.3926
ORCL,Information,2006,3.0825,41.37,10.451,0.4488
ORCL,Information,2007,2.7262,55.32,10.764,0.488
ORCL,Information,2008,2.2837,63.9,10.767,0.4081
ORCL,Information,2009,2.0802,57.36,11.028,0.4758
ORCL,Information,2010,2.575,57.36,11.206,0.4003
ORCL,Information,2011,1.8679,56.46,11.269,0.3771
ORCL,Information,2012,2.1444,55.44,11.312,0.4142
ORCL,Information,2013,2.3438,50.51,11.411,0.5157
ORCL,Information,2014,2.0814,44.43,11.616,0.8622
ORCL,Information,2015,1.8713,46.3,11.628,0.9274
ORCL,Information,2016,1.82,52.82,11.813,1.0752
ORCL,Information,2017,1.8021,52.42,11.83,1.3257
ORCL,Information,2018,2.0802,51.86,11.596,2.5782
ORCL,Information,2019,2.067,53.03,11.656,6.1036
ORCL,Information,2020,2.3538,51.16,11.784,16.6145
ORCL,Information,2022,2.8481,48.27,11.808,88.8444
ORLY,Retail Trade,2008,1.1631,32.32,8.341,0.321
ORLY,Retail Trade,2009,1.2613,15.29,8.473,0.2944
ORLY,Retail Trade,2010,1.7591,39.23,8.527,0.1118
ORLY,Retail Trade,2011,1.9936,35.95,8.613,0.2804
ORLY,Retail Trade,2012,1.9476,36.6,8.657,0.5198
ORLY,Retail Trade,2013,2.4775,38.38,8.711,0.7101
ORLY,Retail Trade,2014,3.2059,39.4,8.786,0.6919
ORLY,Retail Trade,2015,3.9179,30.78,8.806,0.7087
ORLY,Retail Trade,2016,3.8503,30.53,8.882,1.1597
ORLY,Retail Trade,2017,3.0714,38.94,8.932,4.5608
ORLY,Retail Trade,2018,3.8385,43.44,8.985,9.662
ORLY,Retail Trade,2019,3.6393,46.68,9.28,14.7528
ORLY,Retail Trade,2020,3.3072,37.78,9.358,43.9525
OXY,Mining,2002,0.9327,41.43,9.714,0.7414
OXY,Mining,2003,1.1473,47.44,9.807,0.5669
OXY,Mining,2004,1.2614,47.44,9.971,0.363
OXY,Mining,2005,1.3431,49.87,10.17,0.1958
OXY,Mining,2006,1.3546,48.96,10.385,0.1467
OXY,Mining,2007,1.7904,43.15,10.506,0.0794
OXY,Mining,2008,1.2369,60.9,10.634,0.1015
OXY,Mining,2009,1.5571,57.68,10.697,0.097
OXY,Mining,2010,1.6182,56.92,10.867,0.1573
OXY,Mining,2011,1.3634,69.68,11.003,0.1561
OXY,Mining,2012,1.0798,70.91,11.07,0.1905
OXY,Mining,2013,1.19,71.55,11.148,0.1609
OXY,Mining,2014,1.2257,71.55,10.938,0.1956
OXY,Mining,2015,1.3805,70.78,10.679,0.3422
OXY,Mining,2016,1.4905,67.91,10.671,0.4568
OXY,Mining,2017,1.5749,67.37,10.646,0.4777
OXY,Mining,2018,1.2841,77.46,10.689,0.4837
OXY,Mining,2019,0.703,75.7,11.602,1.6351
OXY,Mining,2020,0.6673,75.15,11.291,4.2332
OXY,Mining,2021,0.7659,76.17,11.226,2.8763
OXY,Mining,2022,1.0666,76.17,11.193,1.0217
OXY,Mining,2023,0.9921,74.39,11.212,0.9521
PANW,"Professional, Scientific, and Technical Services",2015,8.2655,24.9,7.583,0.9983
PANW,"Professional, Scientific, and Technical Services",2016,4.474,25.71,7.923,0.6434
PANW,"Professional, Scientific, and Technical Services",2017,3.6595,31.98,8.143,0.6908
PANW,"Professional, Scientific, and Technical Services",2018,3.5166,29.29,8.67,1.9869
PANW,"Professional, Scientific, and Technical Services",2019,3.5434,26.02,8.794,0.9015
PANW,"Professional, Scientific, and Technical Services",2020,3.1023,39.68,9.112,3.1572
PANW,"Professional, Scientific, and Technical Services",2021,4.1432,47.62,9.234,5.682
PANW,"Professional, Scientific, and Technical Services",2022,4.3845,43.96,9.414,19.12
PANW,"Professional, Scientific, and Technical Services",2023,5.475,43.96,9.582,1.3332
PARA,Information,2006,0.7125,36.54,10.681,0.2994
PARA,Information,2007,0.6282,36.54,10.607,0.3301
PARA,Information,2008,0.4645,38.06,10.199,0.8138
PARA,Information,2009,0.6112,38.06,10.202,0.7758
PARA,Information,2010,0.7252,48.31,10.171,0.611
PARA,Information,2011,0.9028,42.43,10.173,0.6038
PARA,Information,2012,1.1295,42.43,10.184,0.5798
PARA,Information,2013,1.6836,38.56,10.181,0.6458
PARA,Information,2015,1.2737,40.5,10.076,1.5186
PARA,Information,2016,1.4682,44.69,10.096,2.5413
PARA,Information,2017,1.5717,49.66,9.945,5.1375
PARA,Information,2018,1.2105,40.75,9.992,3.6205
PARA,Information,2019,0.9437,40.75,10.81,1.584
PARA,Information,2020,0.8471,56.3,10.872,1.4067
PARA,Information,2021,0.6685,71.51,10.979,0.8764
PARA,Information,2022,0.4887,71.51,10.975,0.7625
PARA,Information,2023,0.4814,70.69,10.888,0.7154
PAYC,Information,2015,2.481,30.43,6.776,0.263
PAYC,Information,2016,2.4456,25.16,6.983,0.2559
PAYC,Information,2017,3.4516,27.34,7.212,0.2607
PAYC,Information,2018,4.6309,25.57,7.328,0.1027
PAYC,Information,2019,6.1632,25.44,7.819,0.1164
PAYC,Information,2020,10.0353,30.08,7.866,0.0897
PAYC,Information,2021,7.5101,44.6,8.076,0.0672
PAYC,Information,2022,4.6193,44.6,8.269,0.0592
PAYC,Information,2023,2.802,65.57,8.342,0.0583
PAYX,"Professional, Scientific, and Technical Services",2002,3.115,11.98,8.214,0.0
PAYX,"Professional, Scientific, and Technical Services",2003,3.5891,23.12,8.282,0.0
PAYX,"Professional, Scientific, and Technical Services",2004,2.497,25.64,8.385,0.0
PAYX,"Professional, Scientific, and Technical Services",2005,2.5158,31.25,8.621,0.0
PAYX,"Professional, Scientific, and Technical Services",2006,2.4716,18.39,8.74,0.0
PAYX,"Professional, Scientific, and Technical Services",2007,2.3457,35.36,8.577,0.0
PAYX,"Professional, Scientific, and Technical Services",2008,1.9248,35.88,8.542,0.0
PAYX,"Professional, Scientific, and Technical Services",2009,1.9739,34.73,8.561,0.0
PAYX,"Professional, Scientific, and Technical Services",2010,2.1684,32.05,8.593,0.0
PAYX,"Professional, Scientific, and Technical Services",2011,1.6771,32.2,8.776,0.0
PAYX,"Professional, Scientific, and Technical Services",2012,2.2071,26.34,8.726,0.0
PAYX,"Professional, Scientific, and Technical Services",2013,2.3427,24.74,8.759,0.0
PAYX,"Professional, Scientific, and Technical Services",2014,2.7531,28.66,8.777,0.0
PAYX,"Professional, Scientific, and Technical Services",2015,3.0339,30.91,8.77,0.0
PAYX,"Professional, Scientific, and Technical Services",2016,3.115,31.84,8.83,0.0
PAYX,"Professional, Scientific, and Technical Services",2017,3.1544,34.7,8.918,0.0
PAYX,"Professional, Scientific, and Technical Services",2018,3.6446,41.88,9.068,0.304
PAYX,"Professional, Scientific, and Technical Services",2019,3.1424,46.88,9.054,0.3365
PAYX,"Professional, Scientific, and Technical Services",2020,4.0441,54.1,9.13,0.3141
PAYX,"Professional, Scientific, and Technical Services",2021,4.7194,58.98,9.173,0.2938
PAYX,"Professional, Scientific, and Technical Services",2022,3.6708,60.55,9.264,0.2536
PCAR,Manufacturing,2002,1.0279,12.92,9.071,1.3839
PCAR,Manufacturing,2003,1.3845,10.17,9.204,1.179
PCAR,Manufacturing,2004,1.5391,11.53,9.411,1.2824
PCAR,Manufacturing,2005,1.3086,13.4,9.526,1.6034
PCAR,Manufacturing,2006,1.4531,24.03,9.687,1.6337
PCAR,Manufacturing,2007,1.6181,23.53,9.754,1.571
PCAR,Manufacturing,2008,1.099,28.55,9.696,1.5443
PCAR,Manufacturing,2009,1.323,28.55,9.587,1.1899
PCAR,Manufacturing,2010,1.8422,31.38,9.563,0.9847
PCAR,Manufacturing,2011,1.1661,31.38,9.751,1.2407
PCAR,Manufacturing,2012,1.2807,47.48,9.832,1.3477
PCAR,Manufacturing,2013,1.418,45.25,9.939,1.2698
PCAR,Manufacturing,2014,1.5685,48.55,9.934,1.2189
PCAR,Manufacturing,2015,1.1958,55.19,9.957,1.2379
PCAR,Manufacturing,2016,1.4964,60.1,9.935,1.2505
PCAR,Manufacturing,2017,1.4456,63.3,10.062,1.103
PCAR,Manufacturing,2018,1.1677,63.57,10.146,1.158
PCAR,Manufacturing,2019,1.3629,67.05,10.253,1.1603
PCAR,Manufacturing,2020,1.4437,67.65,10.249,1.0486
PCAR,Manufacturing,2021,1.4034,65.86,10.285,0.9153
PCAR,Manufacturing,2022,1.3812,65.86,10.413,0.8747
PCAR,Manufacturing,2023,1.6022,65.31,10.617,0.901
PCG,Utilities,2006,0.7714,67.23,10.457,1.319
PCG,Utilities,2007,0.7073,80.66,10.509,1.2424
PCG,Utilities,2008,0.6319,80.66,10.618,1.2574
PCG,Utilities,2009,0.6833,85.85,10.668,1.2357
PCG,Utilities,2010,0.7019,84.49,10.737,1.1873
PCG,Utilities,2011,0.6207,79.24,10.815,1.1475
PCG,Utilities,2012,0.5856,85.82,10.868,1.0256
PCG,Utilities,2013,0.5966,85.59,10.926,1.0305
PCG,Utilities,2014,0.6822,86.5,11.004,0.9959
PCG,Utilities,2015,0.6849,89.74,11.056,1.0382
PCG,Utilities,2016,0.7178,87.88,11.136,1.0276
PCG,Utilities,2017,0.6206,85.64,11.127,0.9953
PCG,Utilities,2018,0.4462,88.86,11.251,1.7385
PCG,Utilities,2019,0.0944,79.17,11.353,0.4451
PCG,Utilities,2020,0.6881,76.61,11.491,2.0287
PCG,Utilities,2021,0.6801,78.74,11.546,2.2015
PCG,Utilities,2022,0.7237,78.74,11.684,2.3458
PCG,Utilities,2023,0.7653,79.72,11.742,2.3056
PEG,Utilities,2002,0.8,34.68,10.156,3.3514
PEG,Utilities,2003,0.8667,34.68,10.242,2.527
PEG,Utilities,2004,0.8996,23.39,10.282,2.4306
PEG,Utilities,2005,0.9805,39.24,10.303,2.1446
PEG,Utilities,2006,0.993,38.47,10.26,1.7193
PEG,Utilities,2007,1.2267,55.71,10.254,1.3495
PEG,Utilities,2008,0.8199,61.65,10.277,1.1655
PEG,Utilities,2009,0.8883,61.65,10.266,0.9895
PEG,Utilities,2010,0.8392,70.11,10.306,0.9347
PEG,Utilities,2011,0.8315,63.33,10.303,0.7881
PEG,Utilities,2012,0.7465,56.82,10.365,0.7609
PEG,Utilities,2013,0.766,58.22,10.39,0.7497
PEG,Utilities,2014,0.8516,52.99,10.473,0.7504
PEG,Utilities,2015,0.7854,52.23,10.533,0.7601
PEG,Utilities,2016,0.8469,58.66,10.598,0.8974
PEG,Utilities,2017,0.9275,64.62,10.662,0.9829
PEG,Utilities,2018,0.9202,69.65,10.722,1.0766
PEG,Utilities,2019,0.9698,61.53,10.773,1.0954
PEG,Utilities,2020,0.9373,63.57,10.821,1.0967
PEG,Utilities,2021,1.0877,60.51,10.8,1.3618
PEG,Utilities,2022,1.0452,60.51,10.794,1.4908
PEG,Utilities,2023,1.0029,58.11,10.834,1.3202
PEP,Manufacturing,2002,3.2143,41.16,10.064,0.2957
PEP,Manufacturing,2003,3.229,47.73,10.14,0.1928
PEP,Manufacturing,2004,3.2549,61.48,10.239,0.2543
PEP,Manufacturing,2005,3.2477,72.14,10.365,0.3633
PEP,Manufacturing,2006,3.5176,71.42,10.307,0.1828
PEP,Manufacturing,2007,3.6545,74.15,10.452,0.273
PEP,Manufacturing,2008,2.5917,73.26,10.491,0.6742
PEP,Manufacturing,2009,2.5852,83.94,10.593,0.4651
PEP,Manufacturing,2010,1.8808,86.83,11.13,1.1704
PEP,Manufacturing,2011,1.7912,84.39,11.197,1.2931
PEP,Manufacturing,2012,1.7955,71.79,11.22,1.2651
PEP,Manufacturing,2013,2.0193,79.29,11.258,1.2228
PEP,Manufacturing,2014,2.4054,76.84,11.163,1.661
PEP,Manufacturing,2015,2.5546,72.65,11.151,2.8012
PEP,Manufacturing,2016,2.514,81.52,11.214,3.3422
PEP,Manufacturing,2017,2.626,84.14,11.287,3.621
PEP,Manufacturing,2018,2.421,85.22,11.26,2.2263
PEP,Manufacturing,2019,2.8484,87.91,11.271,2.2743
PEP,Manufacturing,2020,2.6959,89.86,11.439,3.4074
PEP,Manufacturing,2021,3.0594,88.7,11.434,2.6415
PEP,Manufacturing,2022,3.1486,88.7,11.432,2.4192
PEP,Manufacturing,2023,2.7904,86.42,11.518,2.5434
PFE,Manufacturing,2002,4.3183,49.06,10.744,0.5919
PFE,Manufacturing,2003,2.4329,36.11,11.668,0.2237
PFE,Manufacturing,2004,1.7746,41.83,11.725,0.2724
PFE,Manufacturing,2005,1.6127,57.46,11.675,0.274
PFE,Manufacturing,2006,1.6762,48.02,11.651,0.1121
PFE,Manufacturing,2007,1.4472,62.96,11.655,0.2024
PFE,Manufacturing,2008,1.2304,62.96,11.619,0.3007
PFE,Manufacturing,2009,0.9179,73.15,12.269,0.541
PFE,Manufacturing,2010,0.9452,69.05,12.181,0.5017
PFE,Manufacturing,2011,1.0791,65.86,12.144,0.4741
PFE,Manufacturing,2012,1.1837,63.64,12.132,0.4612
PFE,Manufacturing,2013,1.3509,68.35,12.056,0.4784
PFE,Manufacturing,2014,1.3744,68.35,12.039,0.5147
PFE,Manufacturing,2015,1.4231,73.55,12.028,0.6025
PFE,Manufacturing,2016,1.394,71.31,12.053,0.7071
PFE,Manufacturing,2017,1.5137,70.75,12.054,0.6101
PFE,Manufacturing,2018,1.8271,67.65,11.979,0.6585
PFE,Manufacturing,2019,1.6138,73.71,12.029,0.8471
PFE,Manufacturing,2020,1.5963,73.71,11.946,0.6526
PFE,Manufacturing,2021,2.0568,77.71,12.109,0.5362
PFE,Manufacturing,2022,1.6572,77.71,12.192,0.4082
PFE,Manufacturing,2023,1.049,79.48,12.331,0.843
PFG,Finance and Insurance,2002,0.1332,37.2,11.406,0.285
PFG,Finance and Insurance,2003,0.1391,35.73,11.588,0.5926
PFG,Finance and Insurance,2004,0.118,27.63,11.642,0.1491
PFG,Finance and Insurance,2005,0.1156,27.63,11.752,0.1761
PFG,Finance and Insurance,2006,0.1211,22.62,11.875,0.2084
PFG,Finance and Insurance,2007,0.1264,20.26,11.948,0.2291
PFG,Finance and Insurance,2008,0.0597,20.26,11.761,0.7288
PFG,Finance and Insurance,2009,0.068,51.22,11.833,0.2145
PFG,Finance and Insurance,2010,0.0833,39.7,11.889,0.1743
PFG,Finance and Insurance,2011,0.0613,59.54,11.907,0.1744
PFG,Finance and Insurance,2012,0.0686,59.54,11.995,0.2794
PFG,Finance and Insurance,2013,0.0832,58.87,12.246,0.2861
PFG,Finance and Insurance,2014,0.0814,58.87,12.297,0.2528
PFG,Finance and Insurance,2015,0.0759,47.67,12.295,0.3739
PFG,Finance and Insurance,2016,0.087,53.91,12.337,0.3113
PFG,Finance and Insurance,2017,0.0931,55.14,12.445,0.2524
PFG,Finance and Insurance,2018,0.0645,63.42,12.401,0.2928
PFG,Finance and Insurance,2019,0.0698,62.84,12.528,0.2775
PFG,Finance and Insurance,2020,0.0614,62.84,12.6,0.2805
PFG,Finance and Insurance,2021,0.0774,68.43,12.627,0.2903
PFG,Finance and Insurance,2022,0.0848,68.43,12.585,0.4356
PFG,Finance and Insurance,2023,0.0749,68.99,12.628,0.3886
PG,Manufacturing,2002,3.2149,52.96,10.616,1.1134
PG,Manufacturing,2003,2.9591,53.46,10.685,0.8575
PG,Manufacturing,2004,2.7929,39.73,10.952,1.2234
PG,Manufacturing,2005,2.5155,39.73,11.027,1.4101
PG,Manufacturing,2006,1.5833,55.57,11.818,0.6073
PG,Manufacturing,2007,1.6452,54.56,11.835,0.5312
PG,Manufacturing,2008,1.5354,57.16,11.878,0.5279
PG,Manufacturing,2009,1.3797,68.95,11.812,0.5858
PG,Manufacturing,2010,1.5634,66.1,11.761,0.4875
PG,Manufacturing,2011,1.5022,74.68,11.838,0.4724
PG,Manufacturing,2012,1.4979,68.46,11.792,0.4682
PG,Manufacturing,2013,1.7426,59.56,11.844,0.462
PG,Manufacturing,2014,1.7222,59.19,11.879,0.51
PG,Manufacturing,2015,1.8745,71.59,11.771,0.4843
PG,Manufacturing,2016,2.0176,67.19,11.753,0.5313
PG,Manufacturing,2017,2.1105,65.58,11.699,0.57
PG,Manufacturing,2018,1.9127,65.96,11.681,0.5956
PG,Manufacturing,2019,2.6477,70.98,11.654,0.6347
PG,Manufacturing,2020,2.7516,71.67,11.701,0.7625
PG,Manufacturing,2021,3.0231,55.49,11.689,0.706
PG,Manufacturing,2022,3.2123,58.93,11.672,0.6921
PG,Manufacturing,2023,3.2596,58.93,11.702,0.7573
PGR,Finance and Insurance,2002,0.9074,30.81,9.515,0.3952
PGR,Finance and Insurance,2003,1.2025,45.59,9.698,0.2961
PGR,Finance and Insurance,2004,1.0641,35.84,9.752,0.2491
PGR,Finance and Insurance,2005,1.2872,47.38,9.847,0.2104
PGR,Finance and Insurance,2006,0.9908,37.57,9.877,0.1732
PGR,Finance and Insurance,2007,0.807,49.19,9.844,0.4405
PGR,Finance and Insurance,2008,0.6682,49.19,9.812,0.5161
PGR,Finance and Insurance,2009,0.7121,43.87,9.906,0.3787
PGR,Finance and Insurance,2010,0.7149,50.44,9.959,0.3237
PGR,Finance and Insurance,2011,0.6593,47.26,9.992,0.4206
PGR,Finance and Insurance,2012,0.653,59.71,10.03,0.3434
PGR,Finance and Insurance,2013,0.7419,57.55,10.103,0.3007
PGR,Finance and Insurance,2014,0.6992,49.54,10.158,0.3124
PGR,Finance and Insurance,2015,0.7132,55.55,10.303,0.3715
PGR,Finance and Insurance,2016,0.71,54.62,10.417,0.3956
PGR,Finance and Insurance,2017,0.932,52.97,10.564,0.3561
PGR,Finance and Insurance,2018,0.85,45.02,10.749,0.4265
PGR,Finance and Insurance,2019,0.8549,48.97,10.913,0.3497
PGR,Finance and Insurance,2020,0.9897,49.37,11.068,0.337
PGR,Finance and Insurance,2021,0.9148,57.09,11.172,0.2864
PGR,Finance and Insurance,2022,1.0918,57.09,11.231,0.4238
PGR,Finance and Insurance,2023,1.1308,56.58,11.393,0.3572
PH,Manufacturing,2002,1.2422,17.49,8.657,0.5828
PH,Manufacturing,2003,1.0613,7.41,8.697,0.5516
PH,Manufacturing,2004,1.2935,6.06,8.741,0.3316
PH,Manufacturing,2005,1.2165,6.06,8.839,0.2905
PH,Manufacturing,2006,1.2807,10.11,9.009,0.2668
PH,Manufacturing,2007,1.4996,29.91,9.041,0.2728
PH,Manufacturing,2008,1.351,31.65,9.248,0.3939
PH,Manufacturing,2009,0.935,31.65,9.196,0.5424
PH,Manufacturing,2010,1.0817,45.44,9.201,0.4068
PH,Manufacturing,2011,1.4407,48.95,9.295,0.3281
PH,Manufacturing,2012,1.1847,47.06,9.321,0.3532
PH,Manufacturing,2013,1.3613,47.99,9.437,0.4931
PH,Manufacturing,2014,1.5855,57.6,9.494,0.3491
PH,Manufacturing,2015,1.5507,52.06,9.417,0.5774
PH,Manufacturing,2016,1.4529,60.2,9.397,0.6638
PH,Manufacturing,2017,1.7532,60.03,9.648,1.1157
PH,Manufacturing,2018,1.6706,56.43,9.637,0.8459
PH,Manufacturing,2019,1.6471,56.43,9.774,1.1922
PH,Manufacturing,2020,1.6294,59.34,9.89,1.4069
PH,Manufacturing,2021,2.2802,57.51,9.92,0.8
PH,Manufacturing,2022,1.666,63.27,10.164,1.3129
PH,Manufacturing,2023,2.1024,63.27,10.308,1.2494
PHM,Construction,2002,0.7838,19.38,8.838,0.8958
PHM,Construction,2003,1.0527,19.38,8.995,0.7628
PHM,Construction,2004,1.1261,18.77,9.25,0.7874
PHM,Construction,2005,1.1055,22.34,9.476,0.7232
PHM,Construction,2006,0.9741,14.12,9.486,0.6659
PHM,Construction,2007,0.6492,32.03,9.233,0.9093
PHM,Construction,2008,0.8104,32.88,8.95,1.2078
PHM,Construction,2009,0.8291,25.91,9.215,1.4169
PHM,Construction,2010,0.8232,28.38,8.949,1.6231
PHM,Construction,2011,0.8047,45.75,8.837,1.6129
PHM,Construction,2012,1.4407,42.37,8.815,1.2247
PHM,Construction,2013,1.14,39.1,9.075,0.4711
PHM,Construction,2014,1.1584,37.18,9.056,0.4159
PHM,Construction,2015,0.9615,40.6,9.101,0.5043
PHM,Construction,2016,0.9171,43.99,9.228,0.7447
PHM,Construction,2017,1.3399,42.87,9.179,0.8293
PHM,Construction,2018,1.0399,49.88,9.227,0.7008
PHM,Construction,2019,1.2755,44.53,9.279,0.5832
PHM,Construction,2020,1.2081,44.53,9.41,0.4955
PHM,Construction,2021,1.2731,54.95,9.499,0.3669
PHM,Construction,2022,0.8789,54.95,9.602,0.3054
PHM,Construction,2023,1.5226,61.43,9.686,0.2459
PKG,Manufacturing,2008,1.0617,24.2,7.57,0.9959
PKG,Manufacturing,2009,1.4173,24.07,7.675,0.7575
PKG,Manufacturing,2010,1.4945,29.38,7.707,0.6745
PKG,Manufacturing,2011,1.3728,31.87,7.788,0.8938
PKG,Manufacturing,2012,1.8727,52.37,7.805,0.8453
PKG,Manufacturing,2013,1.6894,41.82,8.556,1.9594
PKG,Manufacturing,2014,1.8803,48.95,8.585,1.5639
PKG,Manufacturing,2015,1.5882,43.65,8.573,1.4278
PKG,Manufacturing,2016,1.845,53.83,8.662,1.5157
PKG,Manufacturing,2017,2.2629,55.34,8.732,1.2145
PKG,Manufacturing,2018,1.5814,70.67,8.79,0.9365
PKG,Manufacturing,2019,1.8429,70.87,8.887,0.8904
PKG,Manufacturing,2020,2.1277,69.92,8.914,0.8434
PKG,Manufacturing,2021,1.9737,69.29,8.967,0.7575
PKG,Manufacturing,2022,1.7824,69.29,8.988,0.7617
PKG,Manufacturing,2023,2.0474,68.98,9.069,0.7938
PLD,Real Estate Rental and Leasing,2004,1.6152,22.6,8.868,1.2403
PLD,Real Estate Rental and Leasing,2005,1.3777,22.6,9.481,1.2997
PLD,Real Estate Rental and Leasing,2006,1.4861,31.19,9.674,1.3866
PLD,Real Estate Rental and Leasing,2007,1.3608,35.37,9.89,1.4826
PLD,Real Estate Rental and Leasing,2008,0.7644,35.37,9.865,1.812
PLD,Real Estate Rental and Leasing,2009,0.8569,75.88,9.734,1.0446
PLD,Real Estate Rental and Leasing,2010,0.9889,74.09,9.609,0.9093
PLD,Real Estate Rental and Leasing,2011,0.8835,74.09,10.23,0.8703
PLD,Real Estate Rental and Leasing,2012,1.0487,71.31,10.215,0.9443
PLD,Real Estate Rental and Leasing,2013,1.1168,70.34,10.109,0.662
PLD,Real Estate Rental and Leasing,2014,1.2125,70.34,10.159,0.675
PLD,Real Estate Rental and Leasing,2015,1.0874,75.71,10.354,0.7969
PLD,Real Estate Rental and Leasing,2016,1.2733,80.61,10.317,0.7114
PLD,Real Estate Rental and Leasing,2017,1.4838,84.18,10.292,0.6048
PLD,Real Estate Rental and Leasing,2018,1.251,81.92,10.556,0.4989
PLD,Real Estate Rental and Leasing,2019,1.716,78.3,10.597,0.5481
PLD,Real Estate Rental and Leasing,2020,1.6235,78.3,10.934,0.5433
PLD,Real Estate Rental and Leasing,2021,2.4402,71.41,10.977,0.5444
PLD,Real Estate Rental and Leasing,2022,1.4628,71.41,11.384,0.461
PLD,Real Estate Rental and Leasing,2023,1.6429,72.51,11.441,0.5572
PM,Manufacturing,2008,3.0116,48.01,10.403,1.5948
PM,Manufacturing,2009,3.0782,48.01,10.45,2.697
PM,Manufacturing,2010,3.4796,47.73,10.465,4.7068
PM,Manufacturing,2011,4.3393,65.95,10.477,80.9825
PNC,Finance and Insurance,2002,0.33,41.06,11.103,1.4527
PNC,Finance and Insurance,2003,0.3904,41.06,11.13,1.7236
PNC,Finance and Insurance,2004,0.354,56.28,11.286,1.601
PNC,Finance and Insurance,2005,0.3808,56.28,11.429,1.9733
PNC,Finance and Insurance,2006,0.3607,44.51,11.531,1.393
PNC,Finance and Insurance,2007,0.3838,48.21,11.842,2.0823
PNC,Finance and Insurance,2008,0.254,48.21,12.581,2.9845
PNC,Finance and Insurance,2009,0.2359,65.37,12.506,1.7872
PNC,Finance and Insurance,2010,0.2703,70.01,12.485,1.3343
PNC,Finance and Insurance,2011,0.2474,68.84,12.511,1.1323
PNC,Finance and Insurance,2012,0.235,69.58,12.628,1.1551
PNC,Finance and Insurance,2013,0.273,69.04,12.677,1.1986
PNC,Finance and Insurance,2014,0.3028,71.76,12.752,1.3981
PNC,Finance and Insurance,2015,0.2861,72.66,12.79,1.3217
PNC,Finance and Insurance,2016,0.2987,80.32,12.811,1.2633
PNC,Finance and Insurance,2017,0.3344,81.49,12.85,1.3575
PNC,Finance and Insurance,2018,0.2899,81.54,12.854,1.3127
PNC,Finance and Insurance,2019,0.3207,72.84,12.925,1.3782
PNC,Finance and Insurance,2020,0.2196,74.6,13.053,0.7782
PNC,Finance and Insurance,2021,0.2104,77.62,13.231,0.6511
PNC,Finance and Insurance,2022,0.2229,77.62,13.231,1.5208
PNC,Finance and Insurance,2023,0.2428,71.4,13.239,1.6658
PNR,Manufacturing,2004,1.6453,25.47,8.046,0.5084
PNR,Manufacturing,2005,1.305,25.32,8.088,0.4838
PNR,Manufacturing,2006,1.1522,29.15,8.121,0.4455
PNR,Manufacturing,2007,1.1286,38.46,8.294,0.5552
PNR,Manufacturing,2008,0.8093,46.21,8.307,0.5025
PNR,Manufacturing,2009,1.0207,49.14,8.272,0.4004
PNR,Manufacturing,2010,1.0823,50.8,8.287,0.338
PNR,Manufacturing,2011,1.0013,46.93,8.431,0.6771
PNR,Manufacturing,2012,1.0673,42.78,9.375,0.386
PNR,Manufacturing,2013,1.5229,43.97,9.371,0.4192
PNR,Manufacturing,2014,1.4192,36.32,9.274,0.6441
PNR,Manufacturing,2015,1.151,36.32,9.381,1.1749
PNR,Manufacturing,2016,1.2545,47.69,9.353,1.0058
PNR,Manufacturing,2017,1.6417,47.15,9.063,0.286
PNR,Manufacturing,2018,1.9077,49.59,8.244,0.429
PNR,Manufacturing,2019,2.1328,53.78,8.328,0.5677
PNR,Manufacturing,2020,2.3213,53.78,8.342,0.44
PNR,Manufacturing,2021,2.7431,64.45,8.467,0.4056
PNR,Manufacturing,2022,1.52,64.45,8.771,0.8859
PNR,Manufacturing,2023,2.1506,61.33,8.789,0.6508
PNW,Utilities,2002,0.7567,40.7,9.039,1.2155
PNW,Utilities,2003,0.7406,46.6,9.163,1.2048
PNW,Utilities,2004,0.7426,57.0,9.2,1.1095
PNW,Utilities,2005,0.6275,60.15,9.335,0.8786
PNW,Utilities,2006,0.7277,50.82,9.346,0.9489
PNW,Utilities,2007,0.702,70.04,9.328,1.0283
PNW,Utilities,2008,0.6128,77.39,9.36,1.1259
PNW,Utilities,2009,0.6362,80.07,9.377,1.1465
PNW,Utilities,2010,0.6635,79.17,9.422,1.003
PNW,Utilities,2011,0.6681,72.19,9.481,0.9149
PNW,Utilities,2012,0.6733,70.63,9.501,0.8594
PNW,Utilities,2013,0.69,67.78,9.511,0.8321
PNW,Utilities,2014,0.7766,61.62,9.569,0.8156
PNW,Utilities,2015,0.7304,68.79,9.618,0.8333
PNW,Utilities,2016,0.813,58.99,9.681,0.9002
PNW,Utilities,2017,0.8512,57.07,9.742,0.9921
PNW,Utilities,2018,0.8359,65.53,9.779,0.9984
PNW,Utilities,2019,0.8617,67.76,9.824,1.0702
PNW,Utilities,2020,0.7956,66.72,9.905,1.2283
PNW,Utilities,2021,0.7343,63.38,9.999,1.3858
PNW,Utilities,2022,0.7694,63.38,10.031,1.4676
PNW,Utilities,2023,0.7482,68.62,10.113,1.6678
PODD,Manufacturing,2015,8.4723,18.17,5.617,5.2124
PODD,Manufacturing,2016,5.4704,20.82,6.124,5.2737
PODD,Manufacturing,2017,5.6201,23.05,6.705,3.5717
PODD,Manufacturing,2018,5.6925,22.35,6.834,2.791
PODD,Manufacturing,2019,10.1825,61.9,7.041,11.9354
PODD,Manufacturing,2020,9.5852,61.9,7.535,1.783
PODD,Manufacturing,2021,9.6119,69.62,7.625,2.3126
PODD,Manufacturing,2022,9.7269,69.62,7.719,3.0076
PODD,Manufacturing,2023,6.4204,68.61,7.859,1.9773
POOL,Wholesale Trade,2015,4.0382,45.84,6.842,1.2892
POOL,Wholesale Trade,2016,4.7534,46.62,6.902,2.1346
POOL,Wholesale Trade,2017,5.2069,40.53,7.004,2.3287
POOL,Wholesale Trade,2018,5.2699,42.19,7.124,2.9821
POOL,Wholesale Trade,2019,6.203,45.69,7.302,1.6816
POOL,Wholesale Trade,2020,8.9731,45.21,7.461,0.9756
POOL,Wholesale Trade,2021,7.4848,48.9,8.08,1.3326
POOL,Wholesale Trade,2022,3.7787,48.9,8.179,1.3446
POOL,Wholesale Trade,2023,4.859,50.7,8.14,1.0394
PPG,Manufacturing,2002,1.3415,28.47,8.97,0.954
PPG,Manufacturing,2003,1.4968,15.86,9.039,0.5723
PPG,Manufacturing,2004,1.4637,20.47,9.097,0.3779
PPG,Manufacturing,2005,1.2487,32.73,9.069,0.416
PPG,Manufacturing,2006,1.1806,30.76,9.212,0.4004
PPG,Manufacturing,2007,1.15,63.32,9.444,0.7275
PPG,Manufacturing,2008,0.7402,57.25,9.595,1.1737
PPG,Manufacturing,2009,0.916,57.25,9.564,0.8916
PPG,Manufacturing,2010,1.1722,66.39,9.614,1.119
PPG,Manufacturing,2011,1.1378,60.28,9.574,1.1333
PPG,Manufacturing,2012,1.5616,58.34,9.673,0.987
PPG,Manufacturing,2013,1.8724,56.73,9.672,0.6906
PPG,Manufacturing,2014,2.0166,63.14,9.775,0.777
PPG,Manufacturing,2015,1.7977,68.17,9.745,0.868
PPG,Manufacturing,2016,1.8264,64.33,9.666,0.915
PPG,Manufacturing,2017,2.0249,75.96,9.713,0.7461
PPG,Manufacturing,2018,1.8188,78.55,9.681,1.0834
PPG,Manufacturing,2019,2.1067,78.08,9.782,1.106
PPG,Manufacturing,2020,2.0833,80.15,9.881,1.1612
PPG,Manufacturing,2021,2.255,79.15,9.969,1.1877
PPG,Manufacturing,2022,1.793,79.15,9.94,1.1582
PPG,Manufacturing,2023,1.9423,79.4,9.983,0.8772
PPL,Utilities,2002,0.8747,52.1,9.653,3.5391
PPL,Utilities,2003,0.9552,52.1,9.748,2.6376
PPL,Utilities,2004,1.0057,23.6,9.785,1.8375
PPL,Utilities,2005,1.0354,39.48,9.794,1.6713
PPL,Utilities,2006,1.0977,52.79,9.891,1.5379
PPL,Utilities,2007,1.3571,60.32,9.902,1.3787
PPL,Utilities,2008,0.935,59.45,9.971,1.6776
PPL,Utilities,2009,0.9009,65.64,10.006,1.4159
PPL,Utilities,2010,0.7942,62.15,10.399,1.6269
PPL,Utilities,2011,0.8345,57.22,10.661,1.7151
PPL,Utilities,2012,0.8431,47.4,10.684,1.9206
PPL,Utilities,2013,0.8771,47.32,10.742,1.7334
PPL,Utilities,2014,0.9424,44.31,10.797,1.6038
PPL,Utilities,2015,1.0932,52.92,10.579,2.0127
PPL,Utilities,2016,1.1065,48.2,10.554,1.9445
PPL,Utilities,2017,1.0303,42.3,10.633,1.977
PPL,Utilities,2018,0.9779,53.61,10.678,1.8898
PPL,Utilities,2019,1.1094,57.42,10.729,1.7818
PPL,Utilities,2020,0.9678,53.6,10.781,1.8607
PPL,Utilities,2021,1.0046,62.9,10.411,0.8218
PPL,Utilities,2022,0.9465,62.9,10.541,1.0271
PPL,Utilities,2023,0.9091,63.35,10.577,1.1265
PRU,Finance and Insurance,2002,0.1491,38.91,12.587,1.2102
PRU,Finance and Insurance,2003,0.1321,33.32,12.68,0.9395
PRU,Finance and Insurance,2004,0.125,43.05,12.902,0.9424
PRU,Finance and Insurance,2005,0.1644,19.48,12.943,1.4112
PRU,Finance and Insurance,2006,0.1677,49.12,13.026,1.5602
PRU,Finance and Insurance,2007,0.1705,51.28,13.094,1.7564
PRU,Finance and Insurance,2008,0.1157,58.78,13.006,2.8867
PRU,Finance and Insurance,2009,0.1108,75.37,13.082,1.1983
PRU,Finance and Insurance,2010,0.111,75.58,13.199,0.9724
PRU,Finance and Insurance,2011,0.0908,69.31,13.345,0.8913
PRU,Finance and Insurance,2012,0.0838,65.83,13.472,0.8972
PRU,Finance and Insurance,2013,0.1095,64.95,13.503,1.0608
PRU,Finance and Insurance,2014,0.1047,60.79,13.55,0.9369
PRU,Finance and Insurance,2015,0.0975,65.17,13.538,0.8933
PRU,Finance and Insurance,2016,0.0939,68.24,13.572,0.6308
PRU,Finance and Insurance,2017,0.0926,70.71,13.631,0.5265
PRU,Finance and Insurance,2018,0.0788,63.56,13.611,0.6322
PRU,Finance and Insurance,2019,0.0775,67.71,13.706,0.509
PRU,Finance and Insurance,2020,0.0673,75.87,13.754,0.4798
PRU,Finance and Insurance,2021,0.0757,63.8,13.751,0.4886
PRU,Finance and Insurance,2022,0.0934,63.8,13.444,1.7241
PRU,Finance and Insurance,2023,0.0894,70.2,13.489,0.9792
PSA,Real Estate Rental and Leasing,2003,1.1244,10.18,8.511,0.0323
PSA,Real Estate Rental and Leasing,2004,1.4047,14.2,8.557,0.0626
PSA,Real Estate Rental and Leasing,2005,1.6202,11.47,8.622,0.1389
PSA,Real Estate Rental and Leasing,2006,1.6648,7.84,9.324,0.4018
PSA,Real Estate Rental and Leasing,2007,1.2692,4.26,9.273,0.2044
PSA,Real Estate Rental and Leasing,2008,1.4113,4.26,9.204,0.1217
PSA,Real Estate Rental and Leasing,2009,1.4518,3.96,9.191,0.0939
PSA,Real Estate Rental and Leasing,2010,1.8677,2.81,9.159,0.1076
PSA,Real Estate Rental and Leasing,2011,2.6072,2.96,9.097,0.0769
PSA,Real Estate Rental and Leasing,2012,2.8787,2.96,9.082,0.0892
PSA,Real Estate Rental and Leasing,2013,2.7029,2.49,9.198,0.1605
PSA,Real Estate Rental and Leasing,2014,3.2531,2.49,9.192,0.0125
PSA,Real Estate Rental and Leasing,2015,4.413,2.46,9.188,0.0624
PSA,Real Estate Rental and Leasing,2016,3.8618,42.23,9.223,0.0775
PSA,Real Estate Rental and Leasing,2017,3.5188,43.73,9.281,0.2912
PSA,Real Estate Rental and Leasing,2018,3.3544,45.35,9.299,0.2772
PSA,Real Estate Rental and Leasing,2019,3.4356,62.92,9.338,0.3807
PSA,Real Estate Rental and Leasing,2020,3.6526,66.3,9.377,0.5969
PSA,Real Estate Rental and Leasing,2021,4.208,69.45,9.763,1.4405
PSA,Real Estate Rental and Leasing,2022,3.1929,69.45,9.773,1.2116
PSA,Real Estate Rental and Leasing,2023,3.1676,65.77,9.894,1.619
PSX,Manufacturing,2014,0.9819,33.5,10.794,0.4022
PSX,Manufacturing,2015,1.0744,36.13,10.791,0.3847
PSX,Manufacturing,2016,1.0641,64.97,10.852,0.4528
PSX,Manufacturing,2017,1.1204,66.66,10.904,0.403
PSX,Manufacturing,2018,0.9292,71.38,10.902,0.4527
PSX,Manufacturing,2019,1.0586,68.45,10.981,0.5228
PSX,Manufacturing,2020,0.8711,75.26,10.91,0.9015
PSX,Manufacturing,2021,0.8503,74.75,10.926,0.8096
PSX,Manufacturing,2022,0.8726,74.75,11.244,0.6177
PSX,Manufacturing,2023,1.0308,69.22,11.232,0.6707
PTC,Information,2003,1.4525,27.26,6.359,0.0
PTC,Information,2005,2.4392,25.21,6.668,0.0046
PTC,Information,2006,2.1829,36.63,6.797,0.0027
PTC,Information,2007,1.8333,25.58,6.994,0.0012
PTC,Information,2008,1.6435,20.36,7.208,0.1263
PTC,Information,2009,1.2297,17.56,7.208,0.076
PTC,Information,2010,1.7315,31.85,7.176,0.0
PTC,Information,2011,1.2263,27.95,7.396,0.2431
PTC,Information,2012,1.6592,35.52,7.491,0.4641
PTC,Information,2013,1.9843,33.89,7.511,0.2786
PTC,Information,2014,2.2075,38.53,7.696,0.7166
PTC,Information,2015,1.936,35.05,7.701,0.7767
PTC,Information,2016,2.488,45.12,7.763,0.8997
PTC,Information,2017,3.0518,48.64,7.767,0.8046
PTC,Information,2018,5.6555,47.78,7.753,0.7355
PTC,Information,2019,3.1911,37.37,7.888,0.5567
PTC,Information,2020,3.2004,40.67,8.126,0.8485
PTC,Information,2021,3.4793,57.33,8.414,0.8086
PTC,Information,2022,2.9501,59.36,8.453,0.6708
PTC,Information,2023,2.9778,59.36,8.747,0.7056
PWR,Construction,2008,1.1413,15.29,8.176,0.0545
PWR,Construction,2009,1.0948,21.89,8.323,0.0418
PWR,Construction,2010,0.989,26.17,8.376,0.0004
PWR,Construction,2011,0.9631,24.58,8.455,0.0
PWR,Construction,2012,1.1317,25.86,8.545,0.0
PWR,Construction,2013,1.1795,30.81,8.664,0.0005
PWR,Construction,2014,0.9941,35.89,8.75,0.018
PWR,Construction,2015,0.7131,35.68,8.559,0.1564
PWR,Construction,2016,1.0518,33.33,8.586,0.1081
PWR,Construction,2017,1.0321,28.86,8.776,0.1772
PWR,Construction,2018,0.7586,30.79,8.864,0.3069
PWR,Construction,2019,0.8944,47.7,9.028,0.4089
PWR,Construction,2020,1.359,46.11,9.036,0.3345
PWR,Construction,2021,1.5835,67.93,9.462,0.7829
PWR,Construction,2022,1.808,67.93,9.508,0.7385
PWR,Construction,2023,2.2088,73.83,9.695,0.7117
PYPL,Information,2015,1.5342,28.97,10.271,0.0
PYPL,Information,2016,1.4392,40.94,10.407,0.0
PYPL,Information,2017,2.1912,40.94,10.616,0.0625
PYPL,Information,2018,2.3244,56.27,10.677,0.1299
PYPL,Information,2019,2.5784,64.0,10.846,0.3241
PYPL,Information,2020,4.0382,74.44,11.162,0.4858
PYPL,Information,2021,3.0351,74.44,11.236,0.4515
PYPL,Information,2022,1.1746,82.13,11.274,0.5699
PYPL,Information,2023,0.9453,79.75,11.316,0.5626
QCOM,Manufacturing,2003,3.7964,19.7,9.085,0.0297
QCOM,Manufacturing,2004,5.8993,24.94,9.289,0.0
QCOM,Manufacturing,2005,5.8812,43.04,9.432,0.0002
QCOM,Manufacturing,2006,3.9524,13.75,9.63,0.0043
QCOM,Manufacturing,2007,3.7659,36.84,9.825,0.0057
QCOM,Manufacturing,2008,2.9028,52.2,10.109,0.008
QCOM,Manufacturing,2009,2.7422,48.09,10.22,0.0093
QCOM,Manufacturing,2010,2.4226,57.86,10.328,0.0628
QCOM,Manufacturing,2011,2.2764,61.34,10.503,0.0432
QCOM,Manufacturing,2012,2.4792,74.71,10.669,0.0018
QCOM,Manufacturing,2013,2.4926,77.76,10.726,0.0005
QCOM,Manufacturing,2015,1.828,73.82,10.836,0.3491
QCOM,Manufacturing,2016,2.1556,73.61,10.866,0.37
QCOM,Manufacturing,2017,1.5012,71.1,11.09,0.7121
QCOM,Manufacturing,2018,3.1871,62.68,10.395,17.6401
QCOM,Manufacturing,2019,3.1336,70.18,10.403,3.2457
QCOM,Manufacturing,2020,4.1953,71.14,10.48,2.6709
QCOM,Manufacturing,2021,3.9137,72.84,10.627,1.6381
QCOM,Manufacturing,2022,2.9136,75.9,10.8,0.8971
QRVO,Manufacturing,2014,1.7236,30.18,8.838,0.0
QRVO,Manufacturing,2015,1.1232,30.18,8.794,0.1976
QRVO,Manufacturing,2016,1.481,33.22,8.783,0.202
QRVO,Manufacturing,2017,1.5486,32.11,8.761,0.2059
QRVO,Manufacturing,2018,1.6287,45.91,8.667,0.2109
QRVO,Manufacturing,2019,1.6599,59.66,8.789,0.3839
QRVO,Manufacturing,2020,3.0991,59.66,8.885,0.3922
QRVO,Manufacturing,2021,2.0401,58.36,8.924,0.4671
QRVO,Manufacturing,2022,1.8166,61.39,8.809,0.5475
RCL,Transportation and Warehousing,2004,1.3921,23.83,9.39,1.193
RCL,Transportation and Warehousing,2005,1.2113,27.23,9.329,0.748
RCL,Transportation and Warehousing,2006,1.0577,27.86,9.502,0.8887
RCL,Transportation and Warehousing,2007,0.9822,45.47,9.615,0.8433
RCL,Transportation and Warehousing,2008,0.6036,49.72,9.709,1.0306
RCL,Transportation and Warehousing,2009,0.7584,52.14,9.811,1.1227
RCL,Transportation and Warehousing,2010,0.9798,57.45,9.888,1.152
RCL,Transportation and Warehousing,2011,0.7005,54.65,9.894,1.0105
RCL,Transportation and Warehousing,2012,0.8033,58.19,9.895,1.0218
RCL,Transportation and Warehousing,2013,0.9231,59.52,9.907,0.9167
RCL,Transportation and Warehousing,2014,1.2804,59.52,9.939,1.0193
RCL,Transportation and Warehousing,2015,1.4688,70.86,9.949,1.0749
RCL,Transportation and Warehousing,2016,1.2099,69.84,10.013,1.0292
RCL,Transportation and Warehousing,2017,1.4795,69.85,10.012,0.7045
RCL,Transportation and Warehousing,2018,1.1271,72.42,10.229,0.9705
RCL,Transportation and Warehousing,2019,1.3064,72.05,10.32,0.9646
RCL,Transportation and Warehousing,2020,1.1621,71.63,10.388,2.2824
RCL,Transportation and Warehousing,2021,1.28,69.85,10.382,4.2658
RCL,Transportation and Warehousing,2022,1.0839,69.85,10.428,8.3637
RCL,Transportation and Warehousing,2023,1.5751,71.18,10.467,4.6846
REG,Real Estate Rental and Leasing,2004,1.533,16.61,8.085,1.1497
REG,Real Estate Rental and Leasing,2005,1.5543,16.61,8.193,1.0661
REG,Real Estate Rental and Leasing,2006,1.8984,27.18,8.208,0.9981
REG,Real Estate Rental and Leasing,2007,1.5687,37.97,8.329,1.2586
REG,Real Estate Rental and Leasing,2008,1.3051,37.97,8.329,1.5028
REG,Real Estate Rental and Leasing,2009,1.1941,43.45,8.287,1.1789
REG,Real Estate Rental and Leasing,2010,1.3976,37.14,8.287,1.4683
REG,Real Estate Rental and Leasing,2011,1.3425,37.14,8.291,1.2929
REG,Real Estate Rental and Leasing,2012,1.6052,40.63,8.257,1.3814
REG,Real Estate Rental and Leasing,2013,1.5619,47.66,8.272,1.2215
REG,Real Estate Rental and Leasing,2014,1.9052,47.66,8.342,1.2781
REG,Real Estate Rental and Leasing,2015,2.02,61.1,8.341,1.0829
REG,Real Estate Rental and Leasing,2016,1.9656,61.1,8.409,0.7247
REG,Real Estate Rental and Leasing,2017,1.3839,77.46,9.319,0.5372
REG,Real Estate Rental and Leasing,2018,1.2376,76.29,9.301,0.5807
REG,Real Estate Rental and Leasing,2019,1.3193,78.49,9.318,0.6667
REG,Real Estate Rental and Leasing,2020,1.0842,79.72,9.3,0.6923
REG,Real Estate Rental and Leasing,2021,1.5569,79.72,9.287,0.6517
REG,Real Estate Rental and Leasing,2022,1.345,75.97,9.293,0.6463
REGN,"Professional, Scientific, and Technical Services",2011,4.2174,22.74,7.188,0.9018
REGN,"Professional, Scientific, and Technical Services",2012,8.2204,23.95,7.64,0.3683
REGN,"Professional, Scientific, and Technical Services",2013,9.4691,24.03,7.99,0.259
REGN,"Professional, Scientific, and Technical Services",2014,10.9718,20.87,8.261,0.1806
REGN,"Professional, Scientific, and Technical Services",2015,10.1952,39.41,8.632,0.1027
REGN,"Professional, Scientific, and Technical Services",2016,5.6494,43.35,8.85,0.1081
REGN,"Professional, Scientific, and Technical Services",2017,4.697,53.97,9.078,0.1145
REGN,"Professional, Scientific, and Technical Services",2018,3.53,57.41,9.37,0.0809
REGN,"Professional, Scientific, and Technical Services",2019,2.845,73.01,9.603,0.0644
REGN,"Professional, Scientific, and Technical Services",2020,3.1675,60.68,9.751,0.2445
REGN,"Professional, Scientific, and Technical Services",2021,2.8044,60.68,10.144,0.1438
REGN,"Professional, Scientific, and Technical Services",2022,2.8015,63.81,10.282,0.1222
RF,Finance and Insurance,2002,0.3516,11.91,10.778,2.2668
RF,Finance and Insurance,2003,0.3785,9.26,10.791,2.2773
RF,Finance and Insurance,2004,0.3547,13.68,11.34,1.2312
RF,Finance and Insurance,2005,0.3247,24.48,11.348,1.1247
RF,Finance and Insurance,2006,0.3182,23.85,11.873,0.8845
RF,Finance and Insurance,2007,0.2754,23.56,11.857,1.1323
RF,Finance and Insurance,2008,0.2773,31.0,11.893,2.5955
RF,Finance and Insurance,2009,0.1998,29.27,11.866,1.55
RF,Finance and Insurance,2010,0.1958,30.48,11.793,1.2825
RF,Finance and Insurance,2011,0.1306,47.8,11.752,0.8545
RF,Finance and Insurance,2012,0.1443,41.62,11.706,0.4951
RF,Finance and Insurance,2013,0.1758,43.18,11.673,0.4578
RF,Finance and Insurance,2014,0.1672,38.66,11.693,0.3549
RF,Finance and Insurance,2015,0.1651,50.85,11.744,0.5217
RF,Finance and Insurance,2016,0.2001,52.44,11.744,0.49
RF,Finance and Insurance,2017,0.2271,59.89,11.73,0.5615
RF,Finance and Insurance,2018,0.2207,55.35,11.742,0.9828
RF,Finance and Insurance,2019,0.2128,65.85,11.746,0.6969
RF,Finance and Insurance,2020,0.133,65.1,11.901,0.25
RF,Finance and Insurance,2021,0.144,65.1,12.001,0.1762
RF,Finance and Insurance,2022,0.1481,79.68,11.953,0.1986
RHI,Administrative and Support and Waste… Services,2002,2.9453,20.72,6.841,0.0033
RHI,Administrative and Support and Waste… Services,2003,4.0939,22.05,6.887,0.0031
RHI,Administrative and Support and Waste… Services,2004,4.2491,25.03,7.089,0.0026
RHI,Administrative and Support and Waste… Services,2005,4.9065,24.41,7.184,0.0031
RHI,Administrative and Support and Waste… Services,2006,4.2732,29.56,7.286,0.004
RHI,Administrative and Support and Waste… Services,2007,2.9497,25.49,7.28,0.0042
RHI,Administrative and Support and Waste… Services,2008,2.2273,17.72,7.253,0.002
RHI,Administrative and Support and Waste… Services,2009,3.0971,23.96,7.157,0.0021
RHI,Administrative and Support and Waste… Services,2010,3.5126,32.58,7.15,0.0021
RHI,Administrative and Support and Waste… Services,2011,3.0838,21.36,7.179,0.0021
RHI,Administrative and Support and Waste… Services,2012,3.2133,35.59,7.231,0.0018
RHI,Administrative and Support and Waste… Services,2013,3.8742,32.43,7.307,0.0016
RHI,Administrative and Support and Waste… Services,2014,4.79,32.43,7.407,0.0013
RHI,Administrative and Support and Waste… Services,2015,3.6312,38.14,7.44,0.0012
RHI,Administrative and Support and Waste… Services,2016,3.5068,42.93,7.483,0.0009
RHI,Administrative and Support and Waste… Services,2017,3.6961,53.47,7.532,0.0008
RHI,Administrative and Support and Waste… Services,2018,3.5794,71.22,7.551,0.0006
RHI,Administrative and Support and Waste… Services,2019,3.2637,71.55,7.746,0.2394
RHI,Administrative and Support and Waste… Services,2020,2.8822,76.0,7.847,0.2512
RHI,Administrative and Support and Waste… Services,2021,4.2707,79.41,7.99,0.1919
RHI,Administrative and Support and Waste… Services,2022,2.7624,79.41,7.994,0.1516
RHI,Administrative and Support and Waste… Services,2023,3.1526,82.46,8.01,0.1523
RJF,Finance and Insurance,2010,0.3645,36.1,9.792,1.4564
RJF,Finance and Insurance,2011,0.2365,55.77,9.799,0.3775
RJF,Finance and Insurance,2012,0.3327,47.01,9.96,0.6092
RJF,Finance and Insurance,2013,0.3312,49.0,10.051,0.5086
RJF,Finance and Insurance,2014,0.4261,54.53,10.057,0.5729
RJF,Finance and Insurance,2015,0.3622,49.25,10.184,0.5526
RJF,Finance and Insurance,2016,0.3502,48.8,10.361,0.5747
RJF,Finance and Insurance,2017,0.4488,50.61,10.46,0.628
RJF,Finance and Insurance,2018,0.4351,52.56,10.53,0.4507
RJF,Finance and Insurance,2019,0.3672,43.9,10.567,0.4391
RJF,Finance and Insurance,2020,0.2868,47.31,10.768,0.5177
RJF,Finance and Insurance,2021,0.367,69.65,11.033,0.4519
RJF,Finance and Insurance,2022,0.3236,61.6,11.302,0.5291
RJF,Finance and Insurance,2023,0.3256,56.49,11.269,0.449
RL,Retail Trade,2004,1.5741,31.89,7.911,0.1736
RL,Retail Trade,2005,2.1669,22.63,8.036,0.1486
RL,Retail Trade,2006,2.5581,7.11,8.232,0.191
RL,Retail Trade,2007,1.5009,12.35,8.381,0.3149
RL,Retail Trade,2008,1.0729,11.6,8.379,0.1766
RL,Retail Trade,2009,1.8652,11.6,8.444,0.1028
RL,Retail Trade,2010,2.4126,24.91,8.513,0.1006
RL,Retail Trade,2011,3.0413,27.81,8.597,0.0856
RL,Retail Trade,2012,2.8968,26.41,8.598,0.0806
RL,Retail Trade,2013,2.4377,25.65,8.714,0.1415
RL,Retail Trade,2014,1.9878,33.07,8.717,0.2028
RL,Retail Trade,2015,1.4453,33.07,8.734,0.2671
RL,Retail Trade,2016,1.3222,53.22,8.64,0.2612
RL,Retail Trade,2017,1.6183,51.28,8.723,0.2465
RL,Retail Trade,2018,1.8597,57.62,8.69,0.2811
RL,Retail Trade,2019,1.1088,69.02,8.893,1.1982
RL,Retail Trade,2020,1.602,77.81,8.973,1.3901
RL,Retail Trade,2021,1.4656,77.81,8.952,1.3375
RL,Retail Trade,2022,1.5517,79.01,8.823,1.1857
RL,Retail Trade,2023,2.2053,80.87,8.795,1.0918
RMD,Manufacturing,2009,2.1398,11.63,7.319,0.145
RMD,Manufacturing,2010,2.9042,15.15,7.394,0.0945
RMD,Manufacturing,2011,2.3173,27.96,7.635,0.0579
RMD,Manufacturing,2012,2.19,64.17,7.668,0.156
RMD,Manufacturing,2013,3.0352,52.4,7.701,0.1868
RMD,Manufacturing,2014,3.1362,69.55,7.767,0.1711
RMD,Manufacturing,2015,3.7629,71.43,7.689,0.1894
RMD,Manufacturing,2016,3.0897,65.42,8.089,0.6933
RMD,Manufacturing,2017,3.5029,64.19,8.151,0.5502
RMD,Manufacturing,2018,4.9153,69.77,8.027,0.1367
RMD,Manufacturing,2019,4.5771,69.77,8.321,0.6133
RMD,Manufacturing,2020,6.3473,72.88,8.431,0.5203
RMD,Manufacturing,2021,7.7618,72.78,8.461,0.2751
RMD,Manufacturing,2022,6.203,72.09,8.536,0.273
RMD,Manufacturing,2023,4.9933,72.09,8.818,0.3826
ROK,Manufacturing,2002,0.9821,33.5,8.3,0.5774
ROK,Manufacturing,2003,1.4162,37.32,8.291,0.4871
ROK,Manufacturing,2004,1.8735,29.77,8.343,0.4073
ROK,Manufacturing,2005,2.2664,28.08,8.417,0.4544
ROK,Manufacturing,2006,2.3,28.08,8.463,0.5046
ROK,Manufacturing,2007,2.4884,58.77,8.422,0.532
ROK,Manufacturing,2008,1.3827,54.64,8.432,0.5948
ROK,Manufacturing,2009,1.616,60.65,8.368,0.6873
ROK,Manufacturing,2010,2.0327,55.28,8.466,0.6196
ROK,Manufacturing,2011,1.6748,46.95,8.573,0.5177
ROK,Manufacturing,2012,1.9134,46.36,8.637,0.5735
ROK,Manufacturing,2013,2.727,48.58,8.673,0.4193
ROK,Manufacturing,2014,2.6087,46.02,8.737,0.463
ROK,Manufacturing,2015,2.332,45.45,8.765,0.6651
ROK,Manufacturing,2016,2.4905,41.25,8.868,0.9873
ROK,Manufacturing,2017,3.4525,41.06,8.877,0.6922
ROK,Manufacturing,2018,3.9101,39.32,8.742,1.0981
ROK,Manufacturing,2019,3.4883,55.94,8.718,5.5836
ROK,Manufacturing,2020,3.8552,60.32,8.891,2.2998
ROK,Manufacturing,2021,3.5968,62.74,9.278,1.8344
ROK,Manufacturing,2022,2.693,62.81,9.283,1.5382
ROK,Manufacturing,2023,3.1988,57.88,9.333,0.9383
ROL,Administrative and Support and Waste… Services,2016,8.027,23.3,6.821,0.0
ROL,Administrative and Support and Waste… Services,2017,9.8128,27.63,6.941,0.0
ROL,Administrative and Support and Waste… Services,2018,10.7993,20.0,6.998,0.0
ROL,Administrative and Support and Waste… Services,2019,6.5071,25.9,7.464,0.6047
ROL,Administrative and Support and Waste… Services,2020,10.6314,23.89,7.521,0.4431
ROL,Administrative and Support and Waste… Services,2021,8.6987,23.89,7.591,0.3722
ROL,Administrative and Support and Waste… Services,2022,8.6381,22.73,7.66,0.2654
ROL,Administrative and Support and Waste… Services,2023,8.4594,22.73,7.862,0.7064
ROP,Manufacturing,2004,1.4662,31.67,7.769,0.8006
ROP,Manufacturing,2005,1.701,23.88,7.833,0.7155
ROP,Manufacturing,2006,1.8151,36.79,8.005,0.6906
ROP,Manufacturing,2007,1.9143,18.77,8.147,0.5915
ROP,Manufacturing,2008,1.2998,15.54,8.287,0.6326
ROP,Manufacturing,2009,1.3995,14.57,8.373,0.4765
ROP,Manufacturing,2010,1.6981,23.94,8.531,0.4875
ROP,Manufacturing,2011,1.7828,16.74,8.579,0.3396
ROP,Manufacturing,2012,1.8405,23.4,8.864,0.5483
ROP,Manufacturing,2013,1.9838,21.85,9.01,0.5851
ROP,Manufacturing,2014,2.124,32.43,9.038,0.4656
ROP,Manufacturing,2015,2.2044,43.71,9.227,0.6173
ROP,Manufacturing,2016,1.7329,53.29,9.57,1.0727
ROP,Manufacturing,2017,2.2143,56.99,9.569,0.7511
ROP,Manufacturing,2018,2.1312,57.4,9.632,0.6386
ROP,Manufacturing,2019,2.3429,65.08,9.804,0.5849
ROP,Manufacturing,2020,2.2923,61.31,10.087,0.94
ROP,Manufacturing,2021,2.5321,56.72,10.074,0.7051
ROP,Manufacturing,2022,1.9539,59.14,10.203,0.4285
ROP,Manufacturing,2023,2.3009,59.14,10.246,0.3744
ROST,Retail Trade,2003,2.5713,14.29,7.413,0.0662
ROST,Retail Trade,2004,2.4476,19.39,7.459,0.0653
ROST,Retail Trade,2005,2.1443,34.09,7.57,0.0598
ROST,Retail Trade,2006,1.9773,34.09,7.766,0.1649
ROST,Retail Trade,2007,1.7117,22.17,7.771,0.1545
ROST,Retail Trade,2008,1.6542,31.7,7.765,0.1505
ROST,Retail Trade,2009,2.0935,33.31,7.926,0.1296
ROST,Retail Trade,2010,2.5184,34.07,8.044,0.1126
ROST,Retail Trade,2011,3.5379,38.77,8.102,0.1005
ROST,Retail Trade,2012,3.6308,38.77,8.208,0.0849
ROST,Retail Trade,2013,3.7578,36.91,8.268,0.0747
ROST,Retail Trade,2014,4.1303,47.66,8.456,0.1748
ROST,Retail Trade,2015,4.7301,46.99,8.491,0.1602
ROST,Retail Trade,2016,4.9544,47.47,8.577,0.1443
ROST,Retail Trade,2017,5.5354,47.47,8.652,0.1302
ROST,Retail Trade,2018,5.6366,49.9,8.712,0.0945
ROST,Retail Trade,2019,4.6548,48.45,9.143,1.0383
ROST,Retail Trade,2020,3.5704,58.95,9.451,1.7422
ROST,Retail Trade,2021,2.9327,56.07,9.521,1.3847
ROST,Retail Trade,2022,3.4448,60.92,9.504,1.3306
ROST,Retail Trade,2023,3.6899,60.92,9.568,1.1799
RSG,Administrative and Support and Waste… Services,2004,1.4346,40.07,8.404,0.7233
RSG,Administrative and Support and Waste… Services,2005,1.4679,31.91,8.423,0.9186
RSG,Administrative and Support and Waste… Services,2006,1.5429,34.49,8.396,1.088
RSG,Administrative and Support and Waste… Services,2007,1.652,24.24,8.405,1.2025
RSG,Administrative and Support and Waste… Services,2008,0.8576,23.42,9.9,1.0578
RSG,Administrative and Support and Waste… Services,2009,0.908,27.1,9.88,0.9204
RSG,Administrative and Support and Waste… Services,2010,0.9352,26.78,9.876,0.8594
RSG,Administrative and Support and Waste… Services,2011,0.8753,22.85,9.881,0.9011
RSG,Administrative and Support and Waste… Services,2012,0.9003,50.33,9.884,0.9179
RSG,Administrative and Support and Waste… Services,2013,0.9516,45.92,9.901,0.888
RSG,Administrative and Support and Waste… Services,2014,1.0579,57.04,9.908,0.9117
RSG,Administrative and Support and Waste… Services,2015,1.1069,59.72,9.932,0.9743
RSG,Administrative and Support and Waste… Services,2016,1.3098,64.33,9.934,0.9958
RSG,Administrative and Support and Waste… Services,2017,1.4477,71.93,9.959,1.0287
RSG,Administrative and Support and Waste… Services,2018,1.4612,76.69,9.981,1.0518
RSG,Administrative and Support and Waste… Services,2019,1.6543,71.89,10.029,1.1028
RSG,Administrative and Support and Waste… Services,2020,1.7016,74.86,10.062,1.0814
RSG,Administrative and Support and Waste… Services,2021,2.1665,72.28,10.125,1.095
RSG,Administrative and Support and Waste… Services,2022,1.8193,78.05,10.277,1.2473
RSG,Administrative and Support and Waste… Services,2023,2.0678,78.05,10.355,1.2397
RTX,Manufacturing,2003,1.5591,40.65,10.453,0.4528
RTX,Manufacturing,2004,1.459,51.24,10.598,0.3991
RTX,Manufacturing,2005,1.4137,69.85,10.735,0.485
RTX,Manufacturing,2006,1.4888,60.6,10.761,0.4585
RTX,Manufacturing,2007,1.547,44.32,10.907,0.4284
RTX,Manufacturing,2008,1.0992,48.21,10.941,0.721
RTX,Manufacturing,2009,1.3408,52.72,10.929,0.4856
RTX,Manufacturing,2010,1.4157,62.53,10.977,0.4811
RTX,Manufacturing,2011,1.246,63.41,11.026,0.4689
RTX,Manufacturing,2012,1.1025,60.87,11.401,0.8961
RTX,Manufacturing,2013,1.3749,59.42,11.414,0.6352
RTX,Manufacturing,2014,1.3624,57.86,11.422,0.6342
RTX,Manufacturing,2015,1.1541,61.12,11.379,0.7466
RTX,Manufacturing,2016,1.2547,66.49,11.404,0.8666
RTX,Manufacturing,2017,1.3354,72.61,11.482,0.9282
RTX,Manufacturing,2018,1.0228,74.57,11.807,1.1844
RTX,Manufacturing,2019,1.2581,71.11,11.847,1.1092
RTX,Manufacturing,2020,0.8787,65.4,11.996,0.4687
RTX,Manufacturing,2021,1.0041,64.47,11.992,0.4592
RTX,Manufacturing,2022,1.1446,72.51,11.976,0.4661
RTX,Manufacturing,2023,0.9714,72.51,11.995,0.7623
RVTY,Manufacturing,2005,1.2288,46.99,7.899,0.1481
RVTY,Manufacturing,2006,1.1524,37.23,7.828,0.0969
RVTY,Manufacturing,2007,1.2125,30.74,7.989,0.328
RVTY,Manufacturing,2008,0.7293,33.53,7.983,0.3247
RVTY,Manufacturing,2009,0.9685,33.53,8.028,0.3428
RVTY,Manufacturing,2010,1.0638,47.59,8.074,0.2213
RVTY,Manufacturing,2011,0.8367,49.09,8.252,0.5129
RVTY,Manufacturing,2012,1.1769,50.76,8.269,0.4849
RVTY,Manufacturing,2013,1.4134,48.85,8.281,0.4687
RVTY,Manufacturing,2014,1.4445,45.46,8.327,0.5156
RVTY,Manufacturing,2015,1.6836,45.46,8.335,0.4799
RVTY,Manufacturing,2016,1.5814,57.5,8.361,0.4859
RVTY,Manufacturing,2017,1.6541,65.45,8.715,0.8014
RVTY,Manufacturing,2018,1.7704,68.14,8.695,0.7317
RVTY,Manufacturing,2019,1.9956,58.3,8.785,0.8021
RVTY,Manufacturing,2020,2.2994,58.3,8.982,0.5941
RVTY,Manufacturing,2021,2.0394,78.64,9.616,0.7296
RVTY,Manufacturing,2022,1.5786,71.41,9.556,0.6224
SBAC,Real Estate Rental and Leasing,2008,1.3931,15.17,8.074,5.1973
SBAC,Real Estate Rental and Leasing,2009,1.9584,17.37,8.106,4.1566
SBAC,Real Estate Rental and Leasing,2010,2.2148,21.94,8.132,8.9222
SBAC,Real Estate Rental and Leasing,2012,2.1787,20.72,8.794,8.2088
SBAC,Real Estate Rental and Leasing,2013,2.5679,16.63,8.822,16.473
SBUX,Accommodation and Food Services,2002,3.5302,56.02,7.738,0.0467
SBUX,Accommodation and Food Services,2003,4.1555,68.62,7.912,0.0024
SBUX,Accommodation and Food Services,2004,5.3296,68.62,8.129,0.0018
SBUX,Accommodation and Food Services,2005,5.5513,87.32,8.165,0.1355
SBUX,Accommodation and Food Services,2006,5.9764,67.28,8.396,0.3172
SBUX,Accommodation and Food Services,2007,3.8562,92.27,8.584,0.5535
SBUX,Accommodation and Food Services,2008,2.1507,89.61,8.643,0.5072
SBUX,Accommodation and Food Services,2009,2.8494,81.66,8.626,0.1804
SBUX,Accommodation and Food Services,2010,3.0572,81.66,8.762,0.1495
SBUX,Accommodation and Food Services,2011,3.848,85.25,8.904,0.1253
SBUX,Accommodation and Food Services,2012,4.6898,84.24,9.014,0.1076
SBUX,Accommodation and Food Services,2013,5.1467,82.86,9.352,0.29
SBUX,Accommodation and Food Services,2014,5.4502,83.35,9.283,0.3885
SBUX,Accommodation and Food Services,2015,6.9709,73.54,9.429,0.4035
SBUX,Accommodation and Food Services,2016,5.7695,73.54,9.57,0.6122
SBUX,Accommodation and Food Services,2017,5.6262,62.92,9.573,0.7216
SBUX,Accommodation and Food Services,2018,3.4711,62.2,10.092,8.0719
SCHW,Finance and Insurance,2003,0.3911,62.03,10.733,0.4176
SCHW,Finance and Insurance,2004,0.3645,48.88,10.761,0.2882
SCHW,Finance and Insurance,2005,0.4252,43.08,10.765,0.2699
SCHW,Finance and Insurance,2006,0.5078,42.55,10.799,0.0815
SCHW,Finance and Insurance,2007,0.7228,54.36,10.652,0.2425
SCHW,Finance and Insurance,2008,0.3792,54.58,10.853,0.2179
SCHW,Finance and Insurance,2010,0.2439,46.31,11.436,0.3222
SCHW,Finance and Insurance,2011,0.1503,52.8,11.595,0.2594
SCHW,Finance and Insurance,2012,0.1517,40.45,11.803,0.2215
SCHW,Finance and Insurance,2013,0.248,45.18,11.875,0.2001
SCHW,Finance and Insurance,2014,0.2682,43.96,11.949,0.1737
SCHW,Finance and Insurance,2015,0.2524,46.54,12.121,0.242
SCHW,Finance and Insurance,2016,0.2484,50.43,12.317,0.2109
SCHW,Finance and Insurance,2017,0.3653,45.75,12.402,1.2556
SCHW,Finance and Insurance,2018,0.2098,52.5,12.6,0.3847
SCHW,Finance and Insurance,2019,0.2355,52.4,12.591,0.4263
SCHW,Finance and Insurance,2020,0.2084,49.56,13.216,0.3035
SCHW,Finance and Insurance,2021,0.2756,43.59,13.411,0.5334
SCHW,Finance and Insurance,2022,0.3501,53.93,13.221,1.4449
SCHW,Finance and Insurance,2023,0.376,53.93,13.109,1.8879
SHW,Manufacturing,2004,1.6427,55.26,8.36,0.4482
SHW,Manufacturing,2005,1.547,40.31,8.382,0.3589
SHW,Manufacturing,2006,1.8752,39.27,8.516,0.4389
SHW,Manufacturing,2007,1.6669,41.92,8.488,0.5406
SHW,Manufacturing,2008,1.7724,37.31,8.393,0.5193
SHW,Manufacturing,2009,1.7495,42.42,8.372,0.5484
SHW,Manufacturing,2010,1.936,52.47,8.55,0.6492
SHW,Manufacturing,2011,1.9629,65.08,8.562,0.6549
SHW,Manufacturing,2012,2.8213,63.47,8.738,0.9515
SHW,Manufacturing,2013,3.1485,64.19,8.761,0.9703
SHW,Manufacturing,2014,4.6821,61.5,8.649,1.8118
SHW,Manufacturing,2015,4.4735,61.42,8.664,2.2615
SHW,Manufacturing,2016,3.9909,58.14,8.818,1.0394
SHW,Manufacturing,2017,2.4559,64.21,9.901,2.8494
SHW,Manufacturing,2018,2.4031,66.03,9.859,2.5045
SHW,Manufacturing,2019,3.1322,78.28,9.928,2.5289
SHW,Manufacturing,2020,3.7218,77.58,9.923,2.8009
SHW,Manufacturing,2021,5.0061,76.21,9.936,4.7166
SHW,Manufacturing,2022,3.282,74.6,10.025,4.0988
SHW,Manufacturing,2023,3.9956,74.6,10.041,3.3171
SJM,Manufacturing,2008,0.7571,15.14,9.011,0.3111
SJM,Manufacturing,2009,1.0263,15.14,8.984,0.1708
SJM,Manufacturing,2010,1.1862,33.52,9.027,0.2464
SJM,Manufacturing,2011,1.1906,52.12,9.118,0.401
SJM,Manufacturing,2012,1.4405,52.49,9.109,0.3919
SJM,Manufacturing,2013,1.3294,65.14,9.113,0.443
SJM,Manufacturing,2014,1.1866,60.82,9.734,0.8707
SJM,Manufacturing,2015,1.2637,61.92,9.679,0.7748
SJM,Manufacturing,2016,1.2643,59.59,9.658,0.7881
SJM,Manufacturing,2017,1.1625,73.5,9.636,0.6123
SJM,Manufacturing,2018,1.1884,72.77,9.724,0.7416
SJM,Manufacturing,2019,1.1132,68.21,9.739,0.7061
SJM,Manufacturing,2020,1.173,66.73,9.698,0.6043
SJM,Manufacturing,2021,1.1951,63.24,9.684,0.5664
SJM,Manufacturing,2022,1.3707,63.24,9.615,0.6073
SLB,Mining,2003,1.9745,38.22,9.906,1.2767
SLB,Mining,2004,2.7536,28.43,9.68,0.7619
SLB,Mining,2005,3.407,28.74,9.802,0.578
SLB,Mining,2006,3.5205,44.83,10.036,0.5744
SLB,Mining,2007,4.4188,50.63,10.235,0.3674
SLB,Mining,2008,1.7454,46.37,10.373,0.3138
SLB,Mining,2009,2.488,48.06,10.418,0.2866
SLB,Mining,2010,2.3523,46.49,10.855,0.2598
SLB,Mining,2011,1.8305,44.29,10.919,0.3177
SLB,Mining,2012,1.6845,51.12,11.028,0.3347
SLB,Mining,2013,1.952,49.01,11.114,0.3338
SLB,Mining,2014,1.8273,57.07,11.111,0.3522
SLB,Mining,2015,1.568,55.5,11.127,0.5332
SLB,Mining,2016,1.7501,69.43,11.264,0.4775
SLB,Mining,2017,1.5484,73.95,11.184,0.494
SLB,Mining,2018,0.9605,77.33,11.163,0.493
SLB,Mining,2019,1.285,77.44,10.939,0.7031
SLB,Mining,2020,1.138,76.67,10.656,1.4826
SLB,Mining,2021,1.3741,83.87,10.634,1.0003
SLB,Mining,2022,2.0598,82.93,10.672,0.7308
SLB,Mining,2023,1.8153,82.93,10.778,0.6328
SMCI,Manufacturing,2020,0.8035,41.99,7.559,0.0505
SMCI,Manufacturing,2021,0.8468,37.57,7.715,0.1086
SMCI,Manufacturing,2022,0.8522,42.2,8.072,0.4353
SMCI,Manufacturing,2023,3.6672,40.56,8.209,0.1472
SNA,Manufacturing,2002,1.002,23.3,7.598,0.4344
SNA,Manufacturing,2003,1.0328,23.3,7.668,0.3296
SNA,Manufacturing,2004,1.011,20.24,7.736,0.298
SNA,Manufacturing,2005,1.2095,23.45,7.605,0.2621
SNA,Manufacturing,2006,1.2624,17.2,7.884,0.5388
SNA,Manufacturing,2007,1.2003,29.94,7.925,0.4286
SNA,Manufacturing,2008,1.0352,29.94,7.905,0.4582
SNA,Manufacturing,2009,1.0255,43.16,8.145,0.8488
SNA,Manufacturing,2010,1.2028,38.29,8.224,0.8598
SNA,Manufacturing,2011,1.0765,49.97,8.209,0.6575
SNA,Manufacturing,2012,1.4393,44.99,8.269,0.5633
SNA,Manufacturing,2013,1.7931,44.67,8.321,0.4754
SNA,Manufacturing,2014,2.0629,44.67,8.369,0.4281
SNA,Manufacturing,2015,2.4204,44.24,8.409,0.374
SNA,Manufacturing,2016,2.3192,45.29,8.46,0.3931
SNA,Manufacturing,2017,2.1117,41.6,8.566,0.4075
SNA,Manufacturing,2018,1.7223,39.09,8.589,0.379
SNA,Manufacturing,2019,1.8402,41.38,8.647,0.3577
SNA,Manufacturing,2020,1.6429,41.38,8.788,0.3958
SNA,Manufacturing,2021,1.889,37.68,8.819,0.3015
SNA,Manufacturing,2022,1.9188,46.59,8.85,0.2832
SNA,Manufacturing,2023,2.1871,46.59,8.929,0.2527
SNPS,"Professional, Scientific, and Technical Services",2005,1.2944,41.5,7.669,0.006
SNPS,"Professional, Scientific, and Technical Services",2012,1.204,36.01,8.33,0.054
SNPS,"Professional, Scientific, and Technical Services",2013,1.3122,35.22,8.38,0.0377
SNPS,"Professional, Scientific, and Technical Services",2014,1.3541,34.67,8.471,0.0245
SNPS,"Professional, Scientific, and Technical Services",2015,1.5775,48.73,8.526,0.0654
SNPS,"Professional, Scientific, and Technical Services",2016,1.7533,45.8,8.564,0.0642
SNPS,"Professional, Scientific, and Technical Services",2017,2.4387,45.46,8.593,0.044
SNPS,"Professional, Scientific, and Technical Services",2018,2.2507,45.46,8.724,0.1349
SNPS,"Professional, Scientific, and Technical Services",2019,3.2076,69.73,8.765,0.0337
SNPS,"Professional, Scientific, and Technical Services",2020,4.1472,74.31,8.991,0.1352
SNPS,"Professional, Scientific, and Technical Services",2021,5.9029,63.92,9.077,0.1259
SNPS,"Professional, Scientific, and Technical Services",2022,4.8029,63.92,9.15,0.119
SO,Utilities,2003,1.0159,64.63,10.464,1.3861
SO,Utilities,2004,1.0476,71.6,10.518,1.3483
SO,Utilities,2005,1.0181,73.26,10.594,1.4024
SO,Utilities,2006,1.012,73.49,10.666,1.395
SO,Utilities,2007,1.0059,57.05,10.732,1.3297
SO,Utilities,2008,0.9751,70.3,10.786,1.3849
SO,Utilities,2009,0.9068,67.6,10.86,1.3364
SO,Utilities,2010,0.9629,48.74,10.916,1.2808
SO,Utilities,2011,1.0338,42.86,10.99,1.2074
SO,Utilities,2012,0.9459,45.79,11.053,1.2343
SO,Utilities,2013,0.9282,48.01,11.075,1.2334
SO,Utilities,2014,0.9846,47.79,11.169,1.2658
SO,Utilities,2015,0.9116,56.85,11.269,1.3956
SO,Utilities,2016,0.8767,64.23,11.605,1.9168
SO,Utilities,2017,0.8941,66.9,11.617,2.1018
SO,Utilities,2018,0.7891,61.53,11.669,1.895
SO,Utilities,2019,0.9752,64.57,11.684,1.7701
SO,Utilities,2020,0.9434,68.7,11.719,1.8247
SO,Utilities,2021,1.0049,65.47,11.756,1.99
SO,Utilities,2022,1.0149,65.09,11.812,1.9447
SPG,Real Estate Rental and Leasing,2005,1.4667,42.07,9.958,4.3709
SPG,Real Estate Rental and Leasing,2006,1.7127,49.22,10.003,4.974
SPG,Real Estate Rental and Leasing,2007,1.5501,33.72,10.069,6.1129
SPG,Real Estate Rental and Leasing,2008,1.295,33.72,10.061,7.0287
SPG,Real Estate Rental and Leasing,2009,1.5968,39.02,10.164,4.2222
SPG,Real Estate Rental and Leasing,2010,1.8755,44.82,10.121,3.6515
SPG,Real Estate Rental and Leasing,2011,2.1489,36.04,10.174,4.0061
SPG,Real Estate Rental and Leasing,2012,2.2127,34.0,10.392,3.9402
SPG,Real Estate Rental and Leasing,2013,2.1261,36.85,10.414,4.0635
SPG,Real Estate Rental and Leasing,2014,2.6226,57.12,10.293,4.13
SPG,Real Estate Rental and Leasing,2015,2.697,60.96,10.33,5.0821
SPG,Real Estate Rental and Leasing,2016,2.5271,62.76,10.345,5.3848
SPG,Real Estate Rental and Leasing,2017,2.4203,67.93,10.382,6.7614
SPG,Real Estate Rental and Leasing,2018,2.4512,67.93,10.332,7.1623
SPG,Real Estate Rental and Leasing,2019,2.2538,68.07,10.349,9.9357
SPG,Real Estate Rental and Leasing,2020,1.5883,68.66,10.457,9.0876
SPG,Real Estate Rental and Leasing,2021,2.3191,65.58,10.428,7.7802
SPG,Real Estate Rental and Leasing,2022,1.9348,61.48,10.405,8.2201
SPG,Real Estate Rental and Leasing,2023,2.1295,61.48,10.442,8.8936
SPGI,Information,2005,3.0091,19.59,8.763,0.0011
SPGI,Information,2006,3.9847,8.28,8.707,0.001
SPGI,Information,2007,2.4099,31.67,8.757,0.7453
SPGI,Information,2008,1.4076,36.32,8.713,0.9885
SPGI,Information,2009,1.8169,35.17,8.776,0.6484
SPGI,Information,2010,1.7595,65.2,8.86,0.5421
SPGI,Information,2011,2.1176,62.48,8.768,0.7944
SPGI,Information,2012,2.341,64.87,8.861,1.6375
SPGI,Information,2013,3.6283,60.85,8.71,0.6141
SPGI,Information,2014,3.6924,66.51,8.82,1.6373
SPGI,Information,2015,3.6361,71.27,9.01,18.6134
SPGI,Information,2016,3.6154,74.42,9.068,5.4831
SPGI,Information,2017,4.9385,84.83,9.151,5.0197
SPGI,Information,2018,4.8504,88.73,9.155,5.8312
SPGI,Information,2019,6.2834,87.34,9.337,9.7704
SPGI,Information,2020,6.6879,86.4,9.436,9.3399
SPGI,Information,2021,7.8821,82.94,9.618,2.314
SPGI,Information,2022,1.9336,83.49,11.031,0.3202
SPGI,Information,2023,2.4835,83.49,11.012,0.3539
SRE,Utilities,2003,0.5668,21.31,9.999,1.456
SRE,Utilities,2004,0.5901,15.32,10.071,1.1022
SRE,Utilities,2005,0.6049,15.26,10.282,0.9981
SRE,Utilities,2006,0.7013,12.51,10.273,0.7482
SRE,Utilities,2007,0.7295,40.44,10.312,0.6938
SRE,Utilities,2008,0.6807,40.44,10.181,0.9533
SRE,Utilities,2009,0.7885,52.27,10.258,0.9639
SRE,Utilities,2010,0.7312,58.31,10.318,1.0549
SRE,Utilities,2011,0.7213,54.99,10.415,1.1042
SRE,Utilities,2012,0.8243,57.87,10.505,1.2538
SRE,Utilities,2013,0.9367,60.1,10.525,1.176
SRE,Utilities,2014,1.0521,62.99,10.59,1.2687
SRE,Utilities,2015,0.9236,71.03,10.625,1.2417
SRE,Utilities,2016,0.8851,70.86,10.774,1.322
SRE,Utilities,2017,0.9174,84.12,10.829,1.5321
SRE,Utilities,2018,0.9067,77.68,11.013,1.7045
SRE,Utilities,2019,1.0737,72.55,11.092,1.489
SRE,Utilities,2020,0.9219,76.55,11.107,1.2195
SRE,Utilities,2021,0.9312,74.01,11.185,1.0029
SRE,Utilities,2022,0.9937,70.35,11.272,1.1248
SRE,Utilities,2023,0.9054,70.35,11.376,1.1425
STE,Manufacturing,2017,1.7745,38.24,8.556,0.4105
STE,Manufacturing,2018,2.3662,46.09,8.532,0.3723
STE,Manufacturing,2019,2.4276,46.67,8.599,0.3785
STE,Manufacturing,2020,2.7471,53.77,8.791,0.4646
STE,Manufacturing,2021,2.4049,54.95,9.343,0.5021
STE,Manufacturing,2022,2.0459,54.95,9.289,0.5388
STLD,Manufacturing,2007,1.7034,15.63,8.416,1.3274
STLD,Manufacturing,2008,0.8914,15.63,8.567,1.6321
STLD,Manufacturing,2009,1.1794,8.27,8.543,1.1179
STLD,Manufacturing,2010,1.1393,13.27,8.629,1.1405
STLD,Manufacturing,2011,0.8794,10.3,8.696,1.0277
STLD,Manufacturing,2012,0.897,16.87,8.668,0.9155
STLD,Manufacturing,2013,1.0892,17.25,8.688,0.8274
STLD,Manufacturing,2014,1.0656,26.16,8.897,1.0382
STLD,Manufacturing,2015,1.1188,31.53,8.733,0.9683
STLD,Manufacturing,2016,1.7172,32.48,8.768,0.8052
STLD,Manufacturing,2017,1.8409,50.52,8.833,0.7107
STLD,Manufacturing,2018,1.187,50.52,8.949,0.604
STLD,Manufacturing,2019,1.2218,54.13,9.021,0.6894
STLD,Manufacturing,2020,1.1839,55.33,9.134,0.7348
STLD,Manufacturing,2021,1.2217,58.43,9.436,0.5085
STLD,Manufacturing,2022,1.4179,59.4,9.558,0.3913
STLD,Manufacturing,2023,1.4822,59.4,9.61,0.3608
STT,Finance and Insurance,2003,0.513,48.3,11.38,4.7823
STT,Finance and Insurance,2004,0.452,64.09,11.451,4.2405
STT,Finance and Insurance,2005,0.454,60.87,11.492,4.0799
STT,Finance and Insurance,2006,0.458,67.96,11.584,3.6879
STT,Finance and Insurance,2007,0.3903,78.11,11.867,2.1474
STT,Finance and Insurance,2008,0.295,78.11,12.065,3.145
STT,Finance and Insurance,2009,0.4157,81.21,11.97,3.0441
STT,Finance and Insurance,2010,0.3479,73.94,11.986,1.8323
STT,Finance and Insurance,2011,0.1927,83.07,12.287,1.1708
STT,Finance and Insurance,2012,0.1882,83.63,12.313,0.9978
STT,Finance and Insurance,2013,0.2191,84.62,12.402,1.0786
STT,Finance and Insurance,2014,0.2042,80.4,12.521,1.1977
STT,Finance and Insurance,2015,0.1807,87.03,12.41,0.9667
STT,Finance and Insurance,2016,0.1941,87.66,12.4,0.9663
STT,Finance and Insurance,2017,0.216,87.74,12.382,0.8162
STT,Finance and Insurance,2018,0.1604,85.62,12.407,0.7236
STT,Finance and Insurance,2019,0.1786,85.19,12.412,0.7269
STT,Finance and Insurance,2020,0.1522,87.74,12.659,0.9355
STT,Finance and Insurance,2021,0.1591,80.8,12.659,0.6315
STT,Finance and Insurance,2022,0.1525,79.49,12.616,0.8141
STT,Finance and Insurance,2023,0.1634,79.49,12.602,1.1547
STX,Manufacturing,2005,1.7367,34.61,8.565,0.2912
STX,Manufacturing,2006,1.4679,43.32,9.164,0.1861
STX,Manufacturing,2007,1.4474,46.24,9.156,0.4355
STX,Manufacturing,2008,1.1176,49.41,9.222,0.4427
STX,Manufacturing,2009,1.1124,49.41,8.866,1.7894
STX,Manufacturing,2010,1.0469,41.62,9.018,0.9185
STX,Manufacturing,2011,1.1245,60.1,9.13,1.4259
STX,Manufacturing,2012,1.2524,57.95,9.221,0.8187
STX,Manufacturing,2013,2.0438,54.51,9.132,0.7946
STX,Manufacturing,2014,2.3677,56.23,9.158,1.3842
STX,Manufacturing,2015,1.944,56.23,9.195,1.3767
STX,Manufacturing,2016,1.3819,59.91,9.018,2.5926
STX,Manufacturing,2017,1.7618,59.95,9.134,3.6811
STX,Manufacturing,2018,2.2354,56.27,9.15,2.8943
STX,Manufacturing,2019,1.9058,57.33,9.092,1.9672
STX,Manufacturing,2020,1.8663,57.33,9.097,2.3716
STX,Manufacturing,2021,2.9034,60.16,9.068,8.2298
STX,Manufacturing,2022,2.313,53.34,9.099,52.2569
STZ,Manufacturing,2001,1.2495,17.74,8.029,1.4958
STZ,Manufacturing,2002,1.0953,12.59,8.07,1.0771
STZ,Manufacturing,2003,0.9765,12.59,8.623,0.8613
STZ,Manufacturing,2004,1.1726,19.19,8.962,1.1832
STZ,Manufacturing,2005,1.1735,19.71,8.909,0.9444
STZ,Manufacturing,2006,1.0273,29.0,9.153,1.2247
STZ,Manufacturing,2007,0.9358,27.49,9.216,1.9008
STZ,Manufacturing,2008,0.9075,24.91,8.992,2.3233
STZ,Manufacturing,2009,0.8868,29.18,8.999,1.4888
STZ,Manufacturing,2010,1.0502,29.18,8.877,1.2682
STZ,Manufacturing,2011,1.037,35.75,8.869,1.1695
STZ,Manufacturing,2012,1.503,32.81,8.941,1.1556
STZ,Manufacturing,2013,1.5757,41.38,9.568,1.4094
STZ,Manufacturing,2014,1.9588,41.38,9.625,1.2733
STZ,Manufacturing,2015,2.1391,35.41,9.739,1.232
STZ,Manufacturing,2016,2.1579,33.76,9.831,1.3406
STZ,Manufacturing,2017,2.503,42.88,9.93,1.266
STZ,Manufacturing,2018,1.5661,37.12,10.283,1.0849
STZ,Manufacturing,2019,1.6723,35.28,10.215,1.0505
STZ,Manufacturing,2020,1.9331,35.28,10.207,0.8076
STZ,Manufacturing,2021,1.9885,42.52,10.16,0.9337
SWK,Manufacturing,2002,1.537,19.42,7.791,0.7257
SWK,Manufacturing,2003,1.5555,19.42,7.793,0.8062
SWK,Manufacturing,2004,1.6212,16.93,7.955,0.4784
SWK,Manufacturing,2005,1.436,26.88,8.173,0.7374
SWK,Manufacturing,2006,1.2997,23.12,8.278,0.6438
SWK,Manufacturing,2007,1.1301,36.77,8.472,0.8706
SWK,Manufacturing,2008,0.8888,36.77,8.493,0.9758
SWK,Manufacturing,2009,1.1592,48.97,8.47,0.6964
SWK,Manufacturing,2010,0.9617,40.45,9.625,0.4896
SWK,Manufacturing,2011,0.933,41.93,9.677,0.4929
SWK,Manufacturing,2012,0.9701,36.75,9.671,0.5307
SWK,Manufacturing,2013,1.0129,47.73,9.713,0.618
SWK,Manufacturing,2014,1.1953,42.77,9.671,0.5984
SWK,Manufacturing,2015,1.3363,34.53,9.627,0.6615
SWK,Manufacturing,2016,1.3639,36.39,9.657,0.6011
SWK,Manufacturing,2017,1.5708,45.82,9.856,0.5077
SWK,Manufacturing,2018,1.1498,64.32,9.873,0.5925
SWK,Manufacturing,2019,1.4321,73.73,9.933,0.5308
SWK,Manufacturing,2020,1.4209,73.73,10.068,0.4935
SWK,Manufacturing,2021,1.3431,73.55,10.246,0.642
SWK,Manufacturing,2022,0.7767,72.26,10.125,0.8132
SWK,Manufacturing,2023,0.9615,72.26,10.072,0.8484
SWKS,Manufacturing,2011,1.7846,47.35,7.545,0.0162
SWKS,Manufacturing,2012,2.1204,49.11,7.667,0.0
SWKS,Manufacturing,2013,2.0005,47.38,7.755,0.0
SWKS,Manufacturing,2014,3.6933,47.38,7.998,0.0
SWKS,Manufacturing,2015,4.3085,44.46,8.221,0.0
SWKS,Manufacturing,2016,3.6516,41.67,8.257,0.0
SWKS,Manufacturing,2017,4.0795,55.95,8.428,0.0
SWKS,Manufacturing,2018,3.3324,56.57,8.482,0.0
SWKS,Manufacturing,2019,2.7854,54.75,8.485,0.0
SWKS,Manufacturing,2020,4.7533,54.75,8.538,0.043
SWKS,Manufacturing,2021,3.4516,49.02,9.058,0.4556
SWKS,Manufacturing,2022,1.8115,50.1,9.091,0.4415
SWKS,Manufacturing,2023,2.0452,57.44,9.039,0.2481
SYF,Finance and Insurance,2014,0.6904,30.47,11.235,2.6208
SYF,Finance and Insurance,2015,0.5907,35.25,11.34,1.9315
SYF,Finance and Insurance,2016,0.552,44.37,11.41,1.4192
SYF,Finance and Insurance,2017,0.5276,54.19,11.47,1.4612
SYF,Finance and Insurance,2018,0.3826,54.19,11.579,1.6348
SYF,Finance and Insurance,2019,0.4011,60.27,11.56,1.384
SYF,Finance and Insurance,2020,0.3757,66.46,11.472,1.3182
SYF,Finance and Insurance,2021,0.4068,65.23,11.469,1.1227
SYF,Finance and Insurance,2022,0.2734,62.87,11.558,1.169
SYF,Finance and Insurance,2023,0.2683,62.87,11.674,1.2136
SYK,Manufacturing,2003,5.3821,22.03,8.058,0.0121
SYK,Manufacturing,2004,4.758,34.78,8.315,0.0036
SYK,Manufacturing,2005,3.6882,32.55,8.506,0.0712
SYK,Manufacturing,2006,3.8296,35.17,8.678,0.0035
SYK,Manufacturing,2007,4.1782,33.47,8.903,0.0031
SYK,Manufacturing,2008,2.0855,40.75,8.936,0.0038
SYK,Manufacturing,2009,2.2114,36.86,9.113,0.0027
SYK,Manufacturing,2010,2.0214,50.53,9.296,0.1424
SYK,Manufacturing,2011,1.6693,49.68,9.426,0.2301
SYK,Manufacturing,2012,1.7109,45.12,9.488,0.205
SYK,Manufacturing,2013,1.9797,43.66,9.664,0.3055
SYK,Manufacturing,2014,2.2373,36.58,9.782,0.4622
SYK,Manufacturing,2015,2.3813,42.22,9.696,0.4726
SYK,Manufacturing,2016,2.537,45.46,9.925,0.724
SYK,Manufacturing,2017,2.9371,53.75,10.008,0.7247
SYK,Manufacturing,2018,2.5174,64.17,10.212,0.8405
SYK,Manufacturing,2019,2.9867,66.24,10.315,0.8962
SYK,Manufacturing,2020,3.1047,75.33,10.444,1.1025
SYK,Manufacturing,2021,3.2876,81.69,10.453,0.8672
SYK,Manufacturing,2022,2.877,78.5,10.516,0.814
SYK,Manufacturing,2023,3.19,78.5,10.594,0.7258
SYY,Wholesale Trade,2002,3.1797,30.27,8.698,0.5892
SYY,Wholesale Trade,2003,2.9853,33.66,8.845,0.6244
SYY,Wholesale Trade,2004,3.0966,33.66,8.968,0.5725
SYY,Wholesale Trade,2005,2.9244,29.4,9.02,0.5187
SYY,Wholesale Trade,2006,2.2994,25.84,9.104,0.5775
SYY,Wholesale Trade,2007,2.3075,44.7,9.161,0.5432
SYY,Wholesale Trade,2008,1.8369,44.37,9.219,0.5809
SYY,Wholesale Trade,2009,1.5407,42.23,9.232,0.7179
SYY,Wholesale Trade,2010,1.8705,42.23,9.241,0.6481
SYY,Wholesale Trade,2011,1.8544,54.05,9.34,0.5671
SYY,Wholesale Trade,2012,1.6937,67.37,9.401,0.6443
SYY,Wholesale Trade,2013,1.8091,68.46,9.447,0.5564
SYY,Wholesale Trade,2014,1.8765,67.56,9.486,0.524
SYY,Wholesale Trade,2015,1.5997,74.69,9.798,1.3919
SYY,Wholesale Trade,2016,2.1427,74.69,9.724,2.1369
SYY,Wholesale Trade,2017,1.9639,75.08,9.785,3.441
SYY,Wholesale Trade,2018,2.4284,71.14,9.802,3.3217
SYY,Wholesale Trade,2019,2.4732,74.87,9.796,3.2619
SYY,Wholesale Trade,2020,1.894,66.3,10.027,13.0134
SYY,Wholesale Trade,2021,2.4104,66.3,9.972,7.6117
SYY,Wholesale Trade,2022,2.4666,68.62,10.003,8.2399
SYY,Wholesale Trade,2023,2.1316,74.47,10.035,5.559
T,Information,2003,1.0393,18.78,11.515,0.469
T,Information,2004,1.0293,4.18,11.598,0.6657
T,Information,2005,0.8619,39.37,11.889,0.559
T,Information,2006,1.0451,39.35,12.509,0.5175
T,Information,2007,1.1438,47.79,12.527,0.5557
T,Information,2008,0.9159,54.82,12.488,0.7783
T,Information,2009,0.8838,64.87,12.502,0.7074
T,Information,2010,0.8933,63.78,12.501,0.5926
T,Information,2011,0.9024,66.89,12.507,0.6136
T,Information,2012,0.9474,66.64,12.515,0.7562
T,Information,2013,0.9307,66.54,12.535,0.822
T,Information,2014,0.8752,63.73,12.587,0.9502
T,Information,2015,0.8384,64.6,12.906,1.0284
T,Information,2016,0.9524,60.49,12.909,1.0031
T,Information,2017,0.9076,62.58,13.004,1.1667
T,Information,2018,0.7226,65.33,13.184,0.9588
T,Information,2019,0.8554,68.59,13.221,1.0227
T,Information,2020,0.7378,73.75,13.173,1.1318
T,Information,2021,0.6877,72.22,13.221,1.2244
T,Information,2022,0.7185,80.35,12.906,1.6228
T,Information,2023,0.6839,80.35,12.917,1.5337
TAP,Manufacturing,2002,0.8745,12.36,8.366,1.5605
TAP,Manufacturing,2003,0.7342,14.31,8.409,0.9871
TAP,Manufacturing,2004,0.8119,6.6,8.446,0.5822
TAP,Manufacturing,2005,0.6969,14.67,9.376,0.4666
TAP,Manufacturing,2006,0.7572,7.8,9.359,0.3669
TAP,Manufacturing,2007,0.862,43.82,9.507,0.3168
TAP,Manufacturing,2008,1.0395,48.53,9.251,0.3063
TAP,Manufacturing,2009,0.839,69.06,9.394,0.242
TAP,Manufacturing,2010,0.8928,67.37,9.449,0.2514
TAP,Manufacturing,2011,0.7887,64.6,9.427,0.2565
TAP,Manufacturing,2012,0.767,65.15,9.694,0.5859
TAP,Manufacturing,2013,0.9077,65.15,9.654,0.4399
TAP,Manufacturing,2014,1.2153,57.44,9.547,0.4052
TAP,Manufacturing,2015,1.6508,57.44,9.415,0.4171
TAP,Manufacturing,2016,1.1242,61.26,10.287,1.0573
TAP,Manufacturing,2017,0.9609,62.09,10.317,0.861
TAP,Manufacturing,2018,0.7542,63.68,10.313,0.7828
TAP,Manufacturing,2019,0.7229,64.29,10.27,0.6859
TAP,Manufacturing,2020,0.665,64.29,10.216,0.6779
TAP,Manufacturing,2021,0.6283,61.21,10.226,0.5437
TAP,Manufacturing,2022,0.69,64.73,10.161,0.5285
TDG,Manufacturing,2009,1.5462,7.46,7.806,1.6563
TDG,Manufacturing,2010,1.8071,7.24,7.893,2.9877
TDG,Manufacturing,2011,1.6061,10.85,8.415,3.87
TDG,Manufacturing,2012,2.0051,10.97,8.605,2.9693
TDY,Manufacturing,2016,1.7793,21.59,7.928,0.3975
TDY,Manufacturing,2017,1.9527,39.79,8.255,0.551
TDY,Manufacturing,2018,2.1587,41.9,8.245,0.3366
TDY,Manufacturing,2019,2.9815,38.83,8.429,0.3645
TDY,Manufacturing,2020,3.0288,38.83,8.534,0.2838
TDY,Manufacturing,2021,1.7092,40.69,9.577,0.5597
TDY,Manufacturing,2022,1.591,41.61,9.572,0.4989
TECH,Manufacturing,2009,5.035,19.66,6.157,0.0
TECH,Manufacturing,2010,4.1008,20.13,6.252,0.0
TECH,Manufacturing,2011,5.0147,22.21,6.426,0.0
TECH,Manufacturing,2012,3.7987,22.02,6.578,0.0
TECH,Manufacturing,2013,3.2702,18.57,6.657,0.0
TECH,Manufacturing,2014,3.9864,24.73,6.76,0.0163
TECH,Manufacturing,2015,3.5129,28.81,6.969,0.0909
TECH,Manufacturing,2016,3.8035,34.44,7.03,0.1083
TECH,Manufacturing,2017,3.0375,46.09,7.351,0.362
TECH,Manufacturing,2018,3.7052,50.03,7.374,0.3142
TECH,Manufacturing,2019,4.4651,63.89,7.541,0.4334
TECH,Manufacturing,2020,5.2219,56.05,7.615,0.3139
TECH,Manufacturing,2021,7.9367,64.38,7.724,0.2691
TECH,Manufacturing,2022,6.0573,78.34,7.738,0.1915
TECH,Manufacturing,2023,5.0492,64.71,7.878,0.2314
TER,Manufacturing,2003,2.9691,23.27,7.487,0.4373
TER,Manufacturing,2004,1.9349,21.64,7.561,0.3565
TER,Manufacturing,2005,1.7073,19.38,7.528,0.2452
TER,Manufacturing,2006,1.6424,20.45,7.451,0.0
TER,Manufacturing,2007,1.1507,37.79,7.349,0.0
TER,Manufacturing,2008,0.6788,46.3,7.119,0.1735
TER,Manufacturing,2009,1.6352,43.55,7.119,0.2156
TER,Manufacturing,2010,1.4961,44.52,7.501,0.136
TER,Manufacturing,2011,1.2176,43.12,7.691,0.108
TER,Manufacturing,2012,1.3778,54.39,7.795,0.0975
TER,Manufacturing,2013,1.3556,49.93,7.875,0.094
TER,Manufacturing,2014,1.6887,45.88,7.839,0.0
TER,Manufacturing,2015,1.6515,41.02,7.843,0.0
TER,Manufacturing,2016,1.959,44.89,7.924,0.1929
TER,Manufacturing,2017,2.7508,47.52,8.042,0.1873
TER,Manufacturing,2018,2.1754,51.24,7.903,0.2496
TER,Manufacturing,2019,4.2366,53.22,7.933,0.3108
TER,Manufacturing,2020,5.5825,44.48,8.203,0.2142
TER,Manufacturing,2021,7.0135,56.33,8.245,0.072
TER,Manufacturing,2022,3.9239,58.46,8.161,0.0542
TER,Manufacturing,2023,4.7761,58.46,8.157,0.0327
TFC,Finance and Insurance,2003,0.432,23.52,11.413,1.8262
TFC,Finance and Insurance,2004,0.4104,14.7,11.518,1.6651
TFC,Finance and Insurance,2005,0.3888,32.85,11.601,1.7684
TFC,Finance and Insurance,2006,0.3937,31.81,11.706,2.0427
TFC,Finance and Insurance,2007,0.3474,49.79,11.795,2.3216
TFC,Finance and Insurance,2008,0.2906,51.2,11.932,2.2246
TFC,Finance and Insurance,2009,0.2834,38.45,12.018,1.8209
TFC,Finance and Insurance,2010,0.2907,30.46,11.965,1.6673
TFC,Finance and Insurance,2011,0.2458,37.21,12.07,1.4565
TFC,Finance and Insurance,2012,0.2303,32.58,12.122,1.1542
TFC,Finance and Insurance,2013,0.2841,33.02,12.117,1.2716
TFC,Finance and Insurance,2014,0.2947,38.49,12.138,1.2436
TFC,Finance and Insurance,2015,0.2709,46.59,12.255,1.1076
TFC,Finance and Insurance,2016,0.2802,50.71,12.298,0.8711
TFC,Finance and Insurance,2017,0.3044,57.1,12.309,1.0749
TFC,Finance and Insurance,2018,0.2745,59.3,12.327,1.0672
TFC,Finance and Insurance,2019,0.2904,58.82,13.067,1.0085
TFC,Finance and Insurance,2020,0.2204,69.88,13.141,0.7582
TFC,Finance and Insurance,2021,0.2227,69.93,13.202,0.6838
TFC,Finance and Insurance,2022,0.2256,75.88,13.227,1.2661
TFC,Finance and Insurance,2023,0.2137,75.88,13.191,1.2427
TFX,Manufacturing,2008,0.9001,21.19,8.276,1.2406
TFX,Manufacturing,2009,0.8697,26.97,8.253,0.7572
TFX,Manufacturing,2010,0.8425,29.39,8.201,0.5143
TFX,Manufacturing,2011,0.8809,21.18,8.275,0.4846
TFX,Manufacturing,2012,1.0407,24.89,8.227,0.5453
TFX,Manufacturing,2013,1.2239,26.19,8.345,0.6722
TFX,Manufacturing,2014,1.4649,32.51,8.288,0.559
TFX,Manufacturing,2015,1.685,47.11,8.263,0.5305
TFX,Manufacturing,2016,2.0908,50.63,8.266,0.4834
TFX,Manufacturing,2017,2.182,52.36,8.729,0.9255
TFX,Manufacturing,2018,2.2385,63.41,8.745,0.8499
TFX,Manufacturing,2019,3.0874,62.19,8.75,0.6818
TFX,Manufacturing,2020,3.0478,64.12,8.875,0.7754
TFX,Manufacturing,2021,2.5293,65.33,8.835,0.5295
TFX,Manufacturing,2022,1.958,75.04,8.843,0.4603
TFX,Manufacturing,2023,1.8154,75.04,8.927,0.4382
TGT,Retail Trade,2002,1.2875,40.37,10.261,1.1819
TGT,Retail Trade,2003,1.4556,61.12,10.354,1.0016
TGT,Retail Trade,2004,1.6956,64.92,10.383,0.7321
TGT,Retail Trade,2005,1.6496,72.26,10.463,0.695
TGT,Retail Trade,2006,1.6812,72.26,10.528,0.642
TGT,Retail Trade,2007,1.4018,64.86,10.705,1.1165
TGT,Retail Trade,2008,0.9576,67.08,10.694,1.3676
TGT,Retail Trade,2009,1.2349,68.68,10.704,1.0956
TGT,Retail Trade,2010,1.2431,69.31,10.685,1.0154
TGT,Retail Trade,2011,1.1042,76.19,10.75,1.1051
TGT,Retail Trade,2013,1.114,77.42,10.704,0.8491
TGT,Retail Trade,2014,1.4473,80.09,10.631,0.9142
TGT,Retail Trade,2015,1.4002,84.45,10.603,0.9848
TGT,Retail Trade,2016,1.2987,87.39,10.53,1.164
TGT,Retail Trade,2017,1.3419,87.39,10.571,0.9896
TGT,Retail Trade,2018,1.241,88.27,10.628,1.1901
TGT,Retail Trade,2019,1.6319,82.33,10.664,1.1809
TGT,Retail Trade,2020,2.0655,84.89,10.844,1.0463
TGT,Retail Trade,2021,2.2365,84.41,10.893,1.2838
TGT,Retail Trade,2022,1.8434,85.93,10.884,1.6981
TGT,Retail Trade,2023,1.5148,85.93,10.922,1.4626
TJX,Retail Trade,2004,2.5095,34.2,8.532,0.4234
TJX,Retail Trade,2005,2.2883,37.33,8.612,0.4274
TJX,Retail Trade,2006,2.3373,47.86,8.714,0.3536
TJX,Retail Trade,2007,2.1793,40.26,8.795,0.4014
TJX,Retail Trade,2008,1.4237,54.95,8.729,0.3649
TJX,Retail Trade,2009,2.191,67.98,8.918,0.2743
TJX,Retail Trade,2010,2.4155,67.57,8.984,0.2549
TJX,Retail Trade,2011,3.167,68.11,9.022,0.2454
TJX,Retail Trade,2012,3.5199,68.11,9.16,0.2113
TJX,Retail Trade,2013,4.0892,64.85,9.23,0.3012
TJX,Retail Trade,2014,4.2087,57.66,9.317,0.3951
TJX,Retail Trade,2015,4.259,59.56,9.35,0.3969
TJX,Retail Trade,2016,3.945,72.69,9.464,0.5329
TJX,Retail Trade,2017,3.7626,72.69,9.551,0.4764
TJX,Retail Trade,2018,4.3981,71.56,9.57,0.4906
TJX,Retail Trade,2019,3.4069,65.97,10.092,1.9274
TJX,Retail Trade,2020,3.0069,68.36,10.336,2.658
TJX,Retail Trade,2021,3.4263,68.14,10.256,2.0835
TJX,Retail Trade,2022,3.786,67.76,10.252,2.0025
TJX,Retail Trade,2023,4.0384,67.76,10.3,1.7176
TMO,Manufacturing,2002,1.155,25.27,8.202,0.4602
TMO,Manufacturing,2003,1.3087,15.63,8.128,0.1156
TMO,Manufacturing,2004,1.4226,16.94,8.182,0.0904
TMO,Manufacturing,2005,1.2923,19.89,8.355,0.2144
TMO,Manufacturing,2006,1.0127,11.34,9.965,0.1915
TMO,Manufacturing,2007,1.2329,26.45,9.962,0.1515
TMO,Manufacturing,2008,0.7728,36.12,9.957,0.1379
TMO,Manufacturing,2009,1.0036,33.05,9.982,0.1415
TMO,Manufacturing,2010,1.1149,53.67,9.969,0.1391
TMO,Manufacturing,2011,0.8843,48.11,10.197,0.4673
TMO,Manufacturing,2012,1.0903,51.51,10.22,0.4607
TMO,Manufacturing,2013,1.594,50.44,10.369,0.6222
TMO,Manufacturing,2014,1.5108,66.96,10.666,0.7088
TMO,Manufacturing,2015,1.6927,73.01,10.619,0.5867
TMO,Manufacturing,2016,1.5715,70.74,10.734,0.772
TMO,Manufacturing,2017,1.7154,71.19,10.945,0.8267
TMO,Manufacturing,2018,1.9381,69.08,10.937,0.6884
TMO,Manufacturing,2019,2.5356,68.85,10.975,0.6231
TMO,Manufacturing,2020,3.0022,68.48,11.143,0.6533
TMO,Manufacturing,2021,3.1488,74.08,11.463,0.8908
TMO,Manufacturing,2022,2.5848,70.78,11.484,0.8203
TMO,Manufacturing,2023,2.4477,70.78,11.5,0.7794
TMUS,Information,2013,0.9941,34.76,10.819,1.5925
TMUS,Information,2014,0.8161,35.39,10.945,1.563
TMUS,Information,2015,0.976,32.77,11.042,1.7469
TMUS,Information,2016,1.1827,32.77,11.096,1.6674
TMUS,Information,2017,1.2115,41.5,11.164,1.3701
TMUS,Information,2018,1.1617,42.35,11.191,1.2179
TMUS,Information,2019,1.2601,40.17,11.373,1.4705
TMUS,Information,2020,1.3724,58.84,12.207,1.6413
TMUS,Information,2021,1.2282,60.01,12.238,1.5747
TMUS,Information,2022,1.3464,57.56,12.261,1.6049
TMUS,Information,2023,1.4677,57.56,12.244,1.7474
TPR,Manufacturing,2002,5.6594,30.12,6.088,0.1454
TPR,Manufacturing,2003,7.4176,26.13,6.426,0.0705
TPR,Manufacturing,2004,8.3352,26.13,6.936,0.0067
TPR,Manufacturing,2005,9.442,24.21,7.206,0.0152
TPR,Manufacturing,2006,6.8005,31.44,7.394,0.0028
TPR,Manufacturing,2007,7.2083,30.35,7.804,0.0016
TPR,Manufacturing,2008,4.278,23.99,7.729,0.0019
TPR,Manufacturing,2009,3.3463,37.44,7.849,0.0195
TPR,Manufacturing,2010,4.4081,37.44,7.811,0.0165
TPR,Manufacturing,2011,7.0088,32.71,7.877,0.015
TPR,Manufacturing,2012,5.3787,30.98,8.041,0.0117
TPR,Manufacturing,2013,4.557,38.32,8.17,0.0004
TPR,Manufacturing,2014,2.5991,53.66,8.206,0.058
TPR,Manufacturing,2015,2.2421,51.38,8.448,0.3576
TPR,Manufacturing,2016,2.4981,51.38,8.495,0.3266
TPR,Manufacturing,2017,2.5593,55.71,8.671,0.5262
TPR,Manufacturing,2018,2.254,63.34,8.807,0.4933
TPR,Manufacturing,2019,1.5563,71.45,8.836,0.4562
TPR,Manufacturing,2020,1.0299,68.25,8.978,1.9739
TPR,Manufacturing,2022,1.4626,58.72,8.891,1.4285
TPR,Manufacturing,2023,1.8305,72.06,8.87,1.4463
TRGP,Transportation and Warehousing,2016,1.1839,24.22,9.463,0.93
TRGP,Transportation and Warehousing,2017,1.0833,32.61,9.574,0.8203
TRGP,Transportation and Warehousing,2018,0.8861,37.0,9.737,1.0956
TRGP,Transportation and Warehousing,2019,0.924,51.45,9.842,1.6008
TRGP,Transportation and Warehousing,2020,0.8712,50.71,9.673,2.9443
TRGP,Transportation and Warehousing,2021,1.2208,54.99,9.63,3.3022
TRGP,Transportation and Warehousing,2022,1.4414,59.09,9.881,4.3438
TRGP,Transportation and Warehousing,2023,1.5659,59.09,9.937,4.7568
TRMB,Information,2009,1.8176,49.13,7.469,0.1202
TRMB,Information,2010,2.6687,36.37,7.532,0.1121
TRMB,Information,2011,2.2362,35.87,7.883,0.3597
TRMB,Information,2012,2.4553,53.29,8.152,0.4802
TRMB,Information,2013,2.6307,53.29,8.216,0.3415
TRMB,Information,2014,1.9659,54.42,8.262,0.3133
TRMB,Information,2015,1.6593,51.59,8.211,0.3287
TRMB,Information,2016,2.2311,43.55,8.209,0.2688
TRMB,Information,2017,2.566,44.78,8.366,0.3863
TRMB,Information,2018,1.7702,42.86,8.662,0.7361
TRMB,Information,2019,1.868,42.86,8.801,0.6368
TRMB,Information,2020,2.6809,57.8,8.836,0.4699
TRMB,Information,2021,3.2855,60.91,8.868,0.3675
TRMB,Information,2022,1.9457,56.98,8.891,0.4099
TRMB,Information,2023,1.712,56.98,9.163,0.715
TROW,Finance and Insurance,2003,3.8298,24.59,7.344,0.0
TROW,Finance and Insurance,2004,4.1795,27.15,7.565,0.0
TROW,Finance and Insurance,2005,4.105,16.69,7.745,0.0
TROW,Finance and Insurance,2006,4.1939,22.13,7.925,0.0
TROW,Finance and Insurance,2007,5.0701,34.52,8.064,0.0
TROW,Finance and Insurance,2008,3.2287,34.52,7.944,0.0
TROW,Finance and Insurance,2009,4.2884,35.08,8.074,0.0
TROW,Finance and Insurance,2010,4.5855,39.79,8.2,0.0
TROW,Finance and Insurance,2011,3.8256,48.69,8.235,0.0
TROW,Finance and Insurance,2012,3.9822,56.3,8.344,0.0
TROW,Finance and Insurance,2013,4.3619,52.3,8.524,0.0
TROW,Finance and Insurance,2014,3.9719,48.41,8.638,0.0
TROW,Finance and Insurance,2015,3.5062,50.17,8.538,0.0
TROW,Finance and Insurance,2016,2.9594,56.91,8.736,0.0
TROW,Finance and Insurance,2017,3.4135,55.27,8.927,0.0
TROW,Finance and Insurance,2018,2.8583,72.07,8.948,0.0
TROW,Finance and Insurance,2019,3.0872,67.95,9.141,0.0206
TROW,Finance and Insurance,2020,3.2522,51.21,9.274,0.02
TROW,Finance and Insurance,2021,3.6315,54.82,9.434,0.0401
TROW,Finance and Insurance,2022,2.1382,56.2,9.362,0.0489
TROW,Finance and Insurance,2023,1.9964,56.2,9.416,0.0419
TSCO,Wholesale Trade,2008,1.2134,45.57,6.981,0.0038
TSCO,Wholesale Trade,2009,1.554,43.41,7.115,0.0025
TSCO,Wholesale Trade,2010,2.4123,55.29,7.289,0.0015
TSCO,Wholesale Trade,2011,3.1355,53.49,7.375,0.0013
TSCO,Wholesale Trade,2012,3.5989,52.35,7.442,0.0012
TSCO,Wholesale Trade,2013,5.6928,54.57,7.551,0.001
TSCO,Wholesale Trade,2014,5.286,55.45,7.618,0.004
TSCO,Wholesale Trade,2015,4.9114,55.46,7.771,0.1205
TSCO,Wholesale Trade,2016,3.8194,55.46,7.892,0.2072
TSCO,Wholesale Trade,2017,3.4261,72.66,7.962,0.3258
TSCO,Wholesale Trade,2018,3.4375,74.36,8.034,0.2819
TSCO,Wholesale Trade,2019,2.5997,78.34,8.573,1.7288
TSCO,Wholesale Trade,2020,2.8207,73.86,8.861,1.8409
TSCO,Wholesale Trade,2021,3.9795,77.45,8.958,1.957
TSCO,Wholesale Trade,2022,3.4244,77.14,9.047,2.0907
TSCO,Wholesale Trade,2023,3.0751,77.14,9.126,2.3426
TSLA,Manufacturing,2011,4.5771,22.23,6.57,1.2504
TSLA,Manufacturing,2012,3.8908,24.03,7.016,3.7423
TSLA,Manufacturing,2013,7.9122,26.61,7.79,0.9097
TSLA,Manufacturing,2014,5.1945,28.13,8.674,2.6652
TSLA,Manufacturing,2015,4.2282,27.66,8.999,2.4552
TSLA,Manufacturing,2016,1.8434,31.3,10.029,1.5267
TSLA,Manufacturing,2017,2.1987,38.31,10.263,2.4663
TSLA,Manufacturing,2018,2.3378,47.92,10.3,2.4544
TSLA,Manufacturing,2019,2.6353,56.9,10.443,2.2208
TSLA,Manufacturing,2020,13.2467,62.16,10.862,0.6005
TSLA,Manufacturing,2021,17.713,63.19,11.037,0.2939
TSLA,Manufacturing,2022,4.8032,69.84,11.319,0.1286
TSLA,Manufacturing,2023,7.5126,69.84,11.577,0.1528
TSN,Manufacturing,2005,0.8952,35.99,9.26,0.6412
TSN,Manufacturing,2006,0.8647,56.97,9.317,0.8962
TSN,Manufacturing,2007,0.8931,47.03,9.233,0.5874
TSN,Manufacturing,2008,0.6818,51.45,9.292,0.5776
TSN,Manufacturing,2009,0.7835,51.45,9.268,0.8162
TSN,Manufacturing,2010,0.7976,60.89,9.283,0.4909
TSN,Manufacturing,2011,0.7773,57.23,9.312,0.3857
TSN,Manufacturing,2012,0.6879,58.5,9.384,0.4045
TSN,Manufacturing,2013,0.9967,56.96,9.407,0.3883
TSN,Manufacturing,2014,0.9593,57.87,10.084,0.9199
TSN,Manufacturing,2015,0.9837,57.87,10.043,0.6939
TSN,Manufacturing,2016,1.4855,56.51,10.016,0.6535
TSN,Manufacturing,2017,1.2863,58.05,10.242,0.9679
TSN,Manufacturing,2018,1.0877,53.63,10.279,0.7711
TSN,Manufacturing,2019,1.3131,69.41,10.407,0.8473
TSN,Manufacturing,2020,0.9745,69.41,10.447,0.778
TSN,Manufacturing,2021,1.0654,62.27,10.5,0.557
TSN,Manufacturing,2022,0.884,59.31,10.514,0.4475
TT,Manufacturing,2005,1.3157,39.3,9.372,0.3674
TT,Manufacturing,2006,1.1517,59.48,9.405,0.3672
TT,Manufacturing,2007,0.9823,58.86,9.573,0.1838
TT,Manufacturing,2008,0.5092,62.96,9.949,0.7692
TT,Manufacturing,2009,0.7781,72.26,9.903,0.5768
TT,Manufacturing,2010,0.9573,78.17,9.903,0.4626
TT,Manufacturing,2011,0.677,75.83,9.839,0.5261
TT,Manufacturing,2012,0.9415,5.87,9.825,0.4523
TT,Manufacturing,2013,1.1856,64.05,9.779,0.4981
TT,Manufacturing,2014,1.22,61.37,9.758,0.7055
TT,Manufacturing,2015,1.1162,68.16,9.725,0.7288
TT,Manufacturing,2016,1.3511,69.04,9.764,0.6126
TT,Manufacturing,2017,1.448,66.67,9.808,0.5692
TT,Manufacturing,2018,1.4603,74.8,9.793,0.5826
TT,Manufacturing,2019,1.8453,78.28,9.928,0.8448
TT,Manufacturing,2020,2.2225,78.92,9.807,0.8876
TT,Manufacturing,2021,2.9237,78.92,9.801,0.8449
TT,Manufacturing,2022,2.4206,78.85,9.803,0.8714
TT,Manufacturing,2023,3.1307,78.85,9.873,0.758
TTWO,Information,2014,1.2214,20.61,7.71,0.8454
TTWO,Information,2015,1.4513,23.63,7.86,0.8565
TTWO,Information,2016,2.0114,37.29,8.055,0.251
TTWO,Information,2017,2.9853,48.34,8.226,0.0054
TTWO,Information,2018,2.495,35.96,8.353,0.0
TTWO,Information,2019,2.7562,36.43,8.507,0.0698
TTWO,Information,2020,3.4074,34.58,8.704,0.0574
TTWO,Information,2021,2.7477,51.09,8.787,0.0657
TTWO,Information,2022,1.4901,42.39,9.672,0.3856
TTWO,Information,2023,2.3653,42.39,9.411,0.6235
TXN,Manufacturing,2003,3.3351,69.21,9.649,0.0701
TXN,Manufacturing,2004,2.6185,61.78,9.699,0.029
TXN,Manufacturing,2005,3.4431,52.64,9.62,0.0554
TXN,Manufacturing,2006,3.001,61.4,9.542,0.0038
TXN,Manufacturing,2007,3.5417,80.62,9.447,0.0
TXN,Manufacturing,2008,1.6634,80.69,9.386,0.0
TXN,Manufacturing,2009,2.6667,79.71,9.403,0.0
TXN,Manufacturing,2010,2.8313,88.88,9.503,0.0
TXN,Manufacturing,2011,1.8911,92.54,9.928,0.5106
TXN,Manufacturing,2012,1.9938,89.04,9.905,0.5187
TXN,Manufacturing,2013,2.783,87.92,9.849,0.4773
TXN,Manufacturing,2014,3.4195,83.6,9.783,0.4468
TXN,Manufacturing,2015,3.669,84.79,9.695,0.4142
TXN,Manufacturing,2016,4.6428,86.97,9.707,0.3446
TXN,Manufacturing,2017,6.0514,84.56,9.778,0.3944
TXN,Manufacturing,2018,5.5077,86.36,9.749,0.5635
TXN,Manufacturing,2019,6.9767,90.51,9.799,0.6888
TXN,Manufacturing,2020,8.1656,85.17,9.87,0.7749
TXN,Manufacturing,2021,7.3899,80.44,10.114,0.6155
TXN,Manufacturing,2022,5.8383,77.89,10.211,0.628
TXN,Manufacturing,2023,5.1545,77.89,10.384,0.6977
TXT,Manufacturing,2002,0.834,20.92,9.649,2.0804
TXT,Manufacturing,2003,0.947,20.92,9.622,1.7554
TXT,Manufacturing,2004,1.0434,20.35,9.673,1.8051
TXT,Manufacturing,2005,1.0531,30.97,9.711,2.2517
TXT,Manufacturing,2006,1.1646,19.94,9.773,3.2823
TXT,Manufacturing,2007,1.3676,18.79,9.901,2.6987
TXT,Manufacturing,2008,0.665,18.79,9.904,4.2119
TXT,Manufacturing,2009,0.7588,25.36,9.849,3.2735
TXT,Manufacturing,2010,0.8167,33.83,9.634,2.0061
TXT,Manufacturing,2011,0.7043,53.94,9.519,1.6149
TXT,Manufacturing,2012,0.8219,61.65,9.475,1.333
TXT,Manufacturing,2013,1.0472,57.55,9.468,0.727
TXT,Manufacturing,2014,1.0627,57.55,9.589,0.9068
TXT,Manufacturing,2015,1.0287,53.79,9.596,0.7272
TXT,Manufacturing,2016,1.0942,64.12,9.639,0.6602
TXT,Manufacturing,2017,1.2196,62.84,9.638,0.6928
TXT,Manufacturing,2018,1.025,69.49,9.565,0.7288
TXT,Manufacturing,2019,0.9494,69.49,9.617,0.7414
TXT,Manufacturing,2020,1.0144,71.09,9.645,0.8079
TXT,Manufacturing,2021,1.3202,70.76,9.669,0.6087
TXT,Manufacturing,2022,1.1375,71.85,9.698,0.5535
TXT,Manufacturing,2023,1.1727,71.85,9.732,0.609
TYL,"Professional, Scientific, and Technical Services",2016,3.8728,44.06,7.214,0.0109
TYL,"Professional, Scientific, and Technical Services",2017,4.2198,37.78,7.371,0.0
TYL,"Professional, Scientific, and Technical Services",2018,3.9712,37.72,7.491,0.0
TYL,"Professional, Scientific, and Technical Services",2019,5.3918,50.73,7.692,0.0144
TYL,"Professional, Scientific, and Technical Services",2020,6.7957,56.0,7.866,0.0112
TYL,"Professional, Scientific, and Technical Services",2021,4.99,59.23,8.462,0.5973
TYL,"Professional, Scientific, and Technical Services",2022,3.0971,58.95,8.453,0.3986
TYL,"Professional, Scientific, and Technical Services",2023,3.9299,58.95,8.45,0.2372
UBER,Information,2019,1.8534,41.17,10.366,0.5505
UBER,Information,2020,3.1378,72.42,10.412,0.8153
UBER,Information,2021,2.4024,80.52,10.566,0.7895
UBER,Information,2022,1.9063,79.16,10.377,1.5823
UBER,Information,2023,3.5989,79.16,10.564,1.0448
UDR,Real Estate Rental and Leasing,2005,1.3874,28.86,8.421,3.4132
UDR,Real Estate Rental and Leasing,2006,1.6321,30.65,8.45,3.8233
UDR,Real Estate Rental and Leasing,2007,1.2808,30.65,8.477,4.1807
UDR,Real Estate Rental and Leasing,2008,1.0353,34.16,8.546,2.3165
UDR,Real Estate Rental and Leasing,2009,1.1656,37.48,8.543,2.713
UDR,Real Estate Rental and Leasing,2010,1.4214,33.03,8.618,2.4192
UDR,Real Estate Rental and Leasing,2011,1.4032,34.35,8.813,1.7926
UDR,Real Estate Rental and Leasing,2012,1.3584,35.25,8.838,1.1571
UDR,Real Estate Rental and Leasing,2013,1.3777,30.45,8.826,1.2744
UDR,Real Estate Rental and Leasing,2014,1.6718,30.12,8.831,1.3327
UDR,Real Estate Rental and Leasing,2015,1.7496,33.06,8.944,1.2515
UDR,Real Estate Rental and Leasing,2016,1.7125,33.06,8.946,1.1165
UDR,Real Estate Rental and Leasing,2017,1.8088,43.72,8.953,1.3209
UDR,Real Estate Rental and Leasing,2018,1.8757,43.72,8.95,1.2407
UDR,Real Estate Rental and Leasing,2019,1.9367,64.0,9.173,1.4812
UDR,Real Estate Rental and Leasing,2020,1.7194,64.17,9.173,1.6216
UDR,Real Estate Rental and Leasing,2021,2.2915,63.97,9.285,1.6495
UDR,Real Estate Rental and Leasing,2022,1.6686,70.25,9.309,1.4004
UDR,Real Estate Rental and Leasing,2023,1.6339,70.25,9.339,1.5164
UHS,Health Care and Social Assistance,2009,0.9875,12.48,8.285,0.5477
UHS,Health Care and Social Assistance,2010,1.0822,20.05,8.926,1.9788
UHS,Health Care and Social Assistance,2011,0.9665,10.99,8.944,1.5912
UHS,Health Care and Social Assistance,2012,1.0302,15.44,9.012,1.3747
UHS,Health Care and Social Assistance,2013,1.3593,15.44,9.025,1.0182
UHS,Health Care and Social Assistance,2014,1.5891,32.47,9.102,0.8776
UHS,Health Care and Social Assistance,2015,1.5773,32.47,9.173,0.8118
UHS,Health Care and Social Assistance,2016,1.3972,45.54,9.242,0.9124
UHS,Health Care and Social Assistance,2017,1.3679,41.52,9.284,0.8097
UHS,Health Care and Social Assistance,2018,1.3001,37.59,9.329,0.742
UHS,Health Care and Social Assistance,2019,1.4355,35.77,9.365,0.7832
UHS,Health Care and Social Assistance,2020,1.1791,35.77,9.509,0.664
UHS,Health Care and Social Assistance,2021,1.1116,39.23,9.48,0.7487
UHS,Health Care and Social Assistance,2022,1.1281,39.23,9.51,0.8903
UHS,Health Care and Social Assistance,2023,1.1174,47.51,9.544,0.8728
ULTA,Retail Trade,2009,2.0383,26.67,6.317,0.0
ULTA,Retail Trade,2010,3.0526,25.37,6.594,0.0
ULTA,Retail Trade,2011,4.9489,32.58,6.864,0.0
ULTA,Retail Trade,2012,4.9099,32.58,7.151,0.0
ULTA,Retail Trade,2013,3.4349,32.89,7.379,0.0
ULTA,Retail Trade,2014,4.2702,42.68,7.592,0.0
ULTA,Retail Trade,2015,5.16,45.87,7.71,0.0
ULTA,Retail Trade,2016,6.629,45.15,7.845,0.0
ULTA,Retail Trade,2017,4.6442,45.15,7.975,0.0
ULTA,Retail Trade,2018,5.3591,48.53,8.068,0.0
ULTA,Retail Trade,2019,3.5166,48.42,8.49,1.0191
ULTA,Retail Trade,2020,3.4649,51.6,8.535,0.9486
ULTA,Retail Trade,2021,4.3813,50.73,8.469,1.2028
ULTA,Retail Trade,2022,5.1743,47.02,8.589,0.9711
ULTA,Retail Trade,2023,4.586,47.02,8.649,0.8384
UNH,Finance and Insurance,2003,2.0357,39.18,9.778,0.3859
UNH,Finance and Insurance,2004,2.1746,32.08,10.236,0.3754
UNH,Finance and Insurance,2005,2.2115,22.82,10.63,0.401
UNH,Finance and Insurance,2006,1.6499,18.73,10.786,0.3583
UNH,Finance and Insurance,2007,1.649,54.08,10.838,0.5487
UNH,Finance and Insurance,2008,0.8016,26.06,10.93,0.6157
UNH,Finance and Insurance,2009,0.7813,20.57,10.986,0.4733
UNH,Finance and Insurance,2010,0.7985,18.81,11.052,0.4314
UNH,Finance and Insurance,2011,0.9471,11.3,11.126,0.4114
UNH,Finance and Insurance,2012,0.8905,8.41,11.301,0.5374
UNH,Finance and Insurance,2013,1.1145,9.37,11.313,0.5244
UNH,Finance and Insurance,2014,1.3179,12.45,11.367,0.5363
UNH,Finance and Insurance,2015,1.2947,24.64,11.621,0.9487
UNH,Finance and Insurance,2016,1.5091,41.29,11.718,0.8614
UNH,Finance and Insurance,2017,1.7641,79.58,11.843,0.6633
UNH,Finance and Insurance,2018,1.8112,80.0,11.933,0.7071
UNH,Finance and Insurance,2019,1.8366,71.4,12.066,0.706
UNH,Finance and Insurance,2020,1.9018,74.29,12.192,0.6637
UNH,Finance and Insurance,2021,2.4435,74.4,12.265,0.6411
UNH,Finance and Insurance,2022,2.2499,80.21,12.412,0.7409
UNH,Finance and Insurance,2023,2.0057,80.21,12.52,0.7046
UNP,Transportation and Warehousing,2003,0.7748,54.15,10.418,0.6467
UNP,Transportation and Warehousing,2004,0.7416,29.78,10.451,0.6425
UNP,Transportation and Warehousing,2005,0.8109,47.07,10.481,0.541
UNP,Transportation and Warehousing,2006,0.8665,48.11,10.505,0.4428
UNP,Transportation and Warehousing,2007,1.0636,48.41,10.546,0.4929
UNP,Transportation and Warehousing,2008,0.8303,50.16,10.59,0.5779
UNP,Transportation and Warehousing,2009,0.9932,47.61,10.655,0.5813
UNP,Transportation and Warehousing,2010,1.2716,55.29,10.671,0.5203
UNP,Transportation and Warehousing,2011,1.3249,63.3,10.717,0.4794
UNP,Transportation and Warehousing,2012,1.4425,55.51,10.761,0.4526
UNP,Transportation and Warehousing,2013,1.733,57.87,10.814,0.4512
UNP,Transportation and Warehousing,2014,2.214,56.37,10.873,0.5418
UNP,Transportation and Warehousing,2015,1.4764,63.98,10.908,0.686
UNP,Transportation and Warehousing,2016,1.7874,66.27,10.928,0.7529
UNP,Transportation and Warehousing,2017,2.1047,69.15,10.965,0.6817
UNP,Transportation and Warehousing,2018,2.0731,67.97,10.988,1.0964
UNP,Transportation and Warehousing,2019,2.4672,62.43,11.03,1.4912
UNP,Transportation and Warehousing,2020,2.6943,75.5,11.041,1.6708
UNP,Transportation and Warehousing,2021,3.0292,74.8,11.059,2.2236
UNP,Transportation and Warehousing,2022,2.4716,76.22,11.089,2.874
UNP,Transportation and Warehousing,2023,2.7399,76.22,11.114,2.3113
UPS,Transportation and Warehousing,2003,3.0437,42.13,10.272,0.2574
UPS,Transportation and Warehousing,2004,3.0484,42.13,10.405,0.2715
UPS,Transportation and Warehousing,2005,2.4536,57.51,10.469,0.2357
UPS,Transportation and Warehousing,2006,2.5397,46.3,10.411,0.2659
UPS,Transportation and Warehousing,2007,2.1679,57.59,10.572,0.9044
UPS,Transportation and Warehousing,2008,2.033,57.59,10.37,1.4559
UPS,Transportation and Warehousing,2009,2.0872,74.5,10.37,1.2478
UPS,Transportation and Warehousing,2010,2.4637,71.7,10.422,1.3593
UPS,Transportation and Warehousing,2011,2.3518,72.85,10.455,1.5818
UPS,Transportation and Warehousing,2012,2.1392,70.31,10.568,2.766
UPS,Transportation and Warehousing,2013,2.9786,67.3,10.497,1.6793
UPS,Transportation and Warehousing,2014,3.1405,57.98,10.476,5.0383
UPS,Transportation and Warehousing,2015,2.5996,72.06,10.553,5.8032
UPS,Transportation and Warehousing,2016,2.8626,72.06,10.606,39.6914
UPS,Transportation and Warehousing,2017,2.7892,68.73,10.723,24.289
UPS,Transportation and Warehousing,2018,2.1277,69.36,10.82,7.526
UPS,Transportation and Warehousing,2019,2.22,68.93,10.966,8.6217
UPS,Transportation and Warehousing,2020,2.7777,69.8,11.041,42.2435
UPS,Transportation and Warehousing,2021,3.0537,71.94,11.148,1.7911
UPS,Transportation and Warehousing,2022,2.4298,57.74,11.172,1.1888
UPS,Transportation and Warehousing,2023,2.2696,57.74,11.168,1.5445
URI,Real Estate Rental and Leasing,2014,1.4467,40.52,9.431,4.4833
URI,Real Estate Rental and Leasing,2015,1.2265,43.82,9.4,5.5298
URI,Real Estate Rental and Leasing,2016,1.3916,39.22,9.392,4.7269
URI,Real Estate Rental and Leasing,2017,1.5942,47.28,9.618,3.0393
URI,Real Estate Rental and Leasing,2018,1.0995,53.4,9.805,3.452
URI,Real Estate Rental and Leasing,2019,1.2936,71.37,9.851,3.1695
URI,Real Estate Rental and Leasing,2020,1.5196,80.4,9.791,2.2902
URI,Real Estate Rental and Leasing,2021,1.7038,71.29,9.918,1.754
URI,Real Estate Rental and Leasing,2022,1.5248,72.43,10.093,1.7308
URI,Real Estate Rental and Leasing,2023,2.0023,72.43,10.15,1.5574
USB,Finance and Insurance,2003,0.5385,34.54,12.151,2.3213
USB,Finance and Insurance,2004,0.5433,46.6,12.181,2.4476
USB,Finance and Insurance,2005,0.5324,37.55,12.252,2.8512
USB,Finance and Insurance,2006,0.5857,41.18,12.298,3.1953
USB,Finance and Insurance,2007,0.5498,49.12,12.378,3.7818
USB,Finance and Insurance,2008,0.4371,55.3,12.491,3.9383
USB,Finance and Insurance,2009,0.3804,58.03,12.547,2.6118
USB,Finance and Insurance,2010,0.3766,50.8,12.637,2.3232
USB,Finance and Insurance,2011,0.3354,50.29,12.737,1.9897
USB,Finance and Insurance,2012,0.3152,55.47,12.777,1.5139
USB,Finance and Insurance,2013,0.3334,45.77,12.805,1.3108
USB,Finance and Insurance,2014,0.3538,39.98,12.906,1.6051
USB,Finance and Insurance,2015,0.3186,42.61,12.952,1.4756
USB,Finance and Insurance,2016,0.3015,51.04,13.008,1.1313
USB,Finance and Insurance,2017,0.2979,52.56,13.043,1.1212
USB,Finance and Insurance,2018,0.276,51.42,13.055,1.2316
USB,Finance and Insurance,2019,0.3154,55.69,13.113,1.4238
USB,Finance and Insurance,2020,0.2248,55.79,13.225,1.1525
USB,Finance and Insurance,2021,0.224,63.69,13.259,0.9288
USB,Finance and Insurance,2022,0.2064,64.11,13.422,1.6503
USB,Finance and Insurance,2023,0.2044,64.11,13.405,1.4055
V,Finance and Insurance,2008,1.3608,20.01,10.463,0.005
V,Finance and Insurance,2009,1.5938,16.64,10.382,0.0024
V,Finance and Insurance,2010,1.615,28.83,10.417,0.0018
V,Finance and Insurance,2011,1.6932,25.04,10.456,0.0
V,Finance and Insurance,2012,2.2453,23.33,10.597,0.0
V,Finance and Insurance,2013,3.3911,20.65,10.49,0.0
V,Finance and Insurance,2014,3.4187,20.65,10.56,0.0
V,Finance and Insurance,2015,4.2137,51.78,10.603,0.0
V,Finance and Insurance,2016,3.274,70.54,11.067,0.584
V,Finance and Insurance,2017,3.7907,71.89,11.127,0.6744
V,Finance and Insurance,2018,5.0427,70.4,11.145,0.5828
V,Finance and Insurance,2019,5.3524,58.36,11.192,0.5725
V,Finance and Insurance,2020,5.5534,52.99,11.301,0.7917
V,Finance and Insurance,2021,5.9459,59.94,11.325,0.6245
V,Finance and Insurance,2022,4.5654,59.94,11.356,0.6907
V,Finance and Insurance,2023,5.3709,64.25,11.413,0.5665
VICI,Real Estate Rental and Leasing,2018,1.0344,31.92,9.336,0.6047
VICI,Real Estate Rental and Leasing,2019,1.2511,55.1,9.493,0.6049
VICI,Real Estate Rental and Leasing,2020,1.2162,60.48,9.745,0.7506
VICI,Real Estate Rental and Leasing,2021,1.3598,60.64,9.776,0.4123
VICI,Real Estate Rental and Leasing,2022,1.2182,70.47,10.534,0.6642
VICI,Real Estate Rental and Leasing,2023,1.1546,70.47,10.693,0.698
VLO,Manufacturing,2003,0.6268,25.68,9.659,0.767
VLO,Manufacturing,2004,0.8205,35.16,9.873,0.5682
VLO,Manufacturing,2005,1.1378,38.24,10.396,0.359
VLO,Manufacturing,2006,0.9541,38.71,10.539,0.2759
VLO,Manufacturing,2007,1.0403,42.54,10.662,0.3708
VLO,Manufacturing,2008,0.5156,48.78,10.446,0.421
VLO,Manufacturing,2009,0.4732,46.91,10.481,0.5025
VLO,Manufacturing,2010,0.5709,50.98,10.535,0.5549
VLO,Manufacturing,2011,0.4549,52.51,10.664,0.4714
VLO,Manufacturing,2012,0.582,51.73,10.703,0.3909
VLO,Manufacturing,2013,0.71,51.08,10.763,0.3373
VLO,Manufacturing,2014,0.6991,52.19,10.727,0.3088
VLO,Manufacturing,2015,0.9207,52.59,10.7,0.3594
VLO,Manufacturing,2016,0.8413,52.59,10.74,0.3996
VLO,Manufacturing,2017,0.972,53.28,10.823,0.4034
VLO,Manufacturing,2018,0.8058,52.88,10.823,0.4204
VLO,Manufacturing,2019,0.9151,52.71,10.894,0.5028
VLO,Manufacturing,2020,0.7523,67.42,10.855,0.8429
VLO,Manufacturing,2021,0.7922,65.65,10.966,0.8207
VLO,Manufacturing,2022,0.9828,67.13,11.018,0.54
VLO,Manufacturing,2023,0.8876,67.13,11.052,0.4797
VMC,Mining,2003,1.5754,31.88,8.199,0.4917
VMC,Mining,2004,1.6954,20.65,8.207,0.3018
VMC,Mining,2005,2.0598,12.94,8.186,0.28
VMC,Mining,2006,2.6353,23.68,8.139,0.2607
VMC,Mining,2007,1.3671,14.86,9.098,0.9726
VMC,Mining,2008,1.2587,20.59,9.095,1.0071
VMC,Mining,2009,1.0981,30.64,9.052,0.6757
VMC,Mining,2010,1.01,36.15,9.029,0.6856
VMC,Mining,2011,0.9601,42.13,9.015,0.7425
VMC,Mining,2012,1.1603,53.31,9.003,0.7118
VMC,Mining,2013,1.2421,53.09,9.019,0.6405
VMC,Mining,2014,1.3242,38.97,8.995,0.4802
VMC,Mining,2015,1.762,39.24,9.024,0.4446
VMC,Mining,2016,2.1891,43.22,9.044,0.4337
VMC,Mining,2017,2.0875,50.27,9.16,0.5745
VMC,Mining,2018,1.6202,46.37,9.193,0.5598
VMC,Mining,2019,2.0906,47.96,9.273,0.5696
VMC,Mining,2020,2.0009,44.51,9.366,0.6189
VMC,Mining,2021,2.3543,48.67,9.524,0.7132
VMC,Mining,2022,1.9601,48.75,9.563,0.6681
VMC,Mining,2023,2.3684,48.75,9.585,0.5962
VRSK,Finance and Insurance,2012,4.2411,27.5,7.767,5.7178
VRSK,Finance and Insurance,2013,4.9038,28.86,7.826,2.33
VRSK,Finance and Insurance,2014,4.9252,40.87,7.76,6.8087
VRSK,Finance and Insurance,2015,2.8835,62.69,8.633,2.309
VRSK,Finance and Insurance,2016,3.4409,57.4,8.441,1.7915
VRSK,Finance and Insurance,2017,3.1289,64.64,8.703,1.5627
VRSK,Finance and Insurance,2018,3.4918,65.31,8.683,1.3152
VRSK,Finance and Insurance,2019,3.9356,66.32,8.862,1.5038
VRSK,Finance and Insurance,2020,4.9358,74.36,8.931,1.3061
VRSK,Finance and Insurance,2021,5.1978,66.69,8.963,1.2817
VRSK,Finance and Insurance,2022,4.4889,59.54,8.848,2.2612
VRSK,Finance and Insurance,2023,8.5491,59.54,8.382,9.9852
VRSN,"Professional, Scientific, and Technical Services",2004,3.2829,27.05,7.861,0.0
VRSN,"Professional, Scientific, and Technical Services",2005,1.7008,27.2,8.062,0.0
VRSN,"Professional, Scientific, and Technical Services",2006,1.5257,26.69,8.288,0.0837
VRSN,"Professional, Scientific, and Technical Services",2007,2.3978,14.02,8.3,0.8281
VRSN,"Professional, Scientific, and Technical Services",2008,1.9106,17.28,7.853,24.8382
VRSN,"Professional, Scientific, and Technical Services",2009,2.0313,21.62,7.812,1.0448
VRSN,"Professional, Scientific, and Technical Services",2010,2.547,23.65,7.801,0.8598
VRTX,Manufacturing,2004,2.1793,16.07,6.302,9.4522
VRTX,Manufacturing,2005,5.7791,8.01,6.308,0.753
VRTX,Manufacturing,2006,5.2532,31.8,6.826,0.2406
VRTX,Manufacturing,2007,5.1651,37.11,6.399,0.0737
VRTX,Manufacturing,2008,4.9795,28.46,6.888,1.2036
VRTX,Manufacturing,2009,4.4602,20.97,7.578,0.1403
VRTX,Manufacturing,2010,4.4431,19.55,7.453,1.0655
VRTX,Manufacturing,2011,3.3603,23.37,7.698,0.5795
VRTX,Manufacturing,2012,3.5521,19.22,7.923,0.6975
VRTX,Manufacturing,2013,7.7088,16.75,7.749,0.3735
VRTX,Manufacturing,2014,12.6555,25.29,7.756,0.7674
VRTX,Manufacturing,2015,12.7335,27.06,7.824,0.8793
VRTX,Manufacturing,2016,6.6049,33.06,7.971,0.7269
VRTX,Manufacturing,2017,10.8739,42.81,8.174,0.2989
VRTX,Manufacturing,2018,6.8647,57.41,8.74,0.1333
VRTX,Manufacturing,2019,6.8979,61.56,9.026,0.1106
VRTX,Manufacturing,2020,5.3068,61.56,9.372,0.1085
VRTX,Manufacturing,2021,4.2323,58.68,9.505,0.0958
VRTX,Manufacturing,2022,4.1386,68.16,9.806,0.0647
VTR,Real Estate Rental and Leasing,2007,1.6458,33.13,8.651,1.8427
VTR,Real Estate Rental and Leasing,2008,1.3792,33.58,8.66,1.4651
VTR,Real Estate Rental and Leasing,2009,1.6951,34.67,8.633,1.083
VTR,Real Estate Rental and Leasing,2010,1.937,28.93,8.658,1.2151
VTR,Real Estate Rental and Leasing,2011,1.2941,29.45,9.757,0.6932
VTR,Real Estate Rental and Leasing,2012,1.4385,41.08,9.851,0.9329
VTR,Real Estate Rental and Leasing,2013,1.3286,56.31,9.89,1.0613
VTR,Real Estate Rental and Leasing,2014,1.5212,60.99,9.963,1.2544
VTR,Real Estate Rental and Leasing,2015,1.3509,66.66,10.011,1.1717
VTR,Real Estate Rental and Leasing,2016,1.436,66.66,10.05,1.0638
VTR,Real Estate Rental and Leasing,2017,1.363,81.5,10.084,1.0377
VTR,Real Estate Rental and Leasing,2018,1.4003,84.93,10.025,1.0507
VTR,Real Estate Rental and Leasing,2019,1.3744,83.59,10.114,1.188
VTR,Real Estate Rental and Leasing,2020,1.2736,84.07,10.083,1.1891
VTR,Real Estate Rental and Leasing,2021,1.3206,81.9,10.115,1.1263
VTR,Real Estate Rental and Leasing,2022,1.2623,79.34,10.092,1.2299
VTR,Real Estate Rental and Leasing,2023,1.364,79.34,10.116,1.4424
VTRS,Manufacturing,2003,3.2535,29.87,7.537,0.0
VTRS,Manufacturing,2004,2.2345,27.22,7.667,0.0
VTRS,Manufacturing,2005,2.9971,25.28,7.534,0.8734
VTRS,Manufacturing,2006,1.6775,25.28,8.356,1.143
VTRS,Manufacturing,2007,0.8399,6.37,9.337,1.5449
VTRS,Manufacturing,2008,0.8006,16.96,9.251,1.9686
VTRS,Manufacturing,2009,1.0021,25.71,9.287,1.6535
VTRS,Manufacturing,2010,1.2695,27.56,9.353,1.5077
VTRS,Manufacturing,2011,1.2461,26.03,9.359,1.5168
VTRS,Manufacturing,2012,1.3895,25.62,9.387,1.7155
VTRS,Manufacturing,2013,1.5853,21.99,9.631,2.7283
VTRS,Manufacturing,2014,1.8645,28.56,9.673,2.6012
VTRS,Manufacturing,2015,1.5189,41.27,10.011,0.7472
VTRS,Manufacturing,2016,1.0337,47.17,10.455,1.3919
VTRS,Manufacturing,2017,1.0289,64.78,10.486,1.1017
VTRS,Manufacturing,2018,0.8539,68.64,10.396,1.1357
VTRS,Manufacturing,2019,0.7454,83.97,10.35,1.0876
VTRS,Manufacturing,2020,0.7916,68.89,11.028,1.1374
VTRS,Manufacturing,2021,0.7243,68.89,10.912,1.1398
VTRS,Manufacturing,2022,0.6605,68.71,10.82,0.9267
VZ,Information,2003,0.8584,19.0,12.02,1.356
VZ,Information,2004,0.9127,33.87,12.019,1.0454
VZ,Information,2005,0.7271,60.51,12.032,0.9831
VZ,Information,2006,0.7669,34.33,12.148,0.7492
VZ,Information,2007,0.8389,67.22,12.139,0.616
VZ,Information,2008,0.7326,78.27,12.218,1.2457
VZ,Information,2009,0.6874,69.33,12.334,1.4963
VZ,Information,2010,0.6997,69.92,12.301,1.3688
VZ,Information,2011,0.7327,73.39,12.348,1.5333
VZ,Information,2012,0.78,73.23,12.325,1.5679
VZ,Information,2013,0.8545,71.66,12.521,2.4099
VZ,Information,2014,1.322,68.38,12.358,9.2105
VZ,Information,2015,1.22,59.89,12.408,6.7077
VZ,Information,2016,1.3338,56.72,12.406,4.7983
VZ,Information,2017,1.2951,66.46,12.457,2.7171
VZ,Information,2018,1.3041,71.73,12.487,2.1274
VZ,Information,2019,1.3269,76.06,12.584,2.1686
VZ,Information,2020,1.2439,75.37,12.665,2.2191
VZ,Information,2021,1.0803,70.8,12.812,2.1754
VZ,Information,2022,0.9002,71.11,12.847,1.9346
VZ,Information,2023,0.8769,71.11,12.849,1.8927
WAB,Manufacturing,2009,1.4752,30.93,7.369,0.5043
WAB,Manufacturing,2010,1.6407,24.98,7.497,0.4691
WAB,Manufacturing,2011,1.7368,34.1,7.677,0.3788
WAB,Manufacturing,2012,1.911,38.85,7.763,0.249
WAB,Manufacturing,2013,2.6839,34.69,7.945,0.2843
WAB,Manufacturing,2014,2.6897,31.61,8.103,0.2884
WAB,Manufacturing,2015,2.1898,31.63,8.102,0.4093
WAB,Manufacturing,2016,1.4914,40.02,8.792,0.858
WAB,Manufacturing,2017,1.4727,47.7,8.792,0.6659
WAB,Manufacturing,2018,1.2306,42.38,9.065,1.3461
WAB,Manufacturing,2019,1.0211,57.93,9.849,0.4449
WAB,Manufacturing,2020,0.9789,59.72,9.823,0.4188
WAB,Manufacturing,2021,1.1473,63.49,9.823,0.3978
WAB,Manufacturing,2022,1.1929,71.58,9.826,0.3962
WAB,Manufacturing,2023,1.4026,71.58,9.852,0.388
WAT,Manufacturing,2003,3.7568,27.39,7.031,0.4171
WAT,Manufacturing,2004,4.152,31.28,7.286,0.6729
WAT,Manufacturing,2005,3.3647,36.17,7.265,2.9132
WAT,Manufacturing,2006,3.628,28.82,7.389,2.4931
WAT,Manufacturing,2007,4.7145,43.08,7.54,1.5086
WAT,Manufacturing,2008,2.541,49.06,7.392,0.8111
WAT,Manufacturing,2009,3.3876,52.79,7.554,0.7442
WAT,Manufacturing,2010,3.3955,47.58,7.753,0.7167
WAT,Manufacturing,2011,2.7838,53.69,7.91,0.8078
WAT,Manufacturing,2012,2.7474,40.8,8.061,0.8027
WAT,Manufacturing,2013,2.7369,40.7,8.184,0.7505
WAT,Manufacturing,2014,2.7947,54.84,8.263,0.7734
WAT,Manufacturing,2015,2.9594,50.29,8.359,0.8103
WAT,Manufacturing,2016,2.6987,56.46,8.447,0.7938
WAT,Manufacturing,2017,3.2539,66.98,8.58,0.8943
WAT,Manufacturing,2018,4.0085,66.98,8.223,0.7327
WAT,Manufacturing,2020,5.9399,73.34,7.952,6.2568
WAT,Manufacturing,2021,7.8285,73.34,8.038,4.3569
WAT,Manufacturing,2022,6.6773,80.87,8.096,3.2972
WBA,Retail Trade,2002,3.6064,23.24,9.198,0.0018
WBA,Retail Trade,2003,2.9286,24.67,9.342,0.003
WBA,Retail Trade,2004,2.8164,29.39,9.499,0.0341
WBA,Retail Trade,2005,3.2402,24.56,9.589,0.0426
WBA,Retail Trade,2006,2.9457,26.89,9.749,0.0608
WBA,Retail Trade,2007,2.3761,39.22,9.869,0.1099
WBA,Retail Trade,2008,1.6733,41.76,10.017,0.1136
WBA,Retail Trade,2009,1.4272,31.55,10.132,0.1663
WBA,Retail Trade,2010,1.0551,30.96,10.176,0.1731
WBA,Retail Trade,2011,1.2324,42.43,10.22,0.1699
WBA,Retail Trade,2012,1.174,42.01,10.418,0.303
WBA,Retail Trade,2013,1.4301,39.47,10.477,0.2693
WBA,Retail Trade,2014,1.6814,53.0,10.524,0.2445
WBA,Retail Trade,2015,1.5806,60.48,11.139,0.4661
WBA,Retail Trade,2016,1.4643,71.23,11.194,0.6368
WBA,Retail Trade,2017,1.4601,70.75,11.098,0.4709
WBA,Retail Trade,2018,1.1696,70.78,11.129,0.5536
WBA,Retail Trade,2019,0.9271,80.05,11.121,0.7161
WBA,Retail Trade,2020,0.8501,93.53,11.376,1.9961
WBA,Retail Trade,2021,0.9635,88.85,11.306,1.469
WBA,Retail Trade,2022,0.7404,91.6,11.409,1.4406
WBA,Retail Trade,2023,0.5834,91.6,11.479,1.7237
WBD,Information,2005,0.7295,9.79,8.669,0.0
WBD,Information,2006,0.768,7.63,8.678,0.0
WBD,Information,2007,1.2045,7.63,8.677,0.0
WBD,Information,2008,0.9314,19.68,9.258,0.6844
WBD,Information,2009,1.5103,18.59,9.302,0.563
WBD,Information,2010,1.8875,24.23,9.307,0.5812
WBD,Information,2011,1.6941,21.9,9.385,0.6514
WBD,Information,2012,2.1989,22.72,9.467,0.8334
WBD,Information,2013,2.5478,22.21,9.614,1.0489
WBD,Information,2014,1.4812,31.53,9.681,1.2771
WBD,Information,2015,1.2545,31.53,9.672,1.4193
WBD,Information,2016,1.2299,36.66,9.665,1.5337
WBD,Information,2017,1.0385,35.59,10.024,3.2072
WBD,Information,2018,0.9265,42.53,10.391,2.0326
WBD,Information,2019,0.9997,48.96,10.426,1.6552
WBD,Information,2020,0.9127,49.87,10.437,1.5585
WBD,Information,2021,0.8031,49.87,10.447,1.3487
WBD,Information,2022,0.5645,59.57,11.806,1.1169
WBD,Information,2023,0.6113,59.57,11.718,1.0455
WDC,Manufacturing,2005,1.8384,7.69,7.371,0.0751
WDC,Manufacturing,2006,2.1328,12.45,7.637,0.038
WDC,Manufacturing,2007,1.4883,28.74,7.973,0.0128
WDC,Manufacturing,2008,1.691,33.56,8.492,0.1888
WDC,Manufacturing,2009,1.218,33.56,8.574,0.151
WDC,Manufacturing,2010,1.0053,33.1,8.899,0.0849
WDC,Manufacturing,2011,1.0804,48.56,9.002,0.0536
WDC,Manufacturing,2012,0.6816,45.46,9.561,0.2849
WDC,Manufacturing,2013,1.1877,44.35,9.549,0.2477
WDC,Manufacturing,2014,1.5508,37.24,9.649,0.2757
WDC,Manufacturing,2016,0.9256,40.62,10.4,1.5248
WDC,Manufacturing,2017,1.3128,40.79,10.304,1.1518
WDC,Manufacturing,2018,1.1659,42.5,10.283,0.9689
WDC,Manufacturing,2019,0.931,51.39,10.18,1.0557
WDC,Manufacturing,2020,0.9022,51.39,10.153,1.0282
WDC,Manufacturing,2021,1.1818,53.74,10.171,0.8359
WDC,Manufacturing,2022,0.8173,58.9,10.176,0.6005
WDC,Manufacturing,2023,0.801,59.69,10.104,0.678
WEC,Utilities,2004,0.7968,61.95,9.166,1.4759
WEC,Utilities,2005,0.8175,61.96,9.256,1.4863
WEC,Utilities,2006,0.8835,61.93,9.317,1.4822
WEC,Utilities,2007,0.8637,61.13,9.369,1.4281
WEC,Utilities,2008,0.7646,70.74,9.443,1.4201
WEC,Utilities,2009,0.8523,69.12,9.449,1.4008
WEC,Utilities,2010,0.9145,70.2,9.477,1.3317
WEC,Utilities,2011,0.9648,65.21,9.537,1.3415
WEC,Utilities,2012,0.9591,71.83,9.567,1.2722
WEC,Utilities,2013,0.9875,74.11,9.6,1.2386
WEC,Utilities,2014,1.1292,65.01,9.627,1.1829
WEC,Utilities,2015,0.9053,67.21,10.287,1.199
WEC,Utilities,2016,0.9523,59.4,10.313,1.1395
WEC,Utilities,2017,1.0129,61.34,10.361,1.1661
WEC,Utilities,2018,1.0053,62.7,10.419,1.2054
WEC,Utilities,2019,1.1979,63.48,10.462,1.2633
WEC,Utilities,2020,1.1709,61.8,10.519,1.3684
WEC,Utilities,2021,1.186,63.91,10.571,1.4316
WEC,Utilities,2022,1.1201,59.9,10.642,1.5227
WEC,Utilities,2023,1.033,59.9,10.691,1.6071
WELL,Real Estate Rental and Leasing,2009,1.238,22.48,8.759,0.6881
WELL,Real Estate Rental and Leasing,2010,1.2143,32.89,9.154,1.0368
WELL,Real Estate Rental and Leasing,2011,1.1877,30.87,9.611,1.1842
WELL,Real Estate Rental and Leasing,2012,1.2528,47.42,9.881,0.9202
WELL,Real Estate Rental and Leasing,2013,1.1334,48.46,10.047,1.0245
WELL,Real Estate Rental and Leasing,2014,1.4275,49.34,10.127,0.8898
WELL,Real Estate Rental and Leasing,2015,1.2784,65.64,10.276,0.9546
WELL,Real Estate Rental and Leasing,2016,1.2689,70.75,10.27,0.8955
WELL,Real Estate Rental and Leasing,2017,1.2681,74.54,10.238,0.8561
WELL,Real Estate Rental and Leasing,2018,1.3159,75.72,10.32,0.9557
WELL,Real Estate Rental and Leasing,2019,1.4661,70.64,10.416,0.9902
WELL,Real Estate Rental and Leasing,2020,1.268,67.24,10.388,0.8901
WELL,Real Estate Rental and Leasing,2021,1.5192,82.46,10.461,0.8322
WELL,Real Estate Rental and Leasing,2022,1.2434,79.79,10.543,0.7373
WELL,Real Estate Rental and Leasing,2023,1.5222,79.79,10.692,0.6345
WFC,Finance and Insurance,2003,0.4856,29.86,12.868,2.5606
WFC,Finance and Insurance,2004,0.4695,34.94,12.967,2.5219
WFC,Finance and Insurance,2005,0.4338,61.66,13.085,2.5455
WFC,Finance and Insurance,2006,0.4566,63.77,13.086,2.1779
WFC,Finance and Insurance,2007,0.4383,68.19,13.263,3.2029
WFC,Finance and Insurance,2008,0.3817,68.19,14.085,5.4933
WFC,Finance and Insurance,2009,0.3076,80.75,14.034,2.3407
WFC,Finance and Insurance,2010,0.2984,74.07,14.045,1.7941
WFC,Finance and Insurance,2011,0.2432,69.39,14.088,1.3446
WFC,Finance and Insurance,2012,0.2562,69.18,14.168,1.267
WFC,Finance and Insurance,2014,0.3147,65.51,14.339,1.4859
WFC,Finance and Insurance,2015,0.321,65.51,14.396,1.7243
WFC,Finance and Insurance,2016,0.3255,79.94,14.473,1.9925
WFC,Finance and Insurance,2017,0.3203,81.19,14.484,1.7914
WFC,Finance and Insurance,2018,0.288,84.02,14.455,1.9193
WFC,Finance and Insurance,2019,0.2907,74.45,14.472,2.0271
WFC,Finance and Insurance,2020,0.2056,74.45,14.486,1.6821
WFC,Finance and Insurance,2021,0.1982,71.93,14.482,1.1866
WFC,Finance and Insurance,2022,0.2067,71.93,14.447,1.4327
WFC,Finance and Insurance,2023,0.2475,71.79,14.474,1.8114
WM,Administrative and Support and Waste… Services,2005,1.2041,58.27,9.959,1.4192
WM,Administrative and Support and Waste… Services,2006,1.3563,56.49,9.933,1.3367
WM,Administrative and Support and Waste… Services,2007,1.2231,66.42,9.912,1.4394
WM,Administrative and Support and Waste… Services,2008,1.2157,61.31,9.915,1.4107
WM,Administrative and Support and Waste… Services,2009,1.1964,73.43,9.96,1.4118
WM,Administrative and Support and Waste… Services,2010,1.2303,68.81,9.975,1.4228
WM,Administrative and Support and Waste… Services,2011,1.0997,76.33,10.024,1.6072
WM,Administrative and Support and Waste… Services,2012,1.1075,76.95,10.047,1.5606
WM,Administrative and Support and Waste… Services,2013,1.3742,68.91,10.026,1.7918
WM,Administrative and Support and Waste… Services,2014,1.5397,79.1,9.972,1.6084
WM,Administrative and Support and Waste… Services,2015,1.6086,85.56,9.924,1.6803
WM,Administrative and Support and Waste… Services,2016,1.9398,82.44,9.946,1.7576
WM,Administrative and Support and Waste… Services,2017,2.1479,90.77,9.991,1.5768
WM,Administrative and Support and Waste… Services,2018,2.1084,88.24,10.028,1.5978
WM,Administrative and Support and Waste… Services,2019,2.2456,87.95,10.231,1.9727
WM,Administrative and Support and Waste… Services,2020,2.1873,87.03,10.287,1.9224
WM,Administrative and Support and Waste… Services,2021,2.8656,85.7,10.278,1.9551
WM,Administrative and Support and Waste… Services,2022,2.5344,84.33,10.354,2.2643
WM,Administrative and Support and Waste… Services,2023,2.7008,84.33,10.399,2.426
WMB,Transportation and Warehousing,2003,0.6316,16.09,10.204,2.9203
WMB,Transportation and Warehousing,2004,0.7107,15.04,10.086,1.6066
WMB,Transportation and Warehousing,2005,0.7132,13.89,10.29,1.4211
WMB,Transportation and Warehousing,2006,0.9295,22.49,10.143,1.3196
WMB,Transportation and Warehousing,2007,1.1519,29.83,10.129,1.2392
WMB,Transportation and Warehousing,2008,0.6248,29.83,10.166,0.9335
WMB,Transportation and Warehousing,2009,0.8135,60.2,10.138,0.9798
WMB,Transportation and Warehousing,2010,0.9438,45.47,10.126,1.2497
WMB,Transportation and Warehousing,2011,1.7111,42.2,9.711,4.8645
WMB,Transportation and Warehousing,2012,1.3578,50.2,10.099,2.2593
WMB,Transportation and Warehousing,2013,1.3972,50.66,10.209,2.3806
WMB,Transportation and Warehousing,2014,1.0929,56.47,10.831,2.4712
WMB,Transportation and Warehousing,2015,0.8922,57.71,10.8,3.9829
WMB,Transportation and Warehousing,2016,1.0005,55.05,10.754,5.0618
WMB,Transportation and Warehousing,2017,0.995,51.74,10.744,2.1681
WMB,Transportation and Warehousing,2018,1.0837,64.26,10.721,1.5326
WMB,Transportation and Warehousing,2019,1.1131,75.51,10.737,1.688
WMB,Transportation and Warehousing,2020,1.0609,72.79,10.696,1.9203
WMB,Transportation and Warehousing,2021,1.1652,73.42,10.771,2.0933
WMB,Transportation and Warehousing,2022,1.3038,72.91,10.788,2.0155
WMB,Transportation and Warehousing,2023,1.3111,72.91,10.871,2.1517
WMT,Retail Trade,2001,3.4628,20.94,11.332,0.6233
WMT,Retail Trade,2002,2.487,14.92,11.458,0.6457
WMT,Retail Trade,2003,2.4651,19.29,11.561,0.6067
WMT,Retail Trade,2004,2.107,57.72,11.697,0.6367
WMT,Retail Trade,2005,1.6707,80.27,11.836,0.7301
WMT,Retail Trade,2006,1.5611,68.56,11.926,0.6337
WMT,Retail Trade,2007,1.5061,81.23,12.005,0.6914
WMT,Retail Trade,2008,1.39,79.69,12.004,0.6467
WMT,Retail Trade,2009,1.427,77.17,12.048,0.584
WMT,Retail Trade,2010,1.3672,71.25,12.104,0.7275
WMT,Retail Trade,2011,1.3606,74.3,12.173,0.7492
WMT,Retail Trade,2012,1.4079,77.63,12.221,0.7091
WMT,Retail Trade,2013,1.4558,77.8,12.23,0.7428
WMT,Retail Trade,2014,1.5939,78.84,12.224,0.619
WMT,Retail Trade,2015,1.302,78.12,12.204,0.6212
WMT,Retail Trade,2016,1.2542,74.87,12.2,0.5905
WMT,Retail Trade,2017,1.7659,72.2,12.228,0.597
WMT,Retail Trade,2018,1.5223,81.15,12.298,0.8005
WMT,Retail Trade,2019,1.6775,80.28,12.374,0.9701
WMT,Retail Trade,2020,1.8201,82.49,12.439,0.7815
WMT,Retail Trade,2021,1.8106,79.86,12.408,0.6885
WMT,Retail Trade,2022,1.8354,81.45,12.402,0.7683
WMT,Retail Trade,2023,2.0009,81.45,12.439,0.7312
WRB,Finance and Insurance,2004,0.4421,21.47,9.346,0.5153
WRB,Finance and Insurance,2005,0.5533,29.96,9.539,0.6299
WRB,Finance and Insurance,2006,0.5067,32.92,9.659,0.3842
WRB,Finance and Insurance,2007,0.4048,26.91,9.731,0.4029
WRB,Finance and Insurance,2008,0.3908,24.43,9.688,0.4249
WRB,Finance and Insurance,2009,0.323,36.77,9.76,0.4836
WRB,Finance and Insurance,2010,0.3228,21.55,9.772,0.4852
WRB,Finance and Insurance,2011,0.3535,21.04,9.825,0.4506
WRB,Finance and Insurance,2012,0.3656,22.18,9.911,0.5193
WRB,Finance and Insurance,2013,0.386,20.92,9.931,0.5061
WRB,Finance and Insurance,2014,0.4171,23.47,9.986,0.5581
WRB,Finance and Insurance,2015,0.4129,43.76,9.986,0.483
WRB,Finance and Insurance,2016,0.4537,43.76,10.059,0.5031
WRB,Finance and Insurance,2017,0.4637,42.11,10.098,0.4734
WRB,Finance and Insurance,2018,0.4758,46.96,10.122,0.52
WRB,Finance and Insurance,2019,0.5843,48.13,10.19,0.4762
WRB,Finance and Insurance,2020,0.5156,56.17,10.261,0.4657
WRB,Finance and Insurance,2021,0.5623,56.01,10.376,0.5226
WRB,Finance and Insurance,2022,0.6568,49.14,10.43,0.4507
WRB,Finance and Insurance,2023,0.5701,49.14,10.524,0.4111
WRK,Manufacturing,2015,0.7435,11.04,10.141,0.4834
WRK,Manufacturing,2016,0.7795,52.47,10.045,0.5951
WRK,Manufacturing,2017,0.8367,56.57,10.13,0.6338
WRK,Manufacturing,2018,0.7871,60.67,10.141,0.5593
WRK,Manufacturing,2019,0.6453,60.19,10.314,0.8623
WRK,Manufacturing,2020,0.667,64.63,10.267,0.9547
WRK,Manufacturing,2021,0.756,66.4,10.284,0.7635
WRK,Manufacturing,2022,0.577,66.4,10.254,0.7481
WRK,Manufacturing,2023,0.6728,66.65,10.22,0.9212
WST,Manufacturing,2016,3.7454,58.02,7.448,0.2046
WST,Manufacturing,2017,4.0201,68.72,7.53,0.1539
WST,Manufacturing,2018,3.7698,72.29,7.59,0.1404
WST,Manufacturing,2019,4.8973,80.69,7.759,0.2093
WST,Manufacturing,2020,7.6228,80.58,7.935,0.1756
WST,Manufacturing,2021,10.5999,80.04,8.106,0.1393
WST,Manufacturing,2022,4.9097,79.9,8.193,0.1184
WST,Manufacturing,2023,6.839,79.9,8.25,0.1073
WTW,Finance and Insurance,2004,0.6136,27.91,9.363,0.316
WTW,Finance and Insurance,2005,0.525,47.88,9.408,0.4808
WTW,Finance and Insurance,2006,0.514,44.0,9.501,0.5502
WTW,Finance and Insurance,2007,0.5162,42.67,9.469,0.928
WTW,Finance and Insurance,2008,0.4145,38.22,9.705,1.4363
WTW,Finance and Insurance,2009,0.4367,52.22,9.656,1.089
WTW,Finance and Insurance,2010,0.5179,36.09,9.671,0.8886
WTW,Finance and Insurance,2011,0.5811,43.97,9.663,0.9634
WTW,Finance and Insurance,2012,0.5418,45.53,9.623,1.4014
WTW,Finance and Insurance,2013,0.6987,35.92,9.602,1.0501
WTW,Finance and Insurance,2014,0.6684,42.33,9.644,1.1632
WTW,Finance and Insurance,2015,0.642,37.57,9.844,1.4652
WTW,Finance and Insurance,2016,0.6787,41.09,10.317,0.384
WTW,Finance and Insurance,2017,0.7532,46.79,10.388,0.4479
WTW,Finance and Insurance,2018,0.7458,46.42,10.385,0.4644
WTW,Finance and Insurance,2019,0.9247,49.4,10.475,0.6606
WTW,Finance and Insurance,2020,0.8797,61.6,10.559,0.6217
WTW,Finance and Insurance,2021,0.9859,66.71,10.462,0.414
WTW,Finance and Insurance,2022,0.9945,65.74,10.366,0.5474
WTW,Finance and Insurance,2023,1.0546,65.74,10.278,0.6246
WY,Manufacturing,2005,0.8857,78.61,10.248,0.8915
WY,Manufacturing,2006,0.9351,76.06,10.198,0.9139
WY,Manufacturing,2007,0.9648,77.84,10.078,0.927
WY,Manufacturing,2008,0.746,79.33,9.725,1.2499
WY,Manufacturing,2009,0.971,88.82,9.632,1.407
WY,Manufacturing,2010,1.1323,85.67,9.505,1.0971
WY,Manufacturing,2011,1.1504,88.07,9.441,1.0504
WY,Manufacturing,2012,1.5391,85.96,9.441,1.0543
WY,Manufacturing,2013,1.6438,87.81,9.582,0.7977
WY,Manufacturing,2014,1.8002,82.14,9.507,1.0212
WY,Manufacturing,2015,1.6584,86.31,9.432,1.1127
WY,Manufacturing,2016,1.5406,76.57,9.865,0.7758
WY,Manufacturing,2017,1.8347,81.05,9.801,0.7308
WY,Manufacturing,2018,1.3312,72.0,9.756,0.7347
WY,Manufacturing,2019,1.7701,71.77,9.705,0.7989
WY,Manufacturing,2020,1.8802,78.66,9.7,0.6423
WY,Manufacturing,2021,2.0391,86.39,9.779,0.4849
WY,Manufacturing,2022,1.6083,83.39,9.761,0.4811
WY,Manufacturing,2023,1.7997,83.39,9.74,0.5071
WYNN,Accommodation and Food Services,2004,2.385,15.8,8.15,0.9963
WYNN,Accommodation and Food Services,2005,1.922,17.39,8.28,1.3658
WYNN,Accommodation and Food Services,2006,2.5681,20.46,8.447,1.462
WYNN,Accommodation and Food Services,2007,2.5991,10.58,8.748,1.8214
WYNN,Accommodation and Food Services,2008,1.3397,12.21,8.816,2.6996
WYNN,Accommodation and Food Services,2009,1.4177,10.76,8.934,1.1762
WYNN,Accommodation and Food Services,2010,2.428,18.63,8.806,1.4601
WYNN,Accommodation and Food Services,2011,2.4694,14.54,8.839,1.5403
WYNN,Accommodation and Food Services,2016,1.5838,44.95,9.389,64.1052
WYNN,Accommodation and Food Services,2017,2.1299,50.95,9.448,10.1759
WYNN,Accommodation and Food Services,2018,1.5167,50.95,9.489,4.6402
WYNN,Accommodation and Food Services,2019,1.839,68.15,9.538,6.0812
XEL,Utilities,2003,0.6687,36.72,9.914,1.3041
XEL,Utilities,2004,0.7051,31.76,9.919,1.351
XEL,Utilities,2005,0.6895,46.43,9.983,1.3863
XEL,Utilities,2006,0.7653,38.75,9.997,1.2743
XEL,Utilities,2007,0.7654,60.77,10.051,1.2805
XEL,Utilities,2008,0.6877,60.77,10.125,1.2559
XEL,Utilities,2009,0.7297,68.86,10.146,1.2208
XEL,Utilities,2010,0.772,71.36,10.218,1.2105
XEL,Utilities,2011,0.7992,68.62,10.292,1.194
XEL,Utilities,2012,0.7719,66.77,10.346,1.24
XEL,Utilities,2013,0.7628,67.49,10.431,1.2493
XEL,Utilities,2014,0.8372,69.49,10.518,1.2509
XEL,Utilities,2015,0.825,70.41,10.573,1.32
XEL,Utilities,2016,0.8623,73.66,10.625,1.3467
XEL,Utilities,2017,0.9347,72.72,10.67,1.3785
XEL,Utilities,2018,0.9258,77.7,10.736,1.4111
XEL,Utilities,2019,1.0671,87.91,10.829,1.5506
XEL,Utilities,2020,1.0771,84.37,10.896,1.529
XEL,Utilities,2021,1.0655,79.83,10.966,1.589
XEL,Utilities,2022,1.0562,81.36,11.022,1.5651
XEL,Utilities,2023,0.9669,81.36,11.068,1.5669
XOM,Manufacturing,2003,1.5999,54.71,12.068,0.1062
XOM,Manufacturing,2004,1.7229,47.79,12.182,0.0815
XOM,Manufacturing,2005,1.6919,69.78,12.247,0.0719
XOM,Manufacturing,2006,2.0426,75.05,12.297,0.0733
XOM,Manufacturing,2007,2.1224,67.74,12.397,0.0786
XOM,Manufacturing,2008,1.7832,67.74,12.337,0.0834
XOM,Manufacturing,2009,1.4227,80.25,12.36,0.0869
XOM,Manufacturing,2010,1.2531,85.64,12.62,0.1022
XOM,Manufacturing,2011,1.2635,85.46,12.71,0.1103
XOM,Manufacturing,2012,1.202,82.23,12.718,0.0698
XOM,Manufacturing,2013,1.3304,80.42,12.757,0.1305
XOM,Manufacturing,2014,1.1946,74.72,12.764,0.167
XOM,Manufacturing,2015,1.0769,83.54,12.727,0.2265
XOM,Manufacturing,2016,1.2629,83.54,12.708,0.2556
XOM,Manufacturing,2017,1.1382,77.15,12.762,0.2256
XOM,Manufacturing,2018,0.9437,75.02,12.755,0.1971
XOM,Manufacturing,2019,0.9603,78.11,12.801,0.2753
XOM,Manufacturing,2020,0.7436,83.08,12.715,0.4641
XOM,Manufacturing,2021,0.9218,72.96,12.734,0.3146
XOM,Manufacturing,2022,1.3471,69.57,12.819,0.2405
XOM,Manufacturing,2023,1.1818,69.57,12.838,0.233
XYL,Manufacturing,2011,1.3543,47.83,8.388,0.6601
XYL,Manufacturing,2012,1.3328,48.67,8.451,0.581
XYL,Manufacturing,2013,1.5577,47.72,8.496,0.5538
XYL,Manufacturing,2014,1.6916,61.19,8.49,0.6055
XYL,Manufacturing,2015,1.6716,65.82,8.446,0.6113
XYL,Manufacturing,2016,1.7378,70.32,8.776,1.0813
XYL,Manufacturing,2017,2.1088,76.71,8.833,0.8789
XYL,Manufacturing,2018,1.9797,76.71,8.885,0.8338
XYL,Manufacturing,2019,2.1732,76.9,8.95,0.8664
XYL,Manufacturing,2020,2.4824,81.9,9.077,1.1331
XYL,Manufacturing,2021,2.9464,83.18,9.021,0.8552
XYL,Manufacturing,2022,2.7828,83.03,8.981,0.6291
XYL,Manufacturing,2023,1.8833,83.03,9.687,0.2681
YUM,Accommodation and Food Services,2005,2.6137,31.66,8.648,1.2836
YUM,Accommodation and Food Services,2006,2.8103,19.64,8.757,1.5811
YUM,Accommodation and Food Services,2007,3.0805,66.81,8.888,2.82
YUM,Accommodation and Food Services,2009,2.7514,78.42,8.875,3.1863
YUM,Accommodation and Food Services,2010,3.1977,74.79,9.026,2.2766
YUM,Accommodation and Food Services,2011,3.4482,60.18,9.086,1.8195
YUM,Accommodation and Food Services,2012,3.6498,65.56,9.106,1.3658
YUM,Accommodation and Food Services,2013,4.196,64.36,9.071,1.38
YUM,Accommodation and Food Services,2014,4.1894,61.37,9.029,2.1616
YUM,Accommodation and Food Services,2015,4.292,64.93,8.997,4.3655
